date,min_distance,closest_date,comparison,generator,synth_type
1998-06-01,143.7904288876409,2012-06-06,Train vs Train,Baseline,Baseline
1998-06-02,131.19384086917523,2003-06-03,Train vs Train,Baseline,Baseline
1998-06-03,176.19117389692093,1999-06-16,Train vs Train,Baseline,Baseline
1998-06-04,139.97028808253177,2000-06-05,Train vs Train,Baseline,Baseline
1998-06-05,125.44783345047892,1999-06-13,Train vs Train,Baseline,Baseline
1998-06-06,96.52776615556503,2009-06-04,Train vs Train,Baseline,Baseline
1998-06-07,88.45999248696954,2005-06-02,Train vs Train,Baseline,Baseline
1998-06-08,157.59673658033753,2019-06-14,Train vs Train,Baseline,Baseline
1998-06-09,124.03238458773149,2001-06-07,Train vs Train,Baseline,Baseline
1998-06-10,124.25617266146628,2016-06-08,Train vs Train,Baseline,Baseline
1998-06-11,172.68770006083466,2013-06-12,Train vs Train,Baseline,Baseline
1998-06-12,170.71242628549527,2010-06-02,Train vs Train,Baseline,Baseline
1998-06-13,129.3301078729579,2008-06-10,Train vs Train,Baseline,Baseline
1998-06-14,214.56733543569885,2011-06-21,Train vs Train,Baseline,Baseline
1998-06-15,127.80449003579218,2005-06-14,Train vs Train,Baseline,Baseline
1998-06-16,128.32899763546376,2019-06-20,Train vs Train,Baseline,Baseline
1998-06-17,128.52525956362774,2006-06-16,Train vs Train,Baseline,Baseline
1998-06-18,154.01333414270394,2011-06-14,Train vs Train,Baseline,Baseline
1998-06-19,120.96875934937972,2014-06-11,Train vs Train,Baseline,Baseline
1998-06-20,116.148086825261,2002-06-03,Train vs Train,Baseline,Baseline
1998-06-21,231.97894828116227,2007-06-15,Train vs Train,Baseline,Baseline
1999-06-01,201.79654942908863,2000-06-04,Train vs Train,Baseline,Baseline
1999-06-02,112.27000667746742,2003-06-05,Train vs Train,Baseline,Baseline
1999-06-03,150.75356079067728,2012-06-13,Train vs Train,Baseline,Baseline
1999-06-04,84.1484990043343,2017-06-10,Train vs Train,Baseline,Baseline
1999-06-05,89.18956521304419,2017-06-13,Train vs Train,Baseline,Baseline
1999-06-06,122.62291233884586,2000-06-01,Train vs Train,Baseline,Baseline
1999-06-07,123.04951069996443,2016-06-16,Train vs Train,Baseline,Baseline
1999-06-08,78.99699496398314,2010-06-20,Train vs Train,Baseline,Baseline
1999-06-09,130.8802475210326,2004-06-09,Train vs Train,Baseline,Baseline
1999-06-10,205.21055954569886,2019-06-02,Train vs Train,Baseline,Baseline
1999-06-11,130.82517283401685,2007-06-09,Train vs Train,Baseline,Baseline
1999-06-12,141.805715076766,2009-06-12,Train vs Train,Baseline,Baseline
1999-06-13,106.37019257201699,2013-06-06,Train vs Train,Baseline,Baseline
1999-06-14,121.04360039163997,1999-06-17,Train vs Train,Baseline,Baseline
1999-06-15,94.9941739121655,2003-06-01,Train vs Train,Baseline,Baseline
1999-06-16,139.84561927515227,2012-06-11,Train vs Train,Baseline,Baseline
1999-06-17,98.69112112434732,2014-06-08,Train vs Train,Baseline,Baseline
1999-06-18,103.41703396753161,2005-06-19,Train vs Train,Baseline,Baseline
1999-06-19,146.84717098294612,2020-06-08,Train vs Train,Baseline,Baseline
1999-06-20,105.06345895202944,2015-06-01,Train vs Train,Baseline,Baseline
1999-06-21,96.17663735140259,2010-06-04,Train vs Train,Baseline,Baseline
2000-06-01,112.60369728417824,2010-06-12,Train vs Train,Baseline,Baseline
2000-06-02,145.92162524226256,2010-06-06,Train vs Train,Baseline,Baseline
2000-06-03,107.18092593121129,2007-06-16,Train vs Train,Baseline,Baseline
2000-06-04,124.78252057486684,2009-06-11,Train vs Train,Baseline,Baseline
2000-06-05,129.38394325729897,1999-06-14,Train vs Train,Baseline,Baseline
2000-06-06,86.37341428158624,2008-06-14,Train vs Train,Baseline,Baseline
2000-06-07,76.26220156702281,2010-06-21,Train vs Train,Baseline,Baseline
2000-06-08,85.76387913418922,2020-06-14,Train vs Train,Baseline,Baseline
2000-06-09,87.52599524071263,2001-06-12,Train vs Train,Baseline,Baseline
2000-06-10,114.55234919700362,2018-06-15,Train vs Train,Baseline,Baseline
2000-06-11,119.97727079169964,2020-06-03,Train vs Train,Baseline,Baseline
2000-06-12,130.52479210397576,2004-06-12,Train vs Train,Baseline,Baseline
2000-06-13,137.6098536881145,2001-06-18,Train vs Train,Baseline,Baseline
2000-06-14,180.56818574909937,2018-06-20,Train vs Train,Baseline,Baseline
2000-06-15,113.69194269467674,2003-06-09,Train vs Train,Baseline,Baseline
2000-06-16,158.7176363270208,2012-06-11,Train vs Train,Baseline,Baseline
2000-06-17,148.781103627439,2004-06-19,Train vs Train,Baseline,Baseline
2000-06-18,100.38776082285688,2002-06-06,Train vs Train,Baseline,Baseline
2000-06-19,103.29356184120154,2013-06-08,Train vs Train,Baseline,Baseline
2000-06-20,119.47516347884456,2009-06-06,Train vs Train,Baseline,Baseline
2000-06-21,225.97429040344707,2007-06-19,Train vs Train,Baseline,Baseline
2001-06-01,129.39431686995485,2002-06-17,Train vs Train,Baseline,Baseline
2001-06-02,113.7168271120584,2013-06-13,Train vs Train,Baseline,Baseline
2001-06-03,184.19505837801205,1999-06-20,Train vs Train,Baseline,Baseline
2001-06-04,120.22633210237748,2010-06-21,Train vs Train,Baseline,Baseline
2001-06-05,133.90925974687775,2001-06-19,Train vs Train,Baseline,Baseline
2001-06-06,100.50954107326586,2016-06-17,Train vs Train,Baseline,Baseline
2001-06-07,86.15979812940165,2003-06-17,Train vs Train,Baseline,Baseline
2001-06-12,87.52599524071263,2000-06-09,Train vs Train,Baseline,Baseline
2001-06-13,135.44093231957598,2008-06-07,Train vs Train,Baseline,Baseline
2001-06-14,222.99709400870432,2010-06-02,Train vs Train,Baseline,Baseline
2001-06-15,130.558905952568,2007-06-05,Train vs Train,Baseline,Baseline
2001-06-16,87.9926461554498,2006-06-20,Train vs Train,Baseline,Baseline
2001-06-17,164.01596171848635,2004-06-10,Train vs Train,Baseline,Baseline
2001-06-18,90.4504869993139,2002-06-11,Train vs Train,Baseline,Baseline
2001-06-19,93.6492599025237,2018-06-11,Train vs Train,Baseline,Baseline
2001-06-20,140.72263157275532,2016-06-07,Train vs Train,Baseline,Baseline
2001-06-21,178.09296825152356,1999-06-16,Train vs Train,Baseline,Baseline
2002-06-01,91.80337825099262,2011-06-05,Train vs Train,Baseline,Baseline
2002-06-02,95.68079522768579,2010-06-18,Train vs Train,Baseline,Baseline
2002-06-03,113.15801077009625,2010-06-18,Train vs Train,Baseline,Baseline
2002-06-04,216.81237173066222,2010-06-02,Train vs Train,Baseline,Baseline
2002-06-05,126.14080456016995,2017-06-05,Train vs Train,Baseline,Baseline
2002-06-06,88.81582918253768,2013-06-07,Train vs Train,Baseline,Baseline
2002-06-07,70.00330714968837,2010-06-04,Train vs Train,Baseline,Baseline
2002-06-08,74.46121104793917,2015-06-03,Train vs Train,Baseline,Baseline
2002-06-09,94.72718972145647,2018-06-17,Train vs Train,Baseline,Baseline
2002-06-10,96.96386374003714,2001-06-12,Train vs Train,Baseline,Baseline
2002-06-11,90.4504869993139,2001-06-18,Train vs Train,Baseline,Baseline
2002-06-12,199.1249381707205,2017-06-17,Train vs Train,Baseline,Baseline
2002-06-13,197.7940737882971,2006-06-07,Train vs Train,Baseline,Baseline
2002-06-14,120.3658638665609,2013-06-06,Train vs Train,Baseline,Baseline
2002-06-15,112.47519412486524,2003-06-09,Train vs Train,Baseline,Baseline
2002-06-16,186.67054449757927,2000-06-18,Train vs Train,Baseline,Baseline
2002-06-17,110.13511312413645,2002-06-01,Train vs Train,Baseline,Baseline
2002-06-18,140.22891039120447,2002-06-08,Train vs Train,Baseline,Baseline
2002-06-19,87.64033834715904,2017-06-10,Train vs Train,Baseline,Baseline
2002-06-20,88.99750874850612,2015-06-04,Train vs Train,Baseline,Baseline
2002-06-21,77.9414589532036,2007-06-12,Train vs Train,Baseline,Baseline
2003-06-01,89.00144576310633,2003-06-20,Train vs Train,Baseline,Baseline
2003-06-02,166.64522620346511,1999-06-16,Train vs Train,Baseline,Baseline
2003-06-03,122.75329191908872,2019-06-17,Train vs Train,Baseline,Baseline
2003-06-04,94.8141717825447,2006-06-13,Train vs Train,Baseline,Baseline
2003-06-05,83.1049353731787,2007-06-16,Train vs Train,Baseline,Baseline
2003-06-06,134.01720493407757,2002-06-14,Train vs Train,Baseline,Baseline
2003-06-07,128.64273560177597,2007-06-03,Train vs Train,Baseline,Baseline
2003-06-08,114.80012246196019,2005-06-14,Train vs Train,Baseline,Baseline
2003-06-09,112.47519412486524,2002-06-15,Train vs Train,Baseline,Baseline
2003-06-10,113.09403540254533,2020-06-03,Train vs Train,Baseline,Baseline
2003-06-11,121.52839348558624,2016-06-03,Train vs Train,Baseline,Baseline
2003-06-12,160.51102611015108,2003-06-19,Train vs Train,Baseline,Baseline
2003-06-13,89.93938990102345,2017-06-05,Train vs Train,Baseline,Baseline
2003-06-14,141.74065137740956,2016-06-01,Train vs Train,Baseline,Baseline
2003-06-15,105.90048535200265,2019-06-17,Train vs Train,Baseline,Baseline
2003-06-16,88.10281730300935,2017-06-04,Train vs Train,Baseline,Baseline
2003-06-17,86.15979812940165,2001-06-07,Train vs Train,Baseline,Baseline
2003-06-18,98.06179548095976,2006-06-07,Train vs Train,Baseline,Baseline
2003-06-19,120.95642954716165,2019-06-01,Train vs Train,Baseline,Baseline
2003-06-20,89.00144576310633,2003-06-01,Train vs Train,Baseline,Baseline
2003-06-21,117.35363856683752,2010-06-04,Train vs Train,Baseline,Baseline
2004-06-01,164.1955638992622,2019-06-02,Train vs Train,Baseline,Baseline
2004-06-02,152.2057245672712,2017-06-07,Train vs Train,Baseline,Baseline
2004-06-03,102.7902980369874,2017-06-07,Train vs Train,Baseline,Baseline
2004-06-04,111.02562216857318,2019-06-18,Train vs Train,Baseline,Baseline
2004-06-05,129.92531522548884,2010-06-10,Train vs Train,Baseline,Baseline
2004-06-06,113.69128364052557,2007-06-21,Train vs Train,Baseline,Baseline
2004-06-07,88.06010672888273,2002-06-08,Train vs Train,Baseline,Baseline
2004-06-08,103.37833542742327,2012-06-20,Train vs Train,Baseline,Baseline
2004-06-09,89.93896922128035,2016-06-10,Train vs Train,Baseline,Baseline
2004-06-10,90.4274608240464,2018-06-10,Train vs Train,Baseline,Baseline
2004-06-11,114.90045662809383,2005-06-08,Train vs Train,Baseline,Baseline
2004-06-12,96.93078674289181,2004-06-10,Train vs Train,Baseline,Baseline
2004-06-13,176.65473452828147,2009-06-16,Train vs Train,Baseline,Baseline
2004-06-14,85.38011021186182,2018-06-19,Train vs Train,Baseline,Baseline
2004-06-15,168.65625282903258,2018-06-07,Train vs Train,Baseline,Baseline
2004-06-16,104.70129379689729,2016-06-20,Train vs Train,Baseline,Baseline
2004-06-17,142.9467970307612,2005-06-21,Train vs Train,Baseline,Baseline
2004-06-18,170.00596489385524,2019-06-16,Train vs Train,Baseline,Baseline
2004-06-19,125.09558131242491,2003-06-16,Train vs Train,Baseline,Baseline
2004-06-20,131.80569402353962,2006-06-08,Train vs Train,Baseline,Baseline
2004-06-21,154.94594842072297,2015-06-15,Train vs Train,Baseline,Baseline
2005-06-01,97.21432083344291,2002-06-06,Train vs Train,Baseline,Baseline
2005-06-02,80.3383343922428,2005-06-19,Train vs Train,Baseline,Baseline
2005-06-03,165.1339682010935,2007-06-12,Train vs Train,Baseline,Baseline
2005-06-04,157.67457141412788,2012-06-17,Train vs Train,Baseline,Baseline
2005-06-05,156.99688530391725,2019-06-02,Train vs Train,Baseline,Baseline
2005-06-06,101.22746822710145,2015-06-06,Train vs Train,Baseline,Baseline
2005-06-07,110.70151718917131,2000-06-08,Train vs Train,Baseline,Baseline
2005-06-08,101.28157312092581,2011-06-03,Train vs Train,Baseline,Baseline
2005-06-09,190.43376506846863,2004-06-13,Train vs Train,Baseline,Baseline
2005-06-10,193.20018450203062,2020-06-04,Train vs Train,Baseline,Baseline
2005-06-13,186.53877166231615,2003-06-19,Train vs Train,Baseline,Baseline
2005-06-14,103.20702152302465,2007-06-04,Train vs Train,Baseline,Baseline
2005-06-15,111.64652529403362,2007-06-05,Train vs Train,Baseline,Baseline
2005-06-16,138.76801874113494,2012-06-08,Train vs Train,Baseline,Baseline
2005-06-17,160.4439709654011,2007-06-14,Train vs Train,Baseline,Baseline
2005-06-18,93.5910033654866,2005-06-02,Train vs Train,Baseline,Baseline
2005-06-19,80.3383343922428,2005-06-02,Train vs Train,Baseline,Baseline
2005-06-20,86.9669979066928,2015-06-17,Train vs Train,Baseline,Baseline
2005-06-21,100.98008354640197,2019-06-18,Train vs Train,Baseline,Baseline
2006-06-01,143.84992539626282,1999-06-16,Train vs Train,Baseline,Baseline
2006-06-02,89.9553126425021,2002-06-06,Train vs Train,Baseline,Baseline
2006-06-03,92.51792629496751,2017-06-20,Train vs Train,Baseline,Baseline
2006-06-04,83.02436901400576,2015-06-06,Train vs Train,Baseline,Baseline
2006-06-05,115.55903180449356,2005-06-19,Train vs Train,Baseline,Baseline
2006-06-06,159.6571487639809,2006-06-07,Train vs Train,Baseline,Baseline
2006-06-07,91.02382258691834,2001-06-07,Train vs Train,Baseline,Baseline
2006-06-08,79.85038754820306,2015-06-01,Train vs Train,Baseline,Baseline
2006-06-09,80.37316010073476,2010-06-04,Train vs Train,Baseline,Baseline
2006-06-10,91.99591450074934,2020-06-12,Train vs Train,Baseline,Baseline
2006-06-11,144.7152029989451,2001-06-20,Train vs Train,Baseline,Baseline
2006-06-12,173.3624852149146,2004-06-19,Train vs Train,Baseline,Baseline
2006-06-13,91.28178633445565,2003-06-16,Train vs Train,Baseline,Baseline
2006-06-14,76.54584366373327,2017-06-09,Train vs Train,Baseline,Baseline
2006-06-15,88.80131059214658,2002-06-08,Train vs Train,Baseline,Baseline
2006-06-16,90.58692760814546,2020-06-18,Train vs Train,Baseline,Baseline
2006-06-17,154.00948140824084,2009-06-02,Train vs Train,Baseline,Baseline
2006-06-18,140.59596591403795,2015-06-08,Train vs Train,Baseline,Baseline
2006-06-19,140.0115054349342,2013-06-03,Train vs Train,Baseline,Baseline
2006-06-20,87.9926461554498,2001-06-16,Train vs Train,Baseline,Baseline
2006-06-21,100.77178953553037,2017-06-17,Train vs Train,Baseline,Baseline
2007-06-01,195.31822768695568,2017-06-02,Train vs Train,Baseline,Baseline
2007-06-02,113.81679899987704,2009-06-11,Train vs Train,Baseline,Baseline
2007-06-03,105.79752715496598,2007-06-04,Train vs Train,Baseline,Baseline
2007-06-04,103.20702152302465,2005-06-14,Train vs Train,Baseline,Baseline
2007-06-05,109.07830347574092,2015-06-19,Train vs Train,Baseline,Baseline
2007-06-06,120.6701776367274,2017-06-10,Train vs Train,Baseline,Baseline
2007-06-07,156.21533330790677,2000-06-20,Train vs Train,Baseline,Baseline
2007-06-08,172.68254714217392,2013-06-02,Train vs Train,Baseline,Baseline
2007-06-09,95.11955706298116,2019-06-18,Train vs Train,Baseline,Baseline
2007-06-10,130.5239717907677,2018-06-05,Train vs Train,Baseline,Baseline
2007-06-11,95.28533133131899,2015-06-17,Train vs Train,Baseline,Baseline
2007-06-12,77.9414589532036,2002-06-21,Train vs Train,Baseline,Baseline
2007-06-13,127.14400322394185,2005-06-18,Train vs Train,Baseline,Baseline
2007-06-14,141.42175270146745,2003-06-16,Train vs Train,Baseline,Baseline
2007-06-15,110.27352108296992,2015-06-01,Train vs Train,Baseline,Baseline
2007-06-16,83.1049353731787,2003-06-05,Train vs Train,Baseline,Baseline
2007-06-17,93.52179721634838,2019-06-03,Train vs Train,Baseline,Baseline
2007-06-18,89.28805454163634,2015-06-03,Train vs Train,Baseline,Baseline
2007-06-19,90.37369404244403,2015-06-01,Train vs Train,Baseline,Baseline
2007-06-20,167.48990490556733,2015-06-01,Train vs Train,Baseline,Baseline
2007-06-21,87.77593808098698,2018-06-08,Train vs Train,Baseline,Baseline
2008-06-01,151.2737584902952,2017-06-08,Train vs Train,Baseline,Baseline
2008-06-02,114.80977726663818,2013-06-08,Train vs Train,Baseline,Baseline
2008-06-03,115.78249486124483,2004-06-11,Train vs Train,Baseline,Baseline
2008-06-04,161.91948530286288,2010-06-17,Train vs Train,Baseline,Baseline
2008-06-05,135.55411816856076,2011-06-20,Train vs Train,Baseline,Baseline
2008-06-06,178.0763797784264,2019-06-05,Train vs Train,Baseline,Baseline
2008-06-07,109.1232978454071,2012-06-20,Train vs Train,Baseline,Baseline
2008-06-08,113.81053740509343,2008-06-07,Train vs Train,Baseline,Baseline
2008-06-09,194.46555766972787,2005-06-15,Train vs Train,Baseline,Baseline
2008-06-10,101.9566928213949,2016-06-15,Train vs Train,Baseline,Baseline
2008-06-11,128.30232135548718,2002-06-10,Train vs Train,Baseline,Baseline
2008-06-12,114.66672919371308,2014-06-18,Train vs Train,Baseline,Baseline
2008-06-13,143.80883524225274,2010-06-06,Train vs Train,Baseline,Baseline
2008-06-14,84.15644092117589,2019-06-03,Train vs Train,Baseline,Baseline
2008-06-15,104.192914470494,2017-06-09,Train vs Train,Baseline,Baseline
2008-06-16,191.51078541111485,2007-06-15,Train vs Train,Baseline,Baseline
2008-06-17,126.37910256163522,2007-06-16,Train vs Train,Baseline,Baseline
2008-06-18,154.16159191897458,2017-06-08,Train vs Train,Baseline,Baseline
2008-06-19,147.24982970647028,2019-06-03,Train vs Train,Baseline,Baseline
2008-06-20,88.32554738094701,2017-06-05,Train vs Train,Baseline,Baseline
2008-06-21,100.92574844450647,2009-06-11,Train vs Train,Baseline,Baseline
2009-06-01,90.70243613203891,2018-06-10,Train vs Train,Baseline,Baseline
2009-06-02,119.83453930362118,2018-06-05,Train vs Train,Baseline,Baseline
2009-06-03,149.88785757605993,2000-06-05,Train vs Train,Baseline,Baseline
2009-06-04,96.52776615556503,1998-06-06,Train vs Train,Baseline,Baseline
2009-06-05,82.54342152653695,2010-06-04,Train vs Train,Baseline,Baseline
2009-06-06,119.47516347884456,2000-06-20,Train vs Train,Baseline,Baseline
2009-06-07,132.70362647154835,2011-06-06,Train vs Train,Baseline,Baseline
2009-06-08,145.15866811441438,2012-06-21,Train vs Train,Baseline,Baseline
2009-06-09,116.90541353421605,2011-06-01,Train vs Train,Baseline,Baseline
2009-06-10,132.3936595589951,2008-06-21,Train vs Train,Baseline,Baseline
2009-06-11,100.92574844450647,2008-06-21,Train vs Train,Baseline,Baseline
2009-06-12,135.96581702312798,2017-06-08,Train vs Train,Baseline,Baseline
2009-06-13,93.29300245519177,2017-06-04,Train vs Train,Baseline,Baseline
2009-06-14,130.83587087465992,1999-06-15,Train vs Train,Baseline,Baseline
2009-06-15,129.2907450101078,2016-06-21,Train vs Train,Baseline,Baseline
2009-06-16,127.74526543843226,2015-06-05,Train vs Train,Baseline,Baseline
2009-06-17,98.10053649148593,2006-06-20,Train vs Train,Baseline,Baseline
2009-06-18,91.4616592674116,2011-06-06,Train vs Train,Baseline,Baseline
2009-06-19,101.7454794237733,2013-06-12,Train vs Train,Baseline,Baseline
2009-06-20,144.67303241864207,2016-06-15,Train vs Train,Baseline,Baseline
2009-06-21,97.74627268689575,2010-06-18,Train vs Train,Baseline,Baseline
2010-06-01,81.93092324317767,2016-06-08,Train vs Train,Baseline,Baseline
2010-06-02,113.46568614067765,2003-06-10,Train vs Train,Baseline,Baseline
2010-06-03,133.5795543122368,2019-06-08,Train vs Train,Baseline,Baseline
2010-06-04,70.00330714968837,2002-06-07,Train vs Train,Baseline,Baseline
2010-06-05,81.25292824410431,2020-06-14,Train vs Train,Baseline,Baseline
2010-06-06,136.42287127454406,2012-06-05,Train vs Train,Baseline,Baseline
2010-06-07,140.31217099472153,2007-06-19,Train vs Train,Baseline,Baseline
2010-06-08,94.92305579761569,2011-06-13,Train vs Train,Baseline,Baseline
2010-06-09,176.9487415951161,2015-06-17,Train vs Train,Baseline,Baseline
2010-06-10,77.45878781988753,2017-06-09,Train vs Train,Baseline,Baseline
2010-06-11,105.38848018918853,2020-06-18,Train vs Train,Baseline,Baseline
2010-06-12,84.82138097577916,2018-06-18,Train vs Train,Baseline,Baseline
2010-06-13,142.25999173774363,2016-06-20,Train vs Train,Baseline,Baseline
2010-06-14,170.51717857333242,2012-06-07,Train vs Train,Baseline,Baseline
2010-06-15,140.41251872779986,2019-06-01,Train vs Train,Baseline,Baseline
2010-06-16,97.98603157732772,2010-06-04,Train vs Train,Baseline,Baseline
2010-06-17,96.90718439559375,2018-06-14,Train vs Train,Baseline,Baseline
2010-06-18,95.68079522768579,2002-06-02,Train vs Train,Baseline,Baseline
2010-06-19,78.39795764517912,2010-06-20,Train vs Train,Baseline,Baseline
2010-06-20,78.39795764517912,2010-06-19,Train vs Train,Baseline,Baseline
2010-06-21,76.26220156702281,2000-06-07,Train vs Train,Baseline,Baseline
2011-06-01,90.98605439780307,2015-06-02,Train vs Train,Baseline,Baseline
2011-06-02,95.86047616490501,1999-06-04,Train vs Train,Baseline,Baseline
2011-06-03,93.36864955908412,2011-06-07,Train vs Train,Baseline,Baseline
2011-06-04,104.88563466879573,2020-06-12,Train vs Train,Baseline,Baseline
2011-06-05,91.80337825099262,2002-06-01,Train vs Train,Baseline,Baseline
2011-06-06,91.4616592674116,2009-06-18,Train vs Train,Baseline,Baseline
2011-06-07,82.99598990551787,2013-06-21,Train vs Train,Baseline,Baseline
2011-06-08,85.59158347495763,2017-06-11,Train vs Train,Baseline,Baseline
2011-06-09,138.18650665513016,2013-06-21,Train vs Train,Baseline,Baseline
2011-06-10,191.4122102603007,2014-06-04,Train vs Train,Baseline,Baseline
2011-06-11,114.73572170654352,2014-06-08,Train vs Train,Baseline,Baseline
2011-06-12,204.19664749260664,2003-06-05,Train vs Train,Baseline,Baseline
2011-06-13,94.92305579761569,2010-06-08,Train vs Train,Baseline,Baseline
2011-06-14,154.01333414270394,1998-06-18,Train vs Train,Baseline,Baseline
2011-06-15,123.0089474866896,2003-06-15,Train vs Train,Baseline,Baseline
2011-06-18,157.03034949617845,2013-06-13,Train vs Train,Baseline,Baseline
2011-06-19,163.5782408097641,2011-06-01,Train vs Train,Baseline,Baseline
2011-06-20,135.55411816856076,2008-06-05,Train vs Train,Baseline,Baseline
2011-06-21,191.92823075371203,2003-06-08,Train vs Train,Baseline,Baseline
2012-06-01,96.23398189045655,2014-06-13,Train vs Train,Baseline,Baseline
2012-06-02,104.71023094712591,2005-06-20,Train vs Train,Baseline,Baseline
2012-06-03,132.28802564896992,2018-06-04,Train vs Train,Baseline,Baseline
2012-06-04,134.61843905598454,2005-06-20,Train vs Train,Baseline,Baseline
2012-06-05,109.65009596742392,2001-06-07,Train vs Train,Baseline,Baseline
2012-06-06,113.69746193194712,1999-06-15,Train vs Train,Baseline,Baseline
2012-06-07,115.09298621105677,2015-06-17,Train vs Train,Baseline,Baseline
2012-06-08,100.52890485891322,2019-06-03,Train vs Train,Baseline,Baseline
2012-06-09,85.32957371756659,2000-06-07,Train vs Train,Baseline,Baseline
2012-06-10,99.46259687962076,2020-06-18,Train vs Train,Baseline,Baseline
2012-06-11,139.84561927515227,1999-06-16,Train vs Train,Baseline,Baseline
2012-06-12,124.8652986908994,2003-06-01,Train vs Train,Baseline,Baseline
2012-06-13,77.72642910630697,2015-06-02,Train vs Train,Baseline,Baseline
2012-06-14,91.53412641464158,2015-06-03,Train vs Train,Baseline,Baseline
2012-06-15,229.60921156793492,2012-06-08,Train vs Train,Baseline,Baseline
2012-06-16,122.23246700689259,2015-06-05,Train vs Train,Baseline,Baseline
2012-06-17,101.38988717934377,2015-06-20,Train vs Train,Baseline,Baseline
2012-06-18,93.35580019327574,2002-06-19,Train vs Train,Baseline,Baseline
2012-06-19,93.50930171384681,2001-06-12,Train vs Train,Baseline,Baseline
2012-06-20,100.6630463244157,2017-06-11,Train vs Train,Baseline,Baseline
2012-06-21,145.15866811441438,2009-06-08,Train vs Train,Baseline,Baseline
2013-06-01,123.79448877241374,2002-06-14,Train vs Train,Baseline,Baseline
2013-06-02,115.1275843298213,2016-06-05,Train vs Train,Baseline,Baseline
2013-06-03,80.2902756313517,2018-06-01,Train vs Train,Baseline,Baseline
2013-06-04,177.88185226332942,2020-06-04,Train vs Train,Baseline,Baseline
2013-06-05,184.93339674336707,2008-06-21,Train vs Train,Baseline,Baseline
2013-06-06,106.37019257201699,1999-06-13,Train vs Train,Baseline,Baseline
2013-06-07,88.81582918253768,2002-06-06,Train vs Train,Baseline,Baseline
2013-06-08,88.64120978432047,2012-06-09,Train vs Train,Baseline,Baseline
2013-06-09,141.95700799296583,2007-06-02,Train vs Train,Baseline,Baseline
2013-06-10,110.3663610708986,2011-06-05,Train vs Train,Baseline,Baseline
2013-06-11,100.23662093566776,2001-06-16,Train vs Train,Baseline,Baseline
2013-06-12,101.7454794237733,2009-06-19,Train vs Train,Baseline,Baseline
2013-06-13,113.7168271120584,2001-06-02,Train vs Train,Baseline,Baseline
2013-06-14,90.60724127037084,2010-06-04,Train vs Train,Baseline,Baseline
2013-06-15,108.83547061604484,2015-06-06,Train vs Train,Baseline,Baseline
2013-06-16,117.14948893851269,2016-06-20,Train vs Train,Baseline,Baseline
2013-06-17,134.22486526826626,2009-06-11,Train vs Train,Baseline,Baseline
2013-06-18,94.7285013837636,2016-06-03,Train vs Train,Baseline,Baseline
2013-06-19,87.05383439765627,2005-06-02,Train vs Train,Baseline,Baseline
2013-06-20,85.70379173413194,2002-06-08,Train vs Train,Baseline,Baseline
2013-06-21,82.99598990551787,2011-06-07,Train vs Train,Baseline,Baseline
2014-06-01,87.16004359213649,2010-06-10,Train vs Train,Baseline,Baseline
2014-06-02,155.36750578234464,2009-06-02,Train vs Train,Baseline,Baseline
2014-06-03,102.58883632708444,2014-06-01,Train vs Train,Baseline,Baseline
2014-06-04,123.23124427264528,2003-06-10,Train vs Train,Baseline,Baseline
2014-06-05,145.8718197603456,1999-06-20,Train vs Train,Baseline,Baseline
2014-06-06,160.13024936312618,2000-06-03,Train vs Train,Baseline,Baseline
2014-06-07,190.96359567897497,2004-06-18,Train vs Train,Baseline,Baseline
2014-06-08,98.69112112434732,1999-06-17,Train vs Train,Baseline,Baseline
2014-06-09,183.54186109673466,2020-06-09,Train vs Train,Baseline,Baseline
2014-06-10,117.70427433172289,1999-06-13,Train vs Train,Baseline,Baseline
2014-06-11,97.53144102598186,2019-06-11,Train vs Train,Baseline,Baseline
2014-06-12,174.8718834414484,1999-06-16,Train vs Train,Baseline,Baseline
2014-06-13,95.50115739991895,2003-06-01,Train vs Train,Baseline,Baseline
2014-06-14,88.22723074383946,2014-06-16,Train vs Train,Baseline,Baseline
2014-06-15,186.1566892834264,2001-06-20,Train vs Train,Baseline,Baseline
2014-06-16,87.70368791186252,2013-06-20,Train vs Train,Baseline,Baseline
2014-06-17,111.87571391615772,2017-06-11,Train vs Train,Baseline,Baseline
2014-06-18,84.72569306094618,2011-06-07,Train vs Train,Baseline,Baseline
2014-06-19,119.8270650805717,2020-06-02,Train vs Train,Baseline,Baseline
2014-06-20,117.69808189049806,2015-06-06,Train vs Train,Baseline,Baseline
2014-06-21,82.12738568794892,2020-06-13,Train vs Train,Baseline,Baseline
2015-06-01,79.85038754820306,2006-06-08,Train vs Train,Baseline,Baseline
2015-06-02,77.72642910630697,2012-06-13,Train vs Train,Baseline,Baseline
2015-06-03,74.46121104793917,2002-06-08,Train vs Train,Baseline,Baseline
2015-06-04,79.00083424313928,2020-06-16,Train vs Train,Baseline,Baseline
2015-06-05,103.73823451100358,2018-06-05,Train vs Train,Baseline,Baseline
2015-06-06,76.23448683868493,2010-06-04,Train vs Train,Baseline,Baseline
2015-06-07,92.15119898398041,2011-06-05,Train vs Train,Baseline,Baseline
2015-06-08,140.59596591403795,2006-06-18,Train vs Train,Baseline,Baseline
2015-06-09,94.13199026907523,2006-06-03,Train vs Train,Baseline,Baseline
2015-06-10,88.66751485790405,2018-06-14,Train vs Train,Baseline,Baseline
2015-06-11,99.17467557263925,2004-06-10,Train vs Train,Baseline,Baseline
2015-06-12,173.1726072644806,2009-06-11,Train vs Train,Baseline,Baseline
2015-06-13,120.48449054039385,2019-06-11,Train vs Train,Baseline,Baseline
2015-06-14,86.2319898605718,2016-06-08,Train vs Train,Baseline,Baseline
2015-06-15,113.70974457678918,2019-06-01,Train vs Train,Baseline,Baseline
2015-06-16,108.07242257186675,2013-06-07,Train vs Train,Baseline,Baseline
2015-06-17,86.9669979066928,2005-06-20,Train vs Train,Baseline,Baseline
2015-06-18,133.9189655339867,2013-06-06,Train vs Train,Baseline,Baseline
2015-06-19,96.41642952653758,2013-06-18,Train vs Train,Baseline,Baseline
2015-06-20,95.98177536929018,2018-06-14,Train vs Train,Baseline,Baseline
2015-06-21,93.01816865867093,2001-06-16,Train vs Train,Baseline,Baseline
2016-06-01,104.39824042026262,2017-06-04,Train vs Train,Baseline,Baseline
2016-06-02,107.04956761741961,2003-06-16,Train vs Train,Baseline,Baseline
2016-06-03,94.7285013837636,2013-06-18,Train vs Train,Baseline,Baseline
2016-06-04,133.4056248014333,2019-06-12,Train vs Train,Baseline,Baseline
2016-06-05,112.88856005262278,2013-06-06,Train vs Train,Baseline,Baseline
2016-06-06,103.59168495978244,2013-06-18,Train vs Train,Baseline,Baseline
2016-06-07,113.65591333224444,2017-06-19,Train vs Train,Baseline,Baseline
2016-06-08,81.93092324317767,2010-06-01,Train vs Train,Baseline,Baseline
2016-06-09,81.38596613423212,2010-06-05,Train vs Train,Baseline,Baseline
2016-06-10,81.0411379018139,2000-06-07,Train vs Train,Baseline,Baseline
2016-06-11,83.2630293524418,2015-06-06,Train vs Train,Baseline,Baseline
2016-06-12,103.5761842911027,2017-06-02,Train vs Train,Baseline,Baseline
2016-06-13,101.64859656386238,2005-06-20,Train vs Train,Baseline,Baseline
2016-06-14,142.8323633903378,1999-06-21,Train vs Train,Baseline,Baseline
2016-06-15,101.9566928213949,2008-06-10,Train vs Train,Baseline,Baseline
2016-06-16,123.04951069996443,1999-06-07,Train vs Train,Baseline,Baseline
2016-06-17,83.18851619219483,2018-06-06,Train vs Train,Baseline,Baseline
2016-06-18,182.38365662287072,2007-06-09,Train vs Train,Baseline,Baseline
2016-06-19,100.19107362597985,2018-06-01,Train vs Train,Baseline,Baseline
2016-06-20,87.07700929595889,2005-06-20,Train vs Train,Baseline,Baseline
2016-06-21,105.5037737495536,2014-06-21,Train vs Train,Baseline,Baseline
2017-06-01,132.56506552939206,2018-06-05,Train vs Train,Baseline,Baseline
2017-06-02,81.67143308337359,2018-06-06,Train vs Train,Baseline,Baseline
2017-06-03,162.46226471042706,2006-06-08,Train vs Train,Baseline,Baseline
2017-06-04,88.10281730300935,2003-06-16,Train vs Train,Baseline,Baseline
2017-06-05,82.65539584231428,2019-06-17,Train vs Train,Baseline,Baseline
2017-06-06,96.47778314027752,2008-06-20,Train vs Train,Baseline,Baseline
2017-06-07,90.2678124046707,2003-06-16,Train vs Train,Baseline,Baseline
2017-06-08,86.6388662732466,2017-06-19,Train vs Train,Baseline,Baseline
2017-06-09,76.54584366373327,2006-06-14,Train vs Train,Baseline,Baseline
2017-06-10,83.03884011213154,2013-06-21,Train vs Train,Baseline,Baseline
2017-06-11,85.59158347495763,2011-06-08,Train vs Train,Baseline,Baseline
2017-06-12,90.18681420619933,2014-06-18,Train vs Train,Baseline,Baseline
2017-06-13,87.80629482666797,2013-06-21,Train vs Train,Baseline,Baseline
2017-06-14,131.14378486981704,2005-06-08,Train vs Train,Baseline,Baseline
2017-06-15,114.79729167349542,2016-06-15,Train vs Train,Baseline,Baseline
2017-06-16,157.53329665906384,2000-06-07,Train vs Train,Baseline,Baseline
2017-06-17,97.55628189369136,2007-06-18,Train vs Train,Baseline,Baseline
2017-06-18,157.77879288418282,2000-06-02,Train vs Train,Baseline,Baseline
2017-06-19,85.11082563467583,2006-06-08,Train vs Train,Baseline,Baseline
2017-06-20,90.25019962481981,2015-06-06,Train vs Train,Baseline,Baseline
2017-06-21,84.36169233796113,2016-06-09,Train vs Train,Baseline,Baseline
2018-06-01,80.2902756313517,2013-06-03,Train vs Train,Baseline,Baseline
2018-06-02,160.39872748327886,2012-06-11,Train vs Train,Baseline,Baseline
2018-06-03,101.84196564581542,2013-06-07,Train vs Train,Baseline,Baseline
2018-06-04,103.88307635645076,2013-06-19,Train vs Train,Baseline,Baseline
2018-06-05,87.84760089792792,2018-06-06,Train vs Train,Baseline,Baseline
2018-06-06,81.67143308337359,2017-06-02,Train vs Train,Baseline,Baseline
2018-06-07,149.10984614337784,2012-06-16,Train vs Train,Baseline,Baseline
2018-06-08,87.77593808098698,2007-06-21,Train vs Train,Baseline,Baseline
2018-06-09,84.70746451363343,2020-06-02,Train vs Train,Baseline,Baseline
2018-06-10,79.59988349885194,2018-06-15,Train vs Train,Baseline,Baseline
2018-06-11,85.07398948970894,2018-06-10,Train vs Train,Baseline,Baseline
2018-06-12,152.28500989561002,2007-06-18,Train vs Train,Baseline,Baseline
2018-06-13,122.39969061560865,2015-06-01,Train vs Train,Baseline,Baseline
2018-06-14,82.69578286503203,2018-06-10,Train vs Train,Baseline,Baseline
2018-06-15,76.89020390502314,2018-06-16,Train vs Train,Baseline,Baseline
2018-06-16,76.89020390502314,2018-06-15,Train vs Train,Baseline,Baseline
2018-06-17,88.1038360976542,2002-06-08,Train vs Train,Baseline,Baseline
2018-06-18,73.67774859862458,2018-06-19,Train vs Train,Baseline,Baseline
2018-06-19,73.67774859862458,2018-06-18,Train vs Train,Baseline,Baseline
2018-06-20,149.73615199539248,2015-06-15,Train vs Train,Baseline,Baseline
2019-06-01,107.1265637839867,2015-06-09,Train vs Train,Baseline,Baseline
2019-06-02,115.13381605189889,2017-06-19,Train vs Train,Baseline,Baseline
2019-06-03,84.15644092117589,2008-06-14,Train vs Train,Baseline,Baseline
2019-06-04,149.32878806906808,2014-06-20,Train vs Train,Baseline,Baseline
2019-06-05,109.29065390883534,2019-06-01,Train vs Train,Baseline,Baseline
2019-06-06,135.1525405185474,2000-06-04,Train vs Train,Baseline,Baseline
2019-06-07,93.15726641412715,2008-06-20,Train vs Train,Baseline,Baseline
2019-06-08,96.70464860615344,2007-06-09,Train vs Train,Baseline,Baseline
2019-06-09,149.37564778995159,1999-06-16,Train vs Train,Baseline,Baseline
2019-06-10,119.59906535812554,2013-06-02,Train vs Train,Baseline,Baseline
2019-06-11,86.17794735764409,2017-06-09,Train vs Train,Baseline,Baseline
2019-06-12,133.4056248014333,2016-06-04,Train vs Train,Baseline,Baseline
2019-06-13,106.70397966100113,2014-06-13,Train vs Train,Baseline,Baseline
2019-06-14,106.49400618577994,2014-06-14,Train vs Train,Baseline,Baseline
2019-06-15,168.1028808682582,2015-06-14,Train vs Train,Baseline,Baseline
2019-06-16,154.4525111445281,2003-06-19,Train vs Train,Baseline,Baseline
2019-06-17,82.65539584231428,2017-06-05,Train vs Train,Baseline,Baseline
2019-06-18,93.47907021399375,2006-06-03,Train vs Train,Baseline,Baseline
2019-06-19,149.37290605920546,2009-06-11,Train vs Train,Baseline,Baseline
2019-06-20,121.89698409883829,2016-06-19,Train vs Train,Baseline,Baseline
2019-06-21,120.41938382979795,2008-06-07,Train vs Train,Baseline,Baseline
2020-06-01,78.71117665343522,2010-06-04,Train vs Train,Baseline,Baseline
2020-06-02,84.70746451363343,2018-06-09,Train vs Train,Baseline,Baseline
2020-06-03,85.02243399286952,2020-06-02,Train vs Train,Baseline,Baseline
2020-06-04,115.65356048400722,2020-06-03,Train vs Train,Baseline,Baseline
2020-06-05,135.26633139768168,2013-06-18,Train vs Train,Baseline,Baseline
2020-06-06,84.3669421267303,2016-06-11,Train vs Train,Baseline,Baseline
2020-06-07,79.45110315758104,2020-06-16,Train vs Train,Baseline,Baseline
2020-06-08,103.587176938088,2007-06-12,Train vs Train,Baseline,Baseline
2020-06-09,183.54186109673466,2014-06-09,Train vs Train,Baseline,Baseline
2020-06-10,303.30212366773304,1998-06-15,Train vs Train,Baseline,Baseline
2020-06-11,108.7377100920287,2014-06-11,Train vs Train,Baseline,Baseline
2020-06-12,91.99591450074934,2006-06-10,Train vs Train,Baseline,Baseline
2020-06-13,82.12738568794892,2014-06-21,Train vs Train,Baseline,Baseline
2020-06-14,81.25292824410431,2010-06-05,Train vs Train,Baseline,Baseline
2020-06-15,83.72003648797357,2020-06-14,Train vs Train,Baseline,Baseline
2020-06-16,79.00083424313928,2015-06-04,Train vs Train,Baseline,Baseline
2020-06-17,88.57980134754128,2015-06-03,Train vs Train,Baseline,Baseline
2020-06-18,89.46261150132449,2002-06-08,Train vs Train,Baseline,Baseline
2020-06-19,194.39994756667588,2011-06-18,Train vs Train,Baseline,Baseline
2020-06-20,121.92901276996255,2019-06-08,Train vs Train,Baseline,Baseline
2020-06-21,133.1442740518633,2013-06-19,Train vs Train,Baseline,Baseline
1998-06-01,170.15519606533803,1999-06-16,Train vs Synth,No Weather,Independent
1998-06-02,134.0275800370538,2017-06-13,Train vs Synth,No Weather,Independent
1998-06-03,138.75727268939278,2004-06-21,Train vs Synth,No Weather,Independent
1998-06-04,163.41280454892902,2017-06-17,Train vs Synth,No Weather,Independent
1998-06-05,174.06447971903913,2004-06-21,Train vs Synth,No Weather,Independent
1998-06-06,148.68422667724636,2017-06-17,Train vs Synth,No Weather,Independent
1998-06-07,92.02687477055123,2019-06-09,Train vs Synth,No Weather,Independent
1998-06-08,165.54613606956258,2016-06-01,Train vs Synth,No Weather,Independent
1998-06-09,119.02370115262279,2018-06-02,Train vs Synth,No Weather,Independent
1998-06-10,145.88550565407442,2017-06-06,Train vs Synth,No Weather,Independent
1998-06-11,185.46387606391013,2003-06-12,Train vs Synth,No Weather,Independent
1998-06-12,193.01148896713119,1999-06-01,Train vs Synth,No Weather,Independent
1998-06-13,143.12583498986774,2006-06-15,Train vs Synth,No Weather,Independent
1998-06-14,257.21255393900276,2004-06-02,Train vs Synth,No Weather,Independent
1998-06-15,154.5216969689368,2007-06-18,Train vs Synth,No Weather,Independent
1998-06-16,155.05575921613973,2015-06-01,Train vs Synth,No Weather,Independent
1998-06-17,137.87779529530016,2016-06-01,Train vs Synth,No Weather,Independent
1998-06-18,205.71223959645044,2006-06-16,Train vs Synth,No Weather,Independent
1998-06-19,129.86444576872398,2006-06-15,Train vs Synth,No Weather,Independent
1998-06-20,139.5747007543899,2010-06-12,Train vs Synth,No Weather,Independent
1998-06-21,205.27915032070646,2000-06-06,Train vs Synth,No Weather,Independent
1999-06-01,190.35982905788188,2010-06-16,Train vs Synth,No Weather,Independent
1999-06-02,129.8156771570266,2020-06-19,Train vs Synth,No Weather,Independent
1999-06-03,164.4736592053828,2001-06-04,Train vs Synth,No Weather,Independent
1999-06-04,101.0718620127613,2010-06-12,Train vs Synth,No Weather,Independent
1999-06-05,117.460324956284,2010-06-12,Train vs Synth,No Weather,Independent
1999-06-06,135.9844751639605,2010-06-04,Train vs Synth,No Weather,Independent
1999-06-07,128.77603060885087,2003-06-15,Train vs Synth,No Weather,Independent
1999-06-08,95.61029367545234,2019-06-07,Train vs Synth,No Weather,Independent
1999-06-09,146.05764169710747,2009-06-08,Train vs Synth,No Weather,Independent
1999-06-10,199.92164214014377,2012-06-07,Train vs Synth,No Weather,Independent
1999-06-11,128.13650481594274,1998-06-20,Train vs Synth,No Weather,Independent
1999-06-12,158.01900278822276,2012-06-16,Train vs Synth,No Weather,Independent
1999-06-13,117.47907493476589,2004-06-21,Train vs Synth,No Weather,Independent
1999-06-14,144.41602288153578,2004-06-04,Train vs Synth,No Weather,Independent
1999-06-15,116.03774541663327,2006-06-17,Train vs Synth,No Weather,Independent
1999-06-16,126.74251638594649,2011-06-21,Train vs Synth,No Weather,Independent
1999-06-17,143.03578643314202,2004-06-04,Train vs Synth,No Weather,Independent
1999-06-18,101.77104011362653,2002-06-21,Train vs Synth,No Weather,Independent
1999-06-19,146.26382937144692,2012-06-10,Train vs Synth,No Weather,Independent
1999-06-20,129.93746822314773,1999-06-19,Train vs Synth,No Weather,Independent
1999-06-21,104.54758370577458,2017-06-06,Train vs Synth,No Weather,Independent
2000-06-01,123.270178899987,2014-06-21,Train vs Synth,No Weather,Independent
2000-06-02,147.67777130873324,2008-06-02,Train vs Synth,No Weather,Independent
2000-06-03,119.10603922172056,2006-06-17,Train vs Synth,No Weather,Independent
2000-06-04,96.39576905336624,2020-06-06,Train vs Synth,No Weather,Independent
2000-06-05,159.00636366142658,2017-06-17,Train vs Synth,No Weather,Independent
2000-06-06,118.48959492351685,2002-06-12,Train vs Synth,No Weather,Independent
2000-06-07,87.51815276709438,2017-06-06,Train vs Synth,No Weather,Independent
2000-06-08,88.97970245072842,2017-06-06,Train vs Synth,No Weather,Independent
2000-06-09,95.08856360714474,2017-06-01,Train vs Synth,No Weather,Independent
2000-06-10,132.0626855701923,2010-06-04,Train vs Synth,No Weather,Independent
2000-06-11,119.72352279705017,1999-06-03,Train vs Synth,No Weather,Independent
2000-06-12,134.1903527616628,2017-06-06,Train vs Synth,No Weather,Independent
2000-06-13,127.36385332038788,2015-06-03,Train vs Synth,No Weather,Independent
2000-06-14,220.27519744743262,2003-06-13,Train vs Synth,No Weather,Independent
2000-06-15,138.93273207811544,2015-06-03,Train vs Synth,No Weather,Independent
2000-06-16,200.31220852437127,2011-06-21,Train vs Synth,No Weather,Independent
2000-06-17,163.83256777280778,2012-06-16,Train vs Synth,No Weather,Independent
2000-06-18,129.39148197997812,2012-06-14,Train vs Synth,No Weather,Independent
2000-06-19,105.47895332523275,2017-06-06,Train vs Synth,No Weather,Independent
2000-06-20,173.03213724193262,2010-06-04,Train vs Synth,No Weather,Independent
2000-06-21,218.94925735388287,2000-06-06,Train vs Synth,No Weather,Independent
2001-06-01,139.01558455858884,2019-06-01,Train vs Synth,No Weather,Independent
2001-06-02,179.99054303998616,2020-06-01,Train vs Synth,No Weather,Independent
2001-06-03,183.1719066322726,2016-06-12,Train vs Synth,No Weather,Independent
2001-06-04,123.86069282903263,2007-06-11,Train vs Synth,No Weather,Independent
2001-06-05,113.9675711218018,2016-06-08,Train vs Synth,No Weather,Independent
2001-06-06,99.49888186715334,2004-06-17,Train vs Synth,No Weather,Independent
2001-06-07,112.02909619741355,2018-06-02,Train vs Synth,No Weather,Independent
2001-06-12,98.74124012492832,2017-06-01,Train vs Synth,No Weather,Independent
2001-06-13,178.51354435201952,1998-06-14,Train vs Synth,No Weather,Independent
2001-06-14,180.2334507782826,2007-06-06,Train vs Synth,No Weather,Independent
2001-06-15,138.65299704392987,1998-06-21,Train vs Synth,No Weather,Independent
2001-06-16,101.64620668930274,2014-06-21,Train vs Synth,No Weather,Independent
2001-06-17,163.8476010783642,2015-06-13,Train vs Synth,No Weather,Independent
2001-06-18,112.4642741283996,2010-06-12,Train vs Synth,No Weather,Independent
2001-06-19,101.2249574324772,2016-06-08,Train vs Synth,No Weather,Independent
2001-06-20,121.9595791305784,2014-06-02,Train vs Synth,No Weather,Independent
2001-06-21,168.1205559269561,1998-06-02,Train vs Synth,No Weather,Independent
2002-06-01,113.4292019102008,2004-06-07,Train vs Synth,No Weather,Independent
2002-06-02,116.93928281430057,2015-06-03,Train vs Synth,No Weather,Independent
2002-06-03,136.41010803723032,2010-06-12,Train vs Synth,No Weather,Independent
2002-06-04,195.22883219602429,2010-06-07,Train vs Synth,No Weather,Independent
2002-06-05,137.95873123537726,2004-06-04,Train vs Synth,No Weather,Independent
2002-06-06,115.25477137885909,2012-06-14,Train vs Synth,No Weather,Independent
2002-06-07,99.53149966489829,2009-06-05,Train vs Synth,No Weather,Independent
2002-06-08,92.3554511371123,2017-06-01,Train vs Synth,No Weather,Independent
2002-06-09,101.96937712133371,1998-06-14,Train vs Synth,No Weather,Independent
2002-06-10,113.08415908177402,1998-06-14,Train vs Synth,No Weather,Independent
2002-06-11,116.03404228879312,2014-06-21,Train vs Synth,No Weather,Independent
2002-06-12,173.43746612173797,2001-06-15,Train vs Synth,No Weather,Independent
2002-06-13,198.18230743636525,2003-06-05,Train vs Synth,No Weather,Independent
2002-06-14,111.36598857996691,2004-06-21,Train vs Synth,No Weather,Independent
2002-06-15,118.28787638671709,2002-06-08,Train vs Synth,No Weather,Independent
2002-06-16,206.80015399125878,2018-06-20,Train vs Synth,No Weather,Independent
2002-06-17,127.66405575041024,2004-06-12,Train vs Synth,No Weather,Independent
2002-06-18,146.81568385655498,2017-06-01,Train vs Synth,No Weather,Independent
2002-06-19,86.8279151460834,2017-06-01,Train vs Synth,No Weather,Independent
2002-06-20,104.09692774085995,2019-06-09,Train vs Synth,No Weather,Independent
2002-06-21,82.76425620960913,2009-06-10,Train vs Synth,No Weather,Independent
2003-06-01,117.0651608820961,2013-06-12,Train vs Synth,No Weather,Independent
2003-06-02,154.58201014878713,2003-06-13,Train vs Synth,No Weather,Independent
2003-06-03,133.54642115080662,2008-06-04,Train vs Synth,No Weather,Independent
2003-06-04,124.58334381201286,2016-06-09,Train vs Synth,No Weather,Independent
2003-06-05,115.14540513273398,2020-06-19,Train vs Synth,No Weather,Independent
2003-06-06,155.69450235985823,2004-06-21,Train vs Synth,No Weather,Independent
2003-06-07,134.9127700064489,2004-06-21,Train vs Synth,No Weather,Independent
2003-06-08,150.63602768700838,2007-06-18,Train vs Synth,No Weather,Independent
2003-06-09,116.08914693195462,2002-06-08,Train vs Synth,No Weather,Independent
2003-06-10,93.6998058242327,2006-06-16,Train vs Synth,No Weather,Independent
2003-06-11,126.0727935842158,2003-06-15,Train vs Synth,No Weather,Independent
2003-06-12,153.68335937404674,2003-06-03,Train vs Synth,No Weather,Independent
2003-06-13,110.30052590000113,2004-06-04,Train vs Synth,No Weather,Independent
2003-06-14,173.29295418100799,2008-06-02,Train vs Synth,No Weather,Independent
2003-06-15,136.24811742242406,2009-06-12,Train vs Synth,No Weather,Independent
2003-06-16,107.42630778838397,2004-06-04,Train vs Synth,No Weather,Independent
2003-06-17,94.98436048203848,2004-06-04,Train vs Synth,No Weather,Independent
2003-06-18,119.4211844134574,2007-06-17,Train vs Synth,No Weather,Independent
2003-06-19,136.43702506963365,2020-06-06,Train vs Synth,No Weather,Independent
2003-06-20,128.31841783362043,2004-06-16,Train vs Synth,No Weather,Independent
2003-06-21,131.26661992397294,2014-06-06,Train vs Synth,No Weather,Independent
2004-06-01,156.0816132187795,2011-06-11,Train vs Synth,No Weather,Independent
2004-06-02,172.26517094018877,2004-06-04,Train vs Synth,No Weather,Independent
2004-06-03,142.30602508811302,2001-06-02,Train vs Synth,No Weather,Independent
2004-06-04,124.46485911204667,2017-06-04,Train vs Synth,No Weather,Independent
2004-06-05,142.7622862869834,2014-06-06,Train vs Synth,No Weather,Independent
2004-06-06,113.5640814178302,2017-06-21,Train vs Synth,No Weather,Independent
2004-06-07,102.08495396495977,2019-06-09,Train vs Synth,No Weather,Independent
2004-06-08,128.9503489189758,1998-06-14,Train vs Synth,No Weather,Independent
2004-06-09,101.35788426515745,2004-06-01,Train vs Synth,No Weather,Independent
2004-06-10,105.93960422492468,2017-06-06,Train vs Synth,No Weather,Independent
2004-06-11,146.1288806734268,2010-06-04,Train vs Synth,No Weather,Independent
2004-06-12,107.50451029092282,2017-06-01,Train vs Synth,No Weather,Independent
2004-06-13,182.2774650678893,2006-06-07,Train vs Synth,No Weather,Independent
2004-06-14,98.66668537751065,2009-06-05,Train vs Synth,No Weather,Independent
2004-06-15,161.05724785490835,1999-06-02,Train vs Synth,No Weather,Independent
2004-06-16,105.619604085034,2013-06-15,Train vs Synth,No Weather,Independent
2004-06-17,136.92629654563598,2006-06-02,Train vs Synth,No Weather,Independent
2004-06-18,178.89125358249842,2014-06-03,Train vs Synth,No Weather,Independent
2004-06-19,148.06437397387512,2004-06-04,Train vs Synth,No Weather,Independent
2004-06-20,138.55147143087817,2016-06-06,Train vs Synth,No Weather,Independent
2004-06-21,182.4810523714272,2017-06-19,Train vs Synth,No Weather,Independent
2005-06-01,118.65957619862456,2000-06-02,Train vs Synth,No Weather,Independent
2005-06-02,92.04852732903967,2019-06-09,Train vs Synth,No Weather,Independent
2005-06-03,161.75668811806312,2005-06-07,Train vs Synth,No Weather,Independent
2005-06-04,159.67115930990053,2017-06-06,Train vs Synth,No Weather,Independent
2005-06-05,150.04751613505115,1999-06-14,Train vs Synth,No Weather,Independent
2005-06-06,116.76934739649579,2017-06-06,Train vs Synth,No Weather,Independent
2005-06-07,112.13735049048077,2017-06-06,Train vs Synth,No Weather,Independent
2005-06-08,139.34414173098222,2004-06-07,Train vs Synth,No Weather,Independent
2005-06-09,227.86603606180776,2015-06-11,Train vs Synth,No Weather,Independent
2005-06-10,198.29621500328133,2000-06-12,Train vs Synth,No Weather,Independent
2005-06-13,177.6508662185797,2013-06-07,Train vs Synth,No Weather,Independent
2005-06-14,124.90272418172081,2007-06-18,Train vs Synth,No Weather,Independent
2005-06-15,135.85349903944848,2015-06-10,Train vs Synth,No Weather,Independent
2005-06-16,138.2078623190511,2006-06-17,Train vs Synth,No Weather,Independent
2005-06-17,178.6852176703054,2016-06-09,Train vs Synth,No Weather,Independent
2005-06-18,109.70156290013048,2002-06-21,Train vs Synth,No Weather,Independent
2005-06-19,93.09980566072618,2009-06-10,Train vs Synth,No Weather,Independent
2005-06-20,90.2100625251462,2013-06-15,Train vs Synth,No Weather,Independent
2005-06-21,111.43488878895376,2019-06-08,Train vs Synth,No Weather,Independent
2006-06-01,151.93333627382717,2007-06-17,Train vs Synth,No Weather,Independent
2006-06-02,132.82237550787096,2012-06-14,Train vs Synth,No Weather,Independent
2006-06-03,99.43193599770336,2003-06-15,Train vs Synth,No Weather,Independent
2006-06-04,93.9220159172593,2019-06-18,Train vs Synth,No Weather,Independent
2006-06-05,118.52874081608857,2015-06-11,Train vs Synth,No Weather,Independent
2006-06-06,164.3548677504353,2020-06-01,Train vs Synth,No Weather,Independent
2006-06-07,108.68424973572702,2014-06-03,Train vs Synth,No Weather,Independent
2006-06-08,103.61106791071946,2016-06-09,Train vs Synth,No Weather,Independent
2006-06-09,97.15262352099275,2017-06-06,Train vs Synth,No Weather,Independent
2006-06-10,110.39626370238479,2016-06-05,Train vs Synth,No Weather,Independent
2006-06-11,123.62063003704048,2012-06-10,Train vs Synth,No Weather,Independent
2006-06-12,199.63072941824942,2012-06-09,Train vs Synth,No Weather,Independent
2006-06-13,123.11547605680312,2004-06-04,Train vs Synth,No Weather,Independent
2006-06-14,104.96403032484011,2019-06-09,Train vs Synth,No Weather,Independent
2006-06-15,91.37903087168488,2017-06-01,Train vs Synth,No Weather,Independent
2006-06-16,117.15990356334105,1998-06-14,Train vs Synth,No Weather,Independent
2006-06-17,172.5963400567214,2018-06-06,Train vs Synth,No Weather,Independent
2006-06-18,171.08739741207293,2001-06-19,Train vs Synth,No Weather,Independent
2006-06-19,125.74492497350131,2011-06-14,Train vs Synth,No Weather,Independent
2006-06-20,101.49504218054007,2011-06-03,Train vs Synth,No Weather,Independent
2006-06-21,107.72315068746126,2017-06-06,Train vs Synth,No Weather,Independent
2007-06-01,192.22426220217065,2002-06-01,Train vs Synth,No Weather,Independent
2007-06-02,133.0275468368582,2015-06-08,Train vs Synth,No Weather,Independent
2007-06-03,131.86632641046933,2007-06-18,Train vs Synth,No Weather,Independent
2007-06-04,139.9451696389305,2007-06-18,Train vs Synth,No Weather,Independent
2007-06-05,141.03198816686628,2015-06-10,Train vs Synth,No Weather,Independent
2007-06-06,140.3225016828994,2017-06-01,Train vs Synth,No Weather,Independent
2007-06-07,262.4916206373274,2016-06-05,Train vs Synth,No Weather,Independent
2007-06-08,199.01654673780826,2001-06-19,Train vs Synth,No Weather,Independent
2007-06-09,117.4793723551976,2017-06-04,Train vs Synth,No Weather,Independent
2007-06-10,124.26577833864653,2006-06-02,Train vs Synth,No Weather,Independent
2007-06-11,122.02656555584615,2012-06-01,Train vs Synth,No Weather,Independent
2007-06-12,75.21327348695516,2009-06-10,Train vs Synth,No Weather,Independent
2007-06-13,127.71999951191722,2007-06-03,Train vs Synth,No Weather,Independent
2007-06-14,152.76841871370277,2017-06-04,Train vs Synth,No Weather,Independent
2007-06-15,119.17402957684133,2007-06-03,Train vs Synth,No Weather,Independent
2007-06-16,110.0115140718167,2006-06-17,Train vs Synth,No Weather,Independent
2007-06-17,106.07494112865683,2011-06-14,Train vs Synth,No Weather,Independent
2007-06-18,94.58858366222563,2002-06-03,Train vs Synth,No Weather,Independent
2007-06-19,98.5889850439398,2014-06-02,Train vs Synth,No Weather,Independent
2007-06-20,167.37788033722796,2016-06-12,Train vs Synth,No Weather,Independent
2007-06-21,92.49934501522995,2011-06-14,Train vs Synth,No Weather,Independent
2008-06-01,156.33514537213338,2013-06-16,Train vs Synth,No Weather,Independent
2008-06-02,116.06737745175366,2016-06-11,Train vs Synth,No Weather,Independent
2008-06-03,164.4738565987443,2011-06-03,Train vs Synth,No Weather,Independent
2008-06-04,166.02698569102597,2015-06-20,Train vs Synth,No Weather,Independent
2008-06-05,223.64764520512063,1998-06-14,Train vs Synth,No Weather,Independent
2008-06-06,206.73490886532986,2003-06-11,Train vs Synth,No Weather,Independent
2008-06-07,146.5305987812214,2015-06-03,Train vs Synth,No Weather,Independent
2008-06-08,172.17279558394236,2010-06-04,Train vs Synth,No Weather,Independent
2008-06-09,217.29608111493704,2006-06-02,Train vs Synth,No Weather,Independent
2008-06-10,110.54271150595599,2013-06-17,Train vs Synth,No Weather,Independent
2008-06-11,140.02144514245376,1998-06-14,Train vs Synth,No Weather,Independent
2008-06-12,140.9165544365398,2010-06-04,Train vs Synth,No Weather,Independent
2008-06-13,160.89396433757787,2020-06-01,Train vs Synth,No Weather,Independent
2008-06-14,105.37621407339276,2020-06-16,Train vs Synth,No Weather,Independent
2008-06-15,113.65908828749606,2011-06-14,Train vs Synth,No Weather,Independent
2008-06-16,187.7993566082908,2016-06-12,Train vs Synth,No Weather,Independent
2008-06-17,138.01519715778488,2013-06-12,Train vs Synth,No Weather,Independent
2008-06-18,166.50230363296055,2018-06-20,Train vs Synth,No Weather,Independent
2008-06-19,148.59628666060283,2019-06-08,Train vs Synth,No Weather,Independent
2008-06-20,118.09232033958898,2004-06-04,Train vs Synth,No Weather,Independent
2008-06-21,122.37210181400975,2012-06-07,Train vs Synth,No Weather,Independent
2009-06-01,103.9526296673958,2000-06-20,Train vs Synth,No Weather,Independent
2009-06-02,116.4143498344868,2018-06-06,Train vs Synth,No Weather,Independent
2009-06-03,178.63329298978755,2004-06-21,Train vs Synth,No Weather,Independent
2009-06-04,125.25064426508912,2004-06-04,Train vs Synth,No Weather,Independent
2009-06-05,110.21670770410593,2001-06-04,Train vs Synth,No Weather,Independent
2009-06-06,148.64200824467466,2010-06-12,Train vs Synth,No Weather,Independent
2009-06-07,145.56215041746856,2010-06-20,Train vs Synth,No Weather,Independent
2009-06-08,150.63462925468576,2012-06-19,Train vs Synth,No Weather,Independent
2009-06-09,150.1933256504667,2018-06-13,Train vs Synth,No Weather,Independent
2009-06-10,163.93001294428012,2012-06-07,Train vs Synth,No Weather,Independent
2009-06-11,121.3514977702548,2020-06-06,Train vs Synth,No Weather,Independent
2009-06-12,155.93387607050323,2013-06-07,Train vs Synth,No Weather,Independent
2009-06-13,119.35741904560784,2004-06-04,Train vs Synth,No Weather,Independent
2009-06-14,133.99551752510615,2006-06-17,Train vs Synth,No Weather,Independent
2009-06-15,135.96944880880264,2014-06-06,Train vs Synth,No Weather,Independent
2009-06-16,141.20805068177208,2019-06-10,Train vs Synth,No Weather,Independent
2009-06-17,120.68847740401269,2011-06-03,Train vs Synth,No Weather,Independent
2009-06-18,115.76348569950589,2016-06-15,Train vs Synth,No Weather,Independent
2009-06-19,157.4849682901057,2006-06-16,Train vs Synth,No Weather,Independent
2009-06-20,152.39014931055686,2002-06-06,Train vs Synth,No Weather,Independent
2009-06-21,117.18602895645877,2003-06-12,Train vs Synth,No Weather,Independent
2010-06-01,101.29509949411907,2003-06-12,Train vs Synth,No Weather,Independent
2010-06-02,102.19966520266094,2006-06-16,Train vs Synth,No Weather,Independent
2010-06-03,137.5137800213888,2017-06-17,Train vs Synth,No Weather,Independent
2010-06-04,94.92696700012853,2009-06-10,Train vs Synth,No Weather,Independent
2010-06-05,101.87601814285564,2017-06-06,Train vs Synth,No Weather,Independent
2010-06-06,149.7929676306062,2012-06-16,Train vs Synth,No Weather,Independent
2010-06-07,148.89793366536637,2007-06-03,Train vs Synth,No Weather,Independent
2010-06-08,98.82335580518608,2010-06-12,Train vs Synth,No Weather,Independent
2010-06-09,179.87926332138653,2005-06-07,Train vs Synth,No Weather,Independent
2010-06-10,93.28880280959753,2019-06-09,Train vs Synth,No Weather,Independent
2010-06-11,109.50928812196553,2017-06-01,Train vs Synth,No Weather,Independent
2010-06-12,108.1810730296266,2019-06-07,Train vs Synth,No Weather,Independent
2010-06-13,145.3481748817315,2013-06-15,Train vs Synth,No Weather,Independent
2010-06-14,149.8517416922216,2000-06-13,Train vs Synth,No Weather,Independent
2010-06-15,153.23951336953314,1998-06-20,Train vs Synth,No Weather,Independent
2010-06-16,107.05695607827238,2009-06-10,Train vs Synth,No Weather,Independent
2010-06-17,94.44545547818754,2014-06-21,Train vs Synth,No Weather,Independent
2010-06-18,91.4892297785487,2014-06-21,Train vs Synth,No Weather,Independent
2010-06-19,102.81262276998778,2004-06-01,Train vs Synth,No Weather,Independent
2010-06-20,90.31913934998701,2019-06-07,Train vs Synth,No Weather,Independent
2010-06-21,86.93540018090145,2017-06-06,Train vs Synth,No Weather,Independent
2011-06-01,113.66594538639438,2018-06-13,Train vs Synth,No Weather,Independent
2011-06-02,101.01517372429674,2010-06-12,Train vs Synth,No Weather,Independent
2011-06-03,118.40326863022942,2014-06-21,Train vs Synth,No Weather,Independent
2011-06-04,118.10727856778871,2004-06-07,Train vs Synth,No Weather,Independent
2011-06-05,97.80847306680204,2003-06-12,Train vs Synth,No Weather,Independent
2011-06-06,110.41661421226567,2004-06-07,Train vs Synth,No Weather,Independent
2011-06-07,101.42823083857955,2017-06-01,Train vs Synth,No Weather,Independent
2011-06-08,117.93616498684531,2017-06-01,Train vs Synth,No Weather,Independent
2011-06-09,143.95278218602343,2014-06-21,Train vs Synth,No Weather,Independent
2011-06-10,189.2766989219772,2016-06-05,Train vs Synth,No Weather,Independent
2011-06-11,158.50003284070468,2000-06-02,Train vs Synth,No Weather,Independent
2011-06-12,214.84677715506,2006-06-17,Train vs Synth,No Weather,Independent
2011-06-13,128.70887281458545,2010-06-12,Train vs Synth,No Weather,Independent
2011-06-14,205.9213497609492,2006-06-16,Train vs Synth,No Weather,Independent
2011-06-15,149.9864854689555,2001-06-02,Train vs Synth,No Weather,Independent
2011-06-18,134.77631063834974,2004-06-03,Train vs Synth,No Weather,Independent
2011-06-19,159.42459357322144,1999-06-04,Train vs Synth,No Weather,Independent
2011-06-20,234.33072555916183,2015-06-03,Train vs Synth,No Weather,Independent
2011-06-21,237.27643788562077,2004-06-02,Train vs Synth,No Weather,Independent
2012-06-01,122.61046429385027,2013-06-12,Train vs Synth,No Weather,Independent
2012-06-02,104.37269517224505,1998-06-20,Train vs Synth,No Weather,Independent
2012-06-03,136.41256078710668,2006-06-02,Train vs Synth,No Weather,Independent
2012-06-04,144.26685190577228,2019-06-08,Train vs Synth,No Weather,Independent
2012-06-05,130.6825508227873,2001-06-02,Train vs Synth,No Weather,Independent
2012-06-06,119.5634540477934,2011-06-12,Train vs Synth,No Weather,Independent
2012-06-07,111.36930816069682,2004-06-16,Train vs Synth,No Weather,Independent
2012-06-08,118.88557605165906,2003-06-15,Train vs Synth,No Weather,Independent
2012-06-09,96.29850940234739,2017-06-06,Train vs Synth,No Weather,Independent
2012-06-10,119.79071157996908,2016-06-01,Train vs Synth,No Weather,Independent
2012-06-11,141.29993510769847,2011-06-21,Train vs Synth,No Weather,Independent
2012-06-12,152.63180658996654,2013-06-12,Train vs Synth,No Weather,Independent
2012-06-13,116.3508403227242,2019-06-09,Train vs Synth,No Weather,Independent
2012-06-14,114.02963253856446,2004-06-01,Train vs Synth,No Weather,Independent
2012-06-15,207.5479263111772,2008-06-10,Train vs Synth,No Weather,Independent
2012-06-16,145.4158999487059,2011-06-14,Train vs Synth,No Weather,Independent
2012-06-17,115.90516816786335,2017-06-06,Train vs Synth,No Weather,Independent
2012-06-18,113.57408279767161,2017-06-01,Train vs Synth,No Weather,Independent
2012-06-19,126.59537979632545,2017-06-01,Train vs Synth,No Weather,Independent
2012-06-20,137.02437269532203,2017-06-01,Train vs Synth,No Weather,Independent
2012-06-21,128.51615574692923,2012-06-19,Train vs Synth,No Weather,Independent
2013-06-01,144.23753703013804,2004-06-21,Train vs Synth,No Weather,Independent
2013-06-02,122.52966652727862,2007-06-18,Train vs Synth,No Weather,Independent
2013-06-03,92.98859227069426,2006-06-15,Train vs Synth,No Weather,Independent
2013-06-04,158.90874515257136,2004-06-18,Train vs Synth,No Weather,Independent
2013-06-05,193.93023154545568,2013-06-07,Train vs Synth,No Weather,Independent
2013-06-06,103.37277051994795,2004-06-21,Train vs Synth,No Weather,Independent
2013-06-07,128.9085857142398,2012-06-14,Train vs Synth,No Weather,Independent
2013-06-08,91.32550328695366,2017-06-06,Train vs Synth,No Weather,Independent
2013-06-09,155.7252697932654,2006-06-13,Train vs Synth,No Weather,Independent
2013-06-10,121.85248981907972,2003-06-12,Train vs Synth,No Weather,Independent
2013-06-11,116.70646017464598,2011-06-03,Train vs Synth,No Weather,Independent
2013-06-12,167.96463126488524,2000-06-01,Train vs Synth,No Weather,Independent
2013-06-13,150.36232693514913,2010-06-21,Train vs Synth,No Weather,Independent
2013-06-14,102.68160328716367,2018-06-13,Train vs Synth,No Weather,Independent
2013-06-15,127.84185809959314,2013-06-15,Train vs Synth,No Weather,Independent
2013-06-16,123.83067818973946,2010-06-11,Train vs Synth,No Weather,Independent
2013-06-17,147.87190998178858,2020-06-06,Train vs Synth,No Weather,Independent
2013-06-18,117.26559225347714,2003-06-03,Train vs Synth,No Weather,Independent
2013-06-19,93.0705885777893,2019-06-09,Train vs Synth,No Weather,Independent
2013-06-20,109.29571670358317,2017-06-01,Train vs Synth,No Weather,Independent
2013-06-21,87.9503907002171,2017-06-01,Train vs Synth,No Weather,Independent
2014-06-01,102.16272182736763,2019-06-07,Train vs Synth,No Weather,Independent
2014-06-02,165.89405179770867,2004-06-18,Train vs Synth,No Weather,Independent
2014-06-03,119.01862055855112,2016-06-11,Train vs Synth,No Weather,Independent
2014-06-04,130.9647240097853,2009-06-08,Train vs Synth,No Weather,Independent
2014-06-05,133.99559461663722,2009-06-21,Train vs Synth,No Weather,Independent
2014-06-06,172.1696823028069,2016-06-06,Train vs Synth,No Weather,Independent
2014-06-07,193.63626144917953,1999-06-01,Train vs Synth,No Weather,Independent
2014-06-08,132.36449898739565,2000-06-02,Train vs Synth,No Weather,Independent
2014-06-09,163.86100044900255,2003-06-04,Train vs Synth,No Weather,Independent
2014-06-10,162.20744617493406,2007-06-18,Train vs Synth,No Weather,Independent
2014-06-11,107.81074745600846,2001-06-04,Train vs Synth,No Weather,Independent
2014-06-12,177.0899276490696,2008-06-02,Train vs Synth,No Weather,Independent
2014-06-13,108.52097225298606,2013-06-12,Train vs Synth,No Weather,Independent
2014-06-14,124.4196336551727,1998-06-14,Train vs Synth,No Weather,Independent
2014-06-15,201.47685531637808,2009-06-01,Train vs Synth,No Weather,Independent
2014-06-16,125.2639011044996,1998-06-14,Train vs Synth,No Weather,Independent
2014-06-17,157.62087847865405,2017-06-01,Train vs Synth,No Weather,Independent
2014-06-18,104.4278867089006,2017-06-01,Train vs Synth,No Weather,Independent
2014-06-19,122.58531784954755,2003-06-12,Train vs Synth,No Weather,Independent
2014-06-20,114.17124041727706,2003-06-15,Train vs Synth,No Weather,Independent
2014-06-21,107.53327649179786,1999-06-03,Train vs Synth,No Weather,Independent
2015-06-01,98.0599580782416,2016-06-09,Train vs Synth,No Weather,Independent
2015-06-02,108.18705928513981,2019-06-09,Train vs Synth,No Weather,Independent
2015-06-03,95.40376534402324,2019-06-07,Train vs Synth,No Weather,Independent
2015-06-04,90.48915331367333,2019-06-07,Train vs Synth,No Weather,Independent
2015-06-05,119.65135054915899,2019-06-10,Train vs Synth,No Weather,Independent
2015-06-06,94.42956730568277,2019-06-18,Train vs Synth,No Weather,Independent
2015-06-07,122.31998025533599,2003-06-12,Train vs Synth,No Weather,Independent
2015-06-08,165.05373217469747,2010-06-15,Train vs Synth,No Weather,Independent
2015-06-09,105.7549714357167,2019-06-18,Train vs Synth,No Weather,Independent
2015-06-10,96.61773973839566,2004-06-07,Train vs Synth,No Weather,Independent
2015-06-11,105.4595836747281,2004-06-07,Train vs Synth,No Weather,Independent
2015-06-12,172.50420058754054,2020-06-06,Train vs Synth,No Weather,Independent
2015-06-13,125.21646262878542,2020-06-16,Train vs Synth,No Weather,Independent
2015-06-14,98.22811691286945,2017-06-06,Train vs Synth,No Weather,Independent
2015-06-15,134.46003531565432,1998-06-20,Train vs Synth,No Weather,Independent
2015-06-16,131.31373176571026,2017-06-17,Train vs Synth,No Weather,Independent
2015-06-17,104.50995744942672,2004-06-16,Train vs Synth,No Weather,Independent
2015-06-18,128.28099069849395,2004-06-21,Train vs Synth,No Weather,Independent
2015-06-19,120.2700811983489,2015-06-10,Train vs Synth,No Weather,Independent
2015-06-20,93.70065488263717,2017-06-06,Train vs Synth,No Weather,Independent
2015-06-21,104.60880841723338,2004-06-07,Train vs Synth,No Weather,Independent
2016-06-01,135.71624546569097,2004-06-04,Train vs Synth,No Weather,Independent
2016-06-02,129.15291143126208,2000-06-02,Train vs Synth,No Weather,Independent
2016-06-03,113.82124717431485,2003-06-03,Train vs Synth,No Weather,Independent
2016-06-04,147.87966450752126,2011-06-21,Train vs Synth,No Weather,Independent
2016-06-05,123.84981722428147,2007-06-18,Train vs Synth,No Weather,Independent
2016-06-06,123.50865701631278,2012-06-07,Train vs Synth,No Weather,Independent
2016-06-07,115.92155710449336,2016-06-09,Train vs Synth,No Weather,Independent
2016-06-08,92.45893107135434,2017-06-06,Train vs Synth,No Weather,Independent
2016-06-09,91.39555331072434,2017-06-06,Train vs Synth,No Weather,Independent
2016-06-10,95.34670433734085,2017-06-06,Train vs Synth,No Weather,Independent
2016-06-11,98.87495860452584,1999-06-03,Train vs Synth,No Weather,Independent
2016-06-12,118.19939749890736,2009-06-10,Train vs Synth,No Weather,Independent
2016-06-13,114.20516511764255,2006-06-02,Train vs Synth,No Weather,Independent
2016-06-14,152.3510899573013,2019-06-01,Train vs Synth,No Weather,Independent
2016-06-15,118.11839416700066,2013-06-17,Train vs Synth,No Weather,Independent
2016-06-16,128.257105565172,2018-06-06,Train vs Synth,No Weather,Independent
2016-06-17,101.4789165411746,2004-06-17,Train vs Synth,No Weather,Independent
2016-06-18,173.90501974865066,2004-06-06,Train vs Synth,No Weather,Independent
2016-06-19,110.48463620550872,2006-06-15,Train vs Synth,No Weather,Independent
2016-06-20,78.01850840661737,2013-06-15,Train vs Synth,No Weather,Independent
2016-06-21,115.799734074195,2007-06-13,Train vs Synth,No Weather,Independent
2017-06-01,132.94422182620374,2004-06-17,Train vs Synth,No Weather,Independent
2017-06-02,106.72753356461553,2013-06-03,Train vs Synth,No Weather,Independent
2017-06-03,163.6610556606049,2020-06-06,Train vs Synth,No Weather,Independent
2017-06-04,99.77844363839051,2004-06-04,Train vs Synth,No Weather,Independent
2017-06-05,94.17738218357933,2004-06-04,Train vs Synth,No Weather,Independent
2017-06-06,118.15302802595498,2004-06-04,Train vs Synth,No Weather,Independent
2017-06-07,131.91651734842696,2004-06-04,Train vs Synth,No Weather,Independent
2017-06-08,108.89275494251847,2017-06-04,Train vs Synth,No Weather,Independent
2017-06-09,104.51370326538384,2009-06-05,Train vs Synth,No Weather,Independent
2017-06-10,89.06744080004023,2017-06-01,Train vs Synth,No Weather,Independent
2017-06-11,112.67255249824471,2017-06-01,Train vs Synth,No Weather,Independent
2017-06-12,96.80534950901823,2017-06-01,Train vs Synth,No Weather,Independent
2017-06-13,93.47968547334342,2017-06-01,Train vs Synth,No Weather,Independent
2017-06-14,137.2286477603032,2016-06-05,Train vs Synth,No Weather,Independent
2017-06-15,120.95840412241198,2020-06-07,Train vs Synth,No Weather,Independent
2017-06-16,160.37843287453865,2014-06-06,Train vs Synth,No Weather,Independent
2017-06-17,105.54181679501916,2016-06-08,Train vs Synth,No Weather,Independent
2017-06-18,157.81424611235906,2008-06-02,Train vs Synth,No Weather,Independent
2017-06-19,115.83657054035604,2016-06-09,Train vs Synth,No Weather,Independent
2017-06-20,89.19838159380386,2017-06-21,Train vs Synth,No Weather,Independent
2017-06-21,87.41421659506197,2017-06-06,Train vs Synth,No Weather,Independent
2018-06-01,95.06686464118191,2019-06-09,Train vs Synth,No Weather,Independent
2018-06-02,145.19187915134398,2011-06-21,Train vs Synth,No Weather,Independent
2018-06-03,134.67654360808845,2004-06-04,Train vs Synth,No Weather,Independent
2018-06-04,118.20556819432709,2002-06-21,Train vs Synth,No Weather,Independent
2018-06-05,95.60578909578274,2005-06-07,Train vs Synth,No Weather,Independent
2018-06-06,107.03429558956876,2004-06-17,Train vs Synth,No Weather,Independent
2018-06-07,170.76700062512518,1999-06-02,Train vs Synth,No Weather,Independent
2018-06-08,94.58441449087171,2011-06-14,Train vs Synth,No Weather,Independent
2018-06-09,85.9963369015156,2017-06-06,Train vs Synth,No Weather,Independent
2018-06-10,87.69330055402662,2004-06-07,Train vs Synth,No Weather,Independent
2018-06-11,96.99556444647602,2010-06-04,Train vs Synth,No Weather,Independent
2018-06-12,160.71848974723423,2000-06-20,Train vs Synth,No Weather,Independent
2018-06-13,134.03664689597716,2017-06-04,Train vs Synth,No Weather,Independent
2018-06-14,98.05150451841625,2014-06-21,Train vs Synth,No Weather,Independent
2018-06-15,92.46157978424989,2010-06-04,Train vs Synth,No Weather,Independent
2018-06-16,101.18091015593151,2017-06-01,Train vs Synth,No Weather,Independent
2018-06-17,88.79664271391528,2017-06-01,Train vs Synth,No Weather,Independent
2018-06-18,95.05621307773822,2004-06-01,Train vs Synth,No Weather,Independent
2018-06-19,96.72793296732286,2016-06-08,Train vs Synth,No Weather,Independent
2018-06-20,139.42032540949987,2006-06-13,Train vs Synth,No Weather,Independent
2019-06-01,95.5459736201339,1998-06-21,Train vs Synth,No Weather,Independent
2019-06-02,131.26470499044268,2020-06-06,Train vs Synth,No Weather,Independent
2019-06-03,106.61064665653433,2013-06-03,Train vs Synth,No Weather,Independent
2019-06-04,155.38564781138552,2008-06-14,Train vs Synth,No Weather,Independent
2019-06-05,123.76493881001056,2020-06-14,Train vs Synth,No Weather,Independent
2019-06-06,139.5083252664052,2008-06-02,Train vs Synth,No Weather,Independent
2019-06-07,122.48554949909142,2009-06-12,Train vs Synth,No Weather,Independent
2019-06-08,107.11357043822547,2020-06-16,Train vs Synth,No Weather,Independent
2019-06-09,172.2783363116101,2003-06-13,Train vs Synth,No Weather,Independent
2019-06-10,160.41760609527887,2009-06-12,Train vs Synth,No Weather,Independent
2019-06-11,105.76948429646713,2001-06-04,Train vs Synth,No Weather,Independent
2019-06-12,161.74518546318166,2003-06-13,Train vs Synth,No Weather,Independent
2019-06-13,119.64033926247862,2004-06-09,Train vs Synth,No Weather,Independent
2019-06-14,125.59711084619266,2016-06-01,Train vs Synth,No Weather,Independent
2019-06-15,173.70193549321982,2002-06-01,Train vs Synth,No Weather,Independent
2019-06-16,150.9575731812192,2001-06-02,Train vs Synth,No Weather,Independent
2019-06-17,111.38303696725674,2004-06-04,Train vs Synth,No Weather,Independent
2019-06-18,105.5235579695675,2003-06-15,Train vs Synth,No Weather,Independent
2019-06-19,163.88468243728505,2015-06-08,Train vs Synth,No Weather,Independent
2019-06-20,121.41882960419873,2004-06-16,Train vs Synth,No Weather,Independent
2019-06-21,118.85825780672172,2010-06-12,Train vs Synth,No Weather,Independent
2020-06-01,92.48075297092065,2017-06-06,Train vs Synth,No Weather,Independent
2020-06-02,89.52153173057653,2004-06-07,Train vs Synth,No Weather,Independent
2020-06-03,98.04965144603351,2004-06-07,Train vs Synth,No Weather,Independent
2020-06-04,120.16471744020288,2009-06-15,Train vs Synth,No Weather,Independent
2020-06-05,139.24164071583283,2004-06-18,Train vs Synth,No Weather,Independent
2020-06-06,95.88794535574603,2009-06-05,Train vs Synth,No Weather,Independent
2020-06-07,84.48987016720137,2004-06-01,Train vs Synth,No Weather,Independent
2020-06-08,105.66908880975203,2009-06-10,Train vs Synth,No Weather,Independent
2020-06-09,214.46417685652858,2017-06-08,Train vs Synth,No Weather,Independent
2020-06-10,371.82046382408066,2007-06-18,Train vs Synth,No Weather,Independent
2020-06-11,124.69222269014503,2002-06-19,Train vs Synth,No Weather,Independent
2020-06-12,109.14406852376175,2009-06-08,Train vs Synth,No Weather,Independent
2020-06-13,96.87537801297749,2017-06-06,Train vs Synth,No Weather,Independent
2020-06-14,93.24583545531236,2004-06-07,Train vs Synth,No Weather,Independent
2020-06-15,95.01691362871686,2016-06-08,Train vs Synth,No Weather,Independent
2020-06-16,85.20400833783299,2019-06-07,Train vs Synth,No Weather,Independent
2020-06-17,104.23465719215332,2017-06-01,Train vs Synth,No Weather,Independent
2020-06-18,103.15995354965163,2017-06-01,Train vs Synth,No Weather,Independent
2020-06-19,203.20604690866878,2013-06-14,Train vs Synth,No Weather,Independent
2020-06-20,116.51027098613187,2012-06-07,Train vs Synth,No Weather,Independent
2020-06-21,142.303750150632,2001-06-04,Train vs Synth,No Weather,Independent
1998-06-01,164.61441426864076,2000-06-10,Train vs Synth,No Weather,Consecutive
1998-06-02,122.63454859887094,2017-06-19,Train vs Synth,No Weather,Consecutive
1998-06-03,165.6713964614763,2012-06-05,Train vs Synth,No Weather,Consecutive
1998-06-04,167.48394231323968,2012-06-05,Train vs Synth,No Weather,Consecutive
1998-06-05,185.93568068817197,2008-06-08,Train vs Synth,No Weather,Consecutive
1998-06-06,140.73158782404647,2012-06-06,Train vs Synth,No Weather,Consecutive
1998-06-07,98.75370185263736,2003-06-15,Train vs Synth,No Weather,Consecutive
1998-06-08,159.39318367469252,2010-06-14,Train vs Synth,No Weather,Consecutive
1998-06-09,149.15277743805967,2006-06-20,Train vs Synth,No Weather,Consecutive
1998-06-10,141.5411779366287,2011-06-12,Train vs Synth,No Weather,Consecutive
1998-06-11,170.82211794728934,2019-06-06,Train vs Synth,No Weather,Consecutive
1998-06-12,159.588217636633,1998-06-19,Train vs Synth,No Weather,Consecutive
1998-06-13,142.2861823453983,2006-06-04,Train vs Synth,No Weather,Consecutive
1998-06-14,238.51584108903575,1998-06-19,Train vs Synth,No Weather,Consecutive
1998-06-15,181.75240373881002,2000-06-18,Train vs Synth,No Weather,Consecutive
1998-06-16,165.09823923209998,2001-06-05,Train vs Synth,No Weather,Consecutive
1998-06-17,144.39644872598498,2010-06-14,Train vs Synth,No Weather,Consecutive
1998-06-18,186.5470492534425,2002-06-02,Train vs Synth,No Weather,Consecutive
1998-06-19,148.09274346690347,2000-06-10,Train vs Synth,No Weather,Consecutive
1998-06-20,127.14774543300734,2019-06-20,Train vs Synth,No Weather,Consecutive
1998-06-21,213.9742133235444,2020-06-16,Train vs Synth,No Weather,Consecutive
1999-06-01,206.75105798757812,2004-06-01,Train vs Synth,No Weather,Consecutive
1999-06-02,127.0358228874783,2000-06-10,Train vs Synth,No Weather,Consecutive
1999-06-03,142.83403650280727,2011-06-04,Train vs Synth,No Weather,Consecutive
1999-06-04,88.51694630240335,2014-06-16,Train vs Synth,No Weather,Consecutive
1999-06-05,100.08112729002079,2012-06-11,Train vs Synth,No Weather,Consecutive
1999-06-06,117.60521244205522,2011-06-15,Train vs Synth,No Weather,Consecutive
1999-06-07,127.80069451904366,2011-06-06,Train vs Synth,No Weather,Consecutive
1999-06-08,85.94616821917896,2018-06-18,Train vs Synth,No Weather,Consecutive
1999-06-09,144.35667502045715,2015-06-03,Train vs Synth,No Weather,Consecutive
1999-06-10,207.46536953898564,2004-06-13,Train vs Synth,No Weather,Consecutive
1999-06-11,122.96776569138805,2016-06-01,Train vs Synth,No Weather,Consecutive
1999-06-12,162.00001137741077,2015-06-08,Train vs Synth,No Weather,Consecutive
1999-06-13,135.96616307797552,2012-06-05,Train vs Synth,No Weather,Consecutive
1999-06-14,173.54152110430917,2016-06-19,Train vs Synth,No Weather,Consecutive
1999-06-15,100.47669370657957,2000-06-10,Train vs Synth,No Weather,Consecutive
1999-06-16,170.90564922684334,2012-06-05,Train vs Synth,No Weather,Consecutive
1999-06-17,144.23016062984664,2006-06-01,Train vs Synth,No Weather,Consecutive
1999-06-18,106.76525797135295,2015-06-09,Train vs Synth,No Weather,Consecutive
1999-06-19,134.44953903507073,2008-06-21,Train vs Synth,No Weather,Consecutive
1999-06-20,108.76062503091433,2020-06-13,Train vs Synth,No Weather,Consecutive
1999-06-21,95.84787465350983,2011-06-06,Train vs Synth,No Weather,Consecutive
2000-06-01,100.44581466519823,2016-06-13,Train vs Synth,No Weather,Consecutive
2000-06-02,163.6141954269859,2016-06-19,Train vs Synth,No Weather,Consecutive
2000-06-03,112.16974005858009,2006-06-14,Train vs Synth,No Weather,Consecutive
2000-06-04,129.90405251746606,2016-06-14,Train vs Synth,No Weather,Consecutive
2000-06-05,150.4398462171946,2012-06-05,Train vs Synth,No Weather,Consecutive
2000-06-06,103.81712069043674,2010-06-05,Train vs Synth,No Weather,Consecutive
2000-06-07,83.64433513733705,2018-06-18,Train vs Synth,No Weather,Consecutive
2000-06-08,79.45566062553019,1998-06-14,Train vs Synth,No Weather,Consecutive
2000-06-09,98.63268559494347,2014-06-16,Train vs Synth,No Weather,Consecutive
2000-06-10,109.49752778372195,2013-06-20,Train vs Synth,No Weather,Consecutive
2000-06-11,122.39230829908905,2011-06-21,Train vs Synth,No Weather,Consecutive
2000-06-12,130.46396793614736,2009-06-02,Train vs Synth,No Weather,Consecutive
2000-06-13,117.76970063943712,2003-06-02,Train vs Synth,No Weather,Consecutive
2000-06-14,209.0505984473855,1999-06-16,Train vs Synth,No Weather,Consecutive
2000-06-15,125.16903122809438,2002-06-15,Train vs Synth,No Weather,Consecutive
2000-06-16,213.1163720007353,2015-06-01,Train vs Synth,No Weather,Consecutive
2000-06-17,160.72216722697397,2016-06-19,Train vs Synth,No Weather,Consecutive
2000-06-18,133.44809957944238,2006-06-20,Train vs Synth,No Weather,Consecutive
2000-06-19,98.7733805446757,2005-06-01,Train vs Synth,No Weather,Consecutive
2000-06-20,123.19460408685163,2005-06-05,Train vs Synth,No Weather,Consecutive
2000-06-21,236.74084809892395,2020-06-13,Train vs Synth,No Weather,Consecutive
2001-06-01,124.826079470472,2012-06-01,Train vs Synth,No Weather,Consecutive
2001-06-02,177.6509071776875,2015-06-01,Train vs Synth,No Weather,Consecutive
2001-06-03,165.30392476553584,2016-06-08,Train vs Synth,No Weather,Consecutive
2001-06-04,115.64359031217349,2019-06-02,Train vs Synth,No Weather,Consecutive
2001-06-05,128.14056725712774,2007-06-15,Train vs Synth,No Weather,Consecutive
2001-06-06,97.6164709089739,1999-06-02,Train vs Synth,No Weather,Consecutive
2001-06-07,122.1266369283612,2015-06-08,Train vs Synth,No Weather,Consecutive
2001-06-12,95.21434184210051,2009-06-16,Train vs Synth,No Weather,Consecutive
2001-06-13,128.06709937086495,2004-06-19,Train vs Synth,No Weather,Consecutive
2001-06-14,211.4855613937373,2017-06-10,Train vs Synth,No Weather,Consecutive
2001-06-15,154.37535070939487,2012-06-20,Train vs Synth,No Weather,Consecutive
2001-06-16,87.35090496990556,2017-06-07,Train vs Synth,No Weather,Consecutive
2001-06-17,161.6485824743158,2019-06-16,Train vs Synth,No Weather,Consecutive
2001-06-18,87.77679645825147,2019-06-21,Train vs Synth,No Weather,Consecutive
2001-06-19,93.91460191546717,2019-06-16,Train vs Synth,No Weather,Consecutive
2001-06-20,125.91390997186149,2003-06-06,Train vs Synth,No Weather,Consecutive
2001-06-21,183.21273986399964,2008-06-09,Train vs Synth,No Weather,Consecutive
2002-06-01,96.24555046533642,2019-06-09,Train vs Synth,No Weather,Consecutive
2002-06-02,88.41305291974436,2013-06-09,Train vs Synth,No Weather,Consecutive
2002-06-03,105.47469654481182,2017-06-01,Train vs Synth,No Weather,Consecutive
2002-06-04,177.41457931142745,2012-06-16,Train vs Synth,No Weather,Consecutive
2002-06-05,117.87419393099019,2013-06-01,Train vs Synth,No Weather,Consecutive
2002-06-06,135.35265931108992,2006-06-20,Train vs Synth,No Weather,Consecutive
2002-06-07,82.12509893160883,2020-06-01,Train vs Synth,No Weather,Consecutive
2002-06-08,77.61570396969161,2014-06-07,Train vs Synth,No Weather,Consecutive
2002-06-09,97.95538905983433,2020-06-10,Train vs Synth,No Weather,Consecutive
2002-06-10,98.78405276094712,2004-06-05,Train vs Synth,No Weather,Consecutive
2002-06-11,101.29041459082661,2013-06-06,Train vs Synth,No Weather,Consecutive
2002-06-12,194.04159558965614,2015-06-17,Train vs Synth,No Weather,Consecutive
2002-06-13,207.52726217480597,2020-06-03,Train vs Synth,No Weather,Consecutive
2002-06-14,139.98208275010157,2008-06-09,Train vs Synth,No Weather,Consecutive
2002-06-15,132.77568393778705,2020-06-01,Train vs Synth,No Weather,Consecutive
2002-06-16,208.6074771014344,2006-06-20,Train vs Synth,No Weather,Consecutive
2002-06-17,113.60786446626953,2012-06-01,Train vs Synth,No Weather,Consecutive
2002-06-18,141.74407940027015,2010-06-10,Train vs Synth,No Weather,Consecutive
2002-06-19,94.86415137752525,2009-06-16,Train vs Synth,No Weather,Consecutive
2002-06-20,94.2190210756582,2003-06-17,Train vs Synth,No Weather,Consecutive
2002-06-21,83.09317755760276,2004-06-09,Train vs Synth,No Weather,Consecutive
2003-06-01,102.86884279480655,2000-06-10,Train vs Synth,No Weather,Consecutive
2003-06-02,185.42707079084016,2004-06-01,Train vs Synth,No Weather,Consecutive
2003-06-03,142.7895283410865,2017-06-19,Train vs Synth,No Weather,Consecutive
2003-06-04,97.63606205249175,2015-06-08,Train vs Synth,No Weather,Consecutive
2003-06-05,88.14564164476397,2020-06-13,Train vs Synth,No Weather,Consecutive
2003-06-06,173.56443861910412,2012-06-05,Train vs Synth,No Weather,Consecutive
2003-06-07,148.83378241965644,2000-06-18,Train vs Synth,No Weather,Consecutive
2003-06-08,158.34563604742198,2000-06-18,Train vs Synth,No Weather,Consecutive
2003-06-09,127.29351270366614,2000-06-20,Train vs Synth,No Weather,Consecutive
2003-06-10,128.7000001396512,2019-06-14,Train vs Synth,No Weather,Consecutive
2003-06-11,114.4984831817696,2012-06-21,Train vs Synth,No Weather,Consecutive
2003-06-12,147.926074530347,2006-06-13,Train vs Synth,No Weather,Consecutive
2003-06-13,146.4665733546224,2012-06-06,Train vs Synth,No Weather,Consecutive
2003-06-14,167.44990497667735,2006-06-20,Train vs Synth,No Weather,Consecutive
2003-06-15,145.60252290508177,2015-06-07,Train vs Synth,No Weather,Consecutive
2003-06-16,126.56103614486263,2015-06-08,Train vs Synth,No Weather,Consecutive
2003-06-17,126.16901076648182,2006-06-20,Train vs Synth,No Weather,Consecutive
2003-06-18,107.59787824839424,2006-06-20,Train vs Synth,No Weather,Consecutive
2003-06-19,142.24908016816798,2016-06-01,Train vs Synth,No Weather,Consecutive
2003-06-20,98.2716251161337,2000-06-10,Train vs Synth,No Weather,Consecutive
2003-06-21,122.84961517641844,1998-06-09,Train vs Synth,No Weather,Consecutive
2004-06-01,158.0543979050533,2020-06-03,Train vs Synth,No Weather,Consecutive
2004-06-02,165.94264707068768,2015-06-08,Train vs Synth,No Weather,Consecutive
2004-06-03,127.95901785875927,2016-06-19,Train vs Synth,No Weather,Consecutive
2004-06-04,118.94445877620826,2008-06-20,Train vs Synth,No Weather,Consecutive
2004-06-05,129.63528743787552,2004-06-09,Train vs Synth,No Weather,Consecutive
2004-06-06,123.57236351008953,2004-06-10,Train vs Synth,No Weather,Consecutive
2004-06-07,80.00099866130401,2014-06-07,Train vs Synth,No Weather,Consecutive
2004-06-08,101.23642878389431,2000-06-02,Train vs Synth,No Weather,Consecutive
2004-06-09,89.02236594772216,2007-06-20,Train vs Synth,No Weather,Consecutive
2004-06-10,83.11614482270501,1998-06-14,Train vs Synth,No Weather,Consecutive
2004-06-11,117.354193157354,2005-06-13,Train vs Synth,No Weather,Consecutive
2004-06-12,94.81423081538662,2009-06-02,Train vs Synth,No Weather,Consecutive
2004-06-13,181.0360122328046,2003-06-17,Train vs Synth,No Weather,Consecutive
2004-06-14,85.35198443342561,2004-06-10,Train vs Synth,No Weather,Consecutive
2004-06-15,164.44377481734082,2008-06-11,Train vs Synth,No Weather,Consecutive
2004-06-16,119.46060127132966,2010-06-07,Train vs Synth,No Weather,Consecutive
2004-06-17,147.2467137258497,2016-06-01,Train vs Synth,No Weather,Consecutive
2004-06-18,191.8758340586857,1998-06-01,Train vs Synth,No Weather,Consecutive
2004-06-19,168.64515201387854,2016-06-19,Train vs Synth,No Weather,Consecutive
2004-06-20,133.40690952589182,2000-06-10,Train vs Synth,No Weather,Consecutive
2004-06-21,192.07175159161488,2008-06-03,Train vs Synth,No Weather,Consecutive
2005-06-01,139.7492679580719,2006-06-20,Train vs Synth,No Weather,Consecutive
2005-06-02,77.1443833021004,2003-06-15,Train vs Synth,No Weather,Consecutive
2005-06-03,158.36584587159635,2015-06-03,Train vs Synth,No Weather,Consecutive
2005-06-04,159.60346841936715,2009-06-01,Train vs Synth,No Weather,Consecutive
2005-06-05,149.51554239250737,2007-06-11,Train vs Synth,No Weather,Consecutive
2005-06-06,101.75607851206624,2011-06-06,Train vs Synth,No Weather,Consecutive
2005-06-07,96.76142864732104,1998-06-14,Train vs Synth,No Weather,Consecutive
2005-06-08,109.45942041054394,2020-06-11,Train vs Synth,No Weather,Consecutive
2005-06-09,235.2399577026913,2011-06-14,Train vs Synth,No Weather,Consecutive
2005-06-10,183.02949725745543,2004-06-10,Train vs Synth,No Weather,Consecutive
2005-06-13,192.71062118936882,2016-06-01,Train vs Synth,No Weather,Consecutive
2005-06-14,136.49596669108035,2000-06-18,Train vs Synth,No Weather,Consecutive
2005-06-15,123.85049056790741,2006-06-14,Train vs Synth,No Weather,Consecutive
2005-06-16,142.54188204095655,2010-06-17,Train vs Synth,No Weather,Consecutive
2005-06-17,157.82335342941929,2000-06-11,Train vs Synth,No Weather,Consecutive
2005-06-18,88.57891336457487,2018-06-04,Train vs Synth,No Weather,Consecutive
2005-06-19,83.22391430942254,2003-06-15,Train vs Synth,No Weather,Consecutive
2005-06-20,96.6594432173008,2008-06-03,Train vs Synth,No Weather,Consecutive
2005-06-21,97.38243603291636,2016-06-01,Train vs Synth,No Weather,Consecutive
2006-06-01,167.838188777906,2016-06-19,Train vs Synth,No Weather,Consecutive
2006-06-02,115.73970970272842,2006-06-20,Train vs Synth,No Weather,Consecutive
2006-06-03,104.91590564412562,2010-06-07,Train vs Synth,No Weather,Consecutive
2006-06-04,93.26180392346377,2011-06-21,Train vs Synth,No Weather,Consecutive
2006-06-05,122.70386503017934,2000-06-12,Train vs Synth,No Weather,Consecutive
2006-06-06,163.12540829860873,2006-06-02,Train vs Synth,No Weather,Consecutive
2006-06-07,98.24891424293699,2006-06-20,Train vs Synth,No Weather,Consecutive
2006-06-08,89.09315112231353,2000-06-10,Train vs Synth,No Weather,Consecutive
2006-06-09,80.31254622585358,2020-06-01,Train vs Synth,No Weather,Consecutive
2006-06-10,106.43515267750139,1999-06-13,Train vs Synth,No Weather,Consecutive
2006-06-11,142.97807364594314,2008-06-21,Train vs Synth,No Weather,Consecutive
2006-06-12,188.85371504866131,2015-06-08,Train vs Synth,No Weather,Consecutive
2006-06-13,114.9398208103518,2015-06-08,Train vs Synth,No Weather,Consecutive
2006-06-14,89.77329286421676,2010-06-09,Train vs Synth,No Weather,Consecutive
2006-06-15,86.56518611484634,2002-06-07,Train vs Synth,No Weather,Consecutive
2006-06-16,92.04656582269054,2006-06-17,Train vs Synth,No Weather,Consecutive
2006-06-17,162.4875993696557,2017-06-12,Train vs Synth,No Weather,Consecutive
2006-06-18,173.57391136453415,1998-06-20,Train vs Synth,No Weather,Consecutive
2006-06-19,130.92390669096042,2011-06-04,Train vs Synth,No Weather,Consecutive
2006-06-20,90.90921293930076,2014-06-16,Train vs Synth,No Weather,Consecutive
2006-06-21,104.02858595673518,1998-06-14,Train vs Synth,No Weather,Consecutive
2007-06-01,183.28167603788535,2017-06-18,Train vs Synth,No Weather,Consecutive
2007-06-02,137.3784426806989,2012-06-06,Train vs Synth,No Weather,Consecutive
2007-06-03,155.4342256418912,2000-06-18,Train vs Synth,No Weather,Consecutive
2007-06-04,150.29624955390764,2000-06-18,Train vs Synth,No Weather,Consecutive
2007-06-05,145.61801429282545,1998-06-20,Train vs Synth,No Weather,Consecutive
2007-06-06,103.37518854635304,2013-06-16,Train vs Synth,No Weather,Consecutive
2007-06-07,188.64331654979264,2013-06-07,Train vs Synth,No Weather,Consecutive
2007-06-08,210.295655255712,2008-06-08,Train vs Synth,No Weather,Consecutive
2007-06-09,77.05347697710481,2006-06-14,Train vs Synth,No Weather,Consecutive
2007-06-10,141.43897969217068,1999-06-03,Train vs Synth,No Weather,Consecutive
2007-06-11,105.53275980956106,2010-06-17,Train vs Synth,No Weather,Consecutive
2007-06-12,82.22126580385607,2003-06-15,Train vs Synth,No Weather,Consecutive
2007-06-13,128.68525564874426,2015-06-09,Train vs Synth,No Weather,Consecutive
2007-06-14,136.30381200932808,2000-06-11,Train vs Synth,No Weather,Consecutive
2007-06-15,99.43046299093923,2015-06-08,Train vs Synth,No Weather,Consecutive
2007-06-16,103.19613634626754,2000-06-10,Train vs Synth,No Weather,Consecutive
2007-06-17,104.778602096731,2005-06-14,Train vs Synth,No Weather,Consecutive
2007-06-18,75.9292278242846,2007-06-20,Train vs Synth,No Weather,Consecutive
2007-06-19,106.07126401188876,2008-06-21,Train vs Synth,No Weather,Consecutive
2007-06-20,149.0368475339515,2000-06-11,Train vs Synth,No Weather,Consecutive
2007-06-21,86.33097140244094,2008-06-20,Train vs Synth,No Weather,Consecutive
2008-06-01,154.02156198521067,2020-06-13,Train vs Synth,No Weather,Consecutive
2008-06-02,118.02725873045935,2000-06-12,Train vs Synth,No Weather,Consecutive
2008-06-03,134.05237150398887,2020-06-21,Train vs Synth,No Weather,Consecutive
2008-06-04,162.22806131885406,2002-06-11,Train vs Synth,No Weather,Consecutive
2008-06-05,161.57087221087383,2000-06-02,Train vs Synth,No Weather,Consecutive
2008-06-06,201.1540390992344,1998-06-20,Train vs Synth,No Weather,Consecutive
2008-06-07,101.17537747156206,2009-06-15,Train vs Synth,No Weather,Consecutive
2008-06-08,125.16888516995901,2005-06-05,Train vs Synth,No Weather,Consecutive
2008-06-09,197.33520418475487,2006-06-14,Train vs Synth,No Weather,Consecutive
2008-06-10,102.84105149167058,2017-06-16,Train vs Synth,No Weather,Consecutive
2008-06-11,141.08320297217477,1999-06-10,Train vs Synth,No Weather,Consecutive
2008-06-12,126.14606214010225,1998-06-05,Train vs Synth,No Weather,Consecutive
2008-06-13,175.34012163057108,2007-06-17,Train vs Synth,No Weather,Consecutive
2008-06-14,92.70956019789051,2000-06-10,Train vs Synth,No Weather,Consecutive
2008-06-15,103.49552018602273,2004-06-09,Train vs Synth,No Weather,Consecutive
2008-06-16,180.64989635694232,2015-06-08,Train vs Synth,No Weather,Consecutive
2008-06-17,130.09177342348536,2000-06-10,Train vs Synth,No Weather,Consecutive
2008-06-18,160.30493422721565,2001-06-04,Train vs Synth,No Weather,Consecutive
2008-06-19,134.56231392346572,2008-06-03,Train vs Synth,No Weather,Consecutive
2008-06-20,125.36958423410555,2013-06-01,Train vs Synth,No Weather,Consecutive
2008-06-21,126.32035776449486,2012-06-06,Train vs Synth,No Weather,Consecutive
2009-06-01,85.77446371523165,2000-06-20,Train vs Synth,No Weather,Consecutive
2009-06-02,115.12355572972209,2008-06-03,Train vs Synth,No Weather,Consecutive
2009-06-03,173.7838015723871,2012-06-05,Train vs Synth,No Weather,Consecutive
2009-06-04,131.74730592856505,2012-06-06,Train vs Synth,No Weather,Consecutive
2009-06-05,93.0379735574532,2020-06-01,Train vs Synth,No Weather,Consecutive
2009-06-06,122.0861817565642,2011-06-15,Train vs Synth,No Weather,Consecutive
2009-06-07,128.07809277148962,2000-06-04,Train vs Synth,No Weather,Consecutive
2009-06-08,165.4628543215149,2006-06-19,Train vs Synth,No Weather,Consecutive
2009-06-09,146.85901686832335,1999-06-17,Train vs Synth,No Weather,Consecutive
2009-06-10,159.2397725814403,2012-06-06,Train vs Synth,No Weather,Consecutive
2009-06-11,121.7576606750972,2016-06-01,Train vs Synth,No Weather,Consecutive
2009-06-12,132.4735489078162,2016-06-01,Train vs Synth,No Weather,Consecutive
2009-06-13,140.35732545500755,2020-06-13,Train vs Synth,No Weather,Consecutive
2009-06-14,147.68818991364546,2010-06-05,Train vs Synth,No Weather,Consecutive
2009-06-15,138.02226451732858,2004-06-03,Train vs Synth,No Weather,Consecutive
2009-06-16,145.53196602876002,2001-06-06,Train vs Synth,No Weather,Consecutive
2009-06-17,86.93047556942444,1999-06-13,Train vs Synth,No Weather,Consecutive
2009-06-18,106.25218666485932,2004-06-07,Train vs Synth,No Weather,Consecutive
2009-06-19,139.72269052622156,2019-06-20,Train vs Synth,No Weather,Consecutive
2009-06-20,149.54823064029904,1998-06-18,Train vs Synth,No Weather,Consecutive
2009-06-21,105.33101294331094,2011-06-21,Train vs Synth,No Weather,Consecutive
2010-06-01,89.84931454734007,2011-06-06,Train vs Synth,No Weather,Consecutive
2010-06-02,137.31513554094647,2007-06-16,Train vs Synth,No Weather,Consecutive
2010-06-03,156.6404245750004,2016-06-01,Train vs Synth,No Weather,Consecutive
2010-06-04,76.35359136056505,2020-06-01,Train vs Synth,No Weather,Consecutive
2010-06-05,85.87446844017123,2010-06-10,Train vs Synth,No Weather,Consecutive
2010-06-06,169.3697904859285,2015-06-08,Train vs Synth,No Weather,Consecutive
2010-06-07,154.0741789900808,2015-06-08,Train vs Synth,No Weather,Consecutive
2010-06-08,85.34574994294653,2020-06-02,Train vs Synth,No Weather,Consecutive
2010-06-09,170.54228751162947,2008-06-21,Train vs Synth,No Weather,Consecutive
2010-06-10,86.75607648412857,2000-06-12,Train vs Synth,No Weather,Consecutive
2010-06-11,103.18815522148185,2018-06-20,Train vs Synth,No Weather,Consecutive
2010-06-12,85.8427869120703,2003-06-08,Train vs Synth,No Weather,Consecutive
2010-06-13,140.5759924910171,2008-06-16,Train vs Synth,No Weather,Consecutive
2010-06-14,173.99514860778274,2011-06-03,Train vs Synth,No Weather,Consecutive
2010-06-15,157.09230008365506,2008-06-04,Train vs Synth,No Weather,Consecutive
2010-06-16,105.7911612034436,2010-06-17,Train vs Synth,No Weather,Consecutive
2010-06-17,89.82648192236041,2018-06-12,Train vs Synth,No Weather,Consecutive
2010-06-18,89.12784618477983,2017-06-01,Train vs Synth,No Weather,Consecutive
2010-06-19,80.14068596941571,2010-06-10,Train vs Synth,No Weather,Consecutive
2010-06-20,80.27446302060466,2018-06-18,Train vs Synth,No Weather,Consecutive
2010-06-21,84.65580807448086,1999-06-19,Train vs Synth,No Weather,Consecutive
2011-06-01,118.42063211417256,2015-06-02,Train vs Synth,No Weather,Consecutive
2011-06-02,94.34460574689022,2020-06-02,Train vs Synth,No Weather,Consecutive
2011-06-03,92.2928449715806,2020-06-02,Train vs Synth,No Weather,Consecutive
2011-06-04,107.1167401520421,2019-06-11,Train vs Synth,No Weather,Consecutive
2011-06-05,94.45482996450566,2012-06-01,Train vs Synth,No Weather,Consecutive
2011-06-06,91.59542033504367,2004-06-07,Train vs Synth,No Weather,Consecutive
2011-06-07,88.93499744508512,2020-06-02,Train vs Synth,No Weather,Consecutive
2011-06-08,88.07847608008343,1998-06-05,Train vs Synth,No Weather,Consecutive
2011-06-09,140.00396883971473,2011-06-13,Train vs Synth,No Weather,Consecutive
2011-06-10,178.25300150538783,2012-06-03,Train vs Synth,No Weather,Consecutive
2011-06-11,161.91348946646852,2015-06-07,Train vs Synth,No Weather,Consecutive
2011-06-12,199.94335795620714,2000-06-10,Train vs Synth,No Weather,Consecutive
2011-06-13,117.31235124141129,2020-06-02,Train vs Synth,No Weather,Consecutive
2011-06-14,216.57341612155733,2002-06-02,Train vs Synth,No Weather,Consecutive
2011-06-15,141.82495964838822,2015-06-07,Train vs Synth,No Weather,Consecutive
2011-06-18,156.3249388664196,2010-06-06,Train vs Synth,No Weather,Consecutive
2011-06-19,197.85245667361258,2020-06-18,Train vs Synth,No Weather,Consecutive
2011-06-20,148.73427244368781,2013-06-12,Train vs Synth,No Weather,Consecutive
2011-06-21,182.2334485921634,1998-06-19,Train vs Synth,No Weather,Consecutive
2012-06-01,137.8583889536964,2006-06-20,Train vs Synth,No Weather,Consecutive
2012-06-02,104.75817370747474,2017-06-19,Train vs Synth,No Weather,Consecutive
2012-06-03,140.69843197044037,1999-06-03,Train vs Synth,No Weather,Consecutive
2012-06-04,125.58041294282354,2017-06-19,Train vs Synth,No Weather,Consecutive
2012-06-05,145.57789869457477,2007-06-17,Train vs Synth,No Weather,Consecutive
2012-06-06,122.29670197689173,2000-06-10,Train vs Synth,No Weather,Consecutive
2012-06-07,114.03640312663217,1999-06-18,Train vs Synth,No Weather,Consecutive
2012-06-08,101.81398531186399,2006-06-14,Train vs Synth,No Weather,Consecutive
2012-06-09,86.68201007442609,2014-06-07,Train vs Synth,No Weather,Consecutive
2012-06-10,101.33048083329669,2020-06-10,Train vs Synth,No Weather,Consecutive
2012-06-11,158.7772878230367,2020-06-08,Train vs Synth,No Weather,Consecutive
2012-06-12,142.26260951098067,2000-06-10,Train vs Synth,No Weather,Consecutive
2012-06-13,104.37254680859941,2000-06-12,Train vs Synth,No Weather,Consecutive
2012-06-14,97.19030305772216,2002-06-07,Train vs Synth,No Weather,Consecutive
2012-06-15,214.86249647891387,2015-06-12,Train vs Synth,No Weather,Consecutive
2012-06-16,145.08623573121287,2010-06-07,Train vs Synth,No Weather,Consecutive
2012-06-17,95.54170849396874,2013-06-05,Train vs Synth,No Weather,Consecutive
2012-06-18,94.06317047334328,2010-06-13,Train vs Synth,No Weather,Consecutive
2012-06-19,113.06720325144879,2006-06-17,Train vs Synth,No Weather,Consecutive
2012-06-20,106.35051353970263,2013-06-18,Train vs Synth,No Weather,Consecutive
2012-06-21,167.8619494303708,1999-06-16,Train vs Synth,No Weather,Consecutive
2013-06-01,152.47342407859952,2000-06-18,Train vs Synth,No Weather,Consecutive
2013-06-02,136.06673051822355,2008-06-08,Train vs Synth,No Weather,Consecutive
2013-06-03,84.73589177969858,2010-06-17,Train vs Synth,No Weather,Consecutive
2013-06-04,161.8330569039174,2011-06-07,Train vs Synth,No Weather,Consecutive
2013-06-05,214.09727303509075,2006-06-20,Train vs Synth,No Weather,Consecutive
2013-06-06,140.8174330704958,2013-06-01,Train vs Synth,No Weather,Consecutive
2013-06-07,128.0824084619839,2012-06-06,Train vs Synth,No Weather,Consecutive
2013-06-08,90.682563359705,2017-06-11,Train vs Synth,No Weather,Consecutive
2013-06-09,163.04692797113083,1998-06-19,Train vs Synth,No Weather,Consecutive
2013-06-10,108.94547817281797,2000-06-16,Train vs Synth,No Weather,Consecutive
2013-06-11,94.39136184422438,2007-06-08,Train vs Synth,No Weather,Consecutive
2013-06-12,130.43338113874987,2019-06-20,Train vs Synth,No Weather,Consecutive
2013-06-13,156.0341785318602,2012-06-21,Train vs Synth,No Weather,Consecutive
2013-06-14,95.66276574819504,2010-06-09,Train vs Synth,No Weather,Consecutive
2013-06-15,116.20004009426677,2008-06-15,Train vs Synth,No Weather,Consecutive
2013-06-16,131.44404886601822,2017-06-18,Train vs Synth,No Weather,Consecutive
2013-06-17,151.62550978809338,2017-06-19,Train vs Synth,No Weather,Consecutive
2013-06-18,105.49346274442348,2006-06-20,Train vs Synth,No Weather,Consecutive
2013-06-19,90.71703190556359,2010-06-17,Train vs Synth,No Weather,Consecutive
2013-06-20,88.83076601525008,2014-06-07,Train vs Synth,No Weather,Consecutive
2013-06-21,92.78847796472363,2012-06-11,Train vs Synth,No Weather,Consecutive
2014-06-01,87.21742594349315,2005-06-01,Train vs Synth,No Weather,Consecutive
2014-06-02,159.02948175336687,2008-06-03,Train vs Synth,No Weather,Consecutive
2014-06-03,111.69891564363007,2017-06-11,Train vs Synth,No Weather,Consecutive
2014-06-04,122.67647799327662,2010-06-15,Train vs Synth,No Weather,Consecutive
2014-06-05,138.49135579265436,2020-06-16,Train vs Synth,No Weather,Consecutive
2014-06-06,171.4881682696183,2006-06-14,Train vs Synth,No Weather,Consecutive
2014-06-07,223.6626312919391,1998-06-01,Train vs Synth,No Weather,Consecutive
2014-06-08,135.23672981081793,2000-06-10,Train vs Synth,No Weather,Consecutive
2014-06-09,171.07696660891202,2011-06-01,Train vs Synth,No Weather,Consecutive
2014-06-10,149.89328351877592,2008-06-08,Train vs Synth,No Weather,Consecutive
2014-06-11,127.58790137047308,2012-06-21,Train vs Synth,No Weather,Consecutive
2014-06-12,195.43934705687127,2012-06-05,Train vs Synth,No Weather,Consecutive
2014-06-13,114.72565413631321,2000-06-10,Train vs Synth,No Weather,Consecutive
2014-06-14,117.34211676889544,1998-06-16,Train vs Synth,No Weather,Consecutive
2014-06-15,192.59163094012774,1999-06-04,Train vs Synth,No Weather,Consecutive
2014-06-16,117.48500691299077,2014-06-07,Train vs Synth,No Weather,Consecutive
2014-06-17,102.22578309544795,2001-06-02,Train vs Synth,No Weather,Consecutive
2014-06-18,100.09350669347666,1998-06-05,Train vs Synth,No Weather,Consecutive
2014-06-19,118.46370463367734,2019-06-20,Train vs Synth,No Weather,Consecutive
2014-06-20,115.52228599891359,2014-06-03,Train vs Synth,No Weather,Consecutive
2014-06-21,97.06769619729877,2004-06-03,Train vs Synth,No Weather,Consecutive
2015-06-01,85.41681499109875,2020-06-13,Train vs Synth,No Weather,Consecutive
2015-06-02,92.18248366930496,2010-06-17,Train vs Synth,No Weather,Consecutive
2015-06-03,80.84949510520126,2003-06-16,Train vs Synth,No Weather,Consecutive
2015-06-04,83.71505064662038,2003-06-15,Train vs Synth,No Weather,Consecutive
2015-06-05,113.15712934256538,2001-06-06,Train vs Synth,No Weather,Consecutive
2015-06-06,76.29278364850691,2020-06-01,Train vs Synth,No Weather,Consecutive
2015-06-07,105.03374772201983,2013-06-05,Train vs Synth,No Weather,Consecutive
2015-06-08,161.03811784767316,1998-06-20,Train vs Synth,No Weather,Consecutive
2015-06-09,117.71846879006293,2006-06-14,Train vs Synth,No Weather,Consecutive
2015-06-10,95.06130885934779,2001-06-17,Train vs Synth,No Weather,Consecutive
2015-06-11,85.37102879855783,2019-06-16,Train vs Synth,No Weather,Consecutive
2015-06-12,181.18300465305566,2015-06-12,Train vs Synth,No Weather,Consecutive
2015-06-13,124.5898411898813,2011-06-06,Train vs Synth,No Weather,Consecutive
2015-06-14,88.3567201068204,2010-06-09,Train vs Synth,No Weather,Consecutive
2015-06-15,132.28405949831267,2008-06-03,Train vs Synth,No Weather,Consecutive
2015-06-16,128.08337609692546,2012-06-06,Train vs Synth,No Weather,Consecutive
2015-06-17,96.74498736353264,2010-06-17,Train vs Synth,No Weather,Consecutive
2015-06-18,127.03791503596361,2012-06-05,Train vs Synth,No Weather,Consecutive
2015-06-19,123.69461742063739,2006-06-20,Train vs Synth,No Weather,Consecutive
2015-06-20,89.10655207262714,2016-06-15,Train vs Synth,No Weather,Consecutive
2015-06-21,96.74390938732849,2019-06-18,Train vs Synth,No Weather,Consecutive
2016-06-01,133.55035279037406,2006-06-20,Train vs Synth,No Weather,Consecutive
2016-06-02,154.13124078500712,2015-06-07,Train vs Synth,No Weather,Consecutive
2016-06-03,112.36166958578613,2006-06-14,Train vs Synth,No Weather,Consecutive
2016-06-04,185.67532371572725,2008-06-09,Train vs Synth,No Weather,Consecutive
2016-06-05,137.8395497483483,2008-06-08,Train vs Synth,No Weather,Consecutive
2016-06-06,119.49503320587199,2006-06-20,Train vs Synth,No Weather,Consecutive
2016-06-07,128.24983272446374,2012-06-21,Train vs Synth,No Weather,Consecutive
2016-06-08,88.67967431011456,2010-06-09,Train vs Synth,No Weather,Consecutive
2016-06-09,87.35384826503267,2018-06-18,Train vs Synth,No Weather,Consecutive
2016-06-10,75.31153471597001,2010-06-10,Train vs Synth,No Weather,Consecutive
2016-06-11,86.44395852458342,2020-06-01,Train vs Synth,No Weather,Consecutive
2016-06-12,115.2322988659585,2010-06-17,Train vs Synth,No Weather,Consecutive
2016-06-13,120.33383197221119,2010-06-17,Train vs Synth,No Weather,Consecutive
2016-06-14,141.98832239530307,2011-06-06,Train vs Synth,No Weather,Consecutive
2016-06-15,97.32137982579258,2017-06-16,Train vs Synth,No Weather,Consecutive
2016-06-16,132.45782271871815,2011-06-21,Train vs Synth,No Weather,Consecutive
2016-06-17,83.94492657241746,2011-06-05,Train vs Synth,No Weather,Consecutive
2016-06-18,170.2610739700525,2006-06-20,Train vs Synth,No Weather,Consecutive
2016-06-19,104.48534698498165,2010-06-17,Train vs Synth,No Weather,Consecutive
2016-06-20,94.65160768159883,2017-06-18,Train vs Synth,No Weather,Consecutive
2016-06-21,108.4666900634804,2004-06-03,Train vs Synth,No Weather,Consecutive
2017-06-01,129.70078981127517,2008-06-20,Train vs Synth,No Weather,Consecutive
2017-06-02,85.10893327832875,2001-06-06,Train vs Synth,No Weather,Consecutive
2017-06-03,169.60505825326788,2012-06-21,Train vs Synth,No Weather,Consecutive
2017-06-04,133.58337127356415,2006-06-20,Train vs Synth,No Weather,Consecutive
2017-06-05,129.51504574880738,2013-06-01,Train vs Synth,No Weather,Consecutive
2017-06-06,138.91733217839402,2013-06-01,Train vs Synth,No Weather,Consecutive
2017-06-07,136.5718112536334,2015-06-08,Train vs Synth,No Weather,Consecutive
2017-06-08,88.11777751624956,2017-06-19,Train vs Synth,No Weather,Consecutive
2017-06-09,89.32976513479815,2010-06-09,Train vs Synth,No Weather,Consecutive
2017-06-10,87.48594711067999,2014-06-16,Train vs Synth,No Weather,Consecutive
2017-06-11,101.71360493350883,1998-06-05,Train vs Synth,No Weather,Consecutive
2017-06-12,96.81848025683037,2019-06-13,Train vs Synth,No Weather,Consecutive
2017-06-13,87.60817271486482,2012-06-11,Train vs Synth,No Weather,Consecutive
2017-06-14,124.54566557613131,2005-06-13,Train vs Synth,No Weather,Consecutive
2017-06-15,101.07825676460236,2014-06-04,Train vs Synth,No Weather,Consecutive
2017-06-16,157.76124834237655,2010-06-09,Train vs Synth,No Weather,Consecutive
2017-06-17,88.77071141605745,2017-06-16,Train vs Synth,No Weather,Consecutive
2017-06-18,174.8643160569873,2016-06-19,Train vs Synth,No Weather,Consecutive
2017-06-19,100.06377117462426,2000-06-10,Train vs Synth,No Weather,Consecutive
2017-06-20,95.81140277580604,2011-06-06,Train vs Synth,No Weather,Consecutive
2017-06-21,86.57347368731381,2020-06-01,Train vs Synth,No Weather,Consecutive
2018-06-01,93.11004700058596,2010-06-17,Train vs Synth,No Weather,Consecutive
2018-06-02,189.6729068769995,2006-06-19,Train vs Synth,No Weather,Consecutive
2018-06-03,132.57033258378087,2012-06-06,Train vs Synth,No Weather,Consecutive
2018-06-04,105.90112365841286,2001-06-06,Train vs Synth,No Weather,Consecutive
2018-06-05,93.52940914921717,2001-06-06,Train vs Synth,No Weather,Consecutive
2018-06-06,84.24134911459505,2010-06-17,Train vs Synth,No Weather,Consecutive
2018-06-07,166.81644966004652,2001-06-06,Train vs Synth,No Weather,Consecutive
2018-06-08,92.42015571410677,2008-06-20,Train vs Synth,No Weather,Consecutive
2018-06-09,77.91768684350362,1998-06-14,Train vs Synth,No Weather,Consecutive
2018-06-10,84.73126359204844,1998-06-14,Train vs Synth,No Weather,Consecutive
2018-06-11,87.88949081766887,2000-06-21,Train vs Synth,No Weather,Consecutive
2018-06-12,143.31734678727972,2017-06-03,Train vs Synth,No Weather,Consecutive
2018-06-13,126.96000491094192,2016-06-08,Train vs Synth,No Weather,Consecutive
2018-06-14,84.91767487308896,2000-06-20,Train vs Synth,No Weather,Consecutive
2018-06-15,93.16538066546326,2014-06-08,Train vs Synth,No Weather,Consecutive
2018-06-16,93.81966408204069,1999-06-10,Train vs Synth,No Weather,Consecutive
2018-06-17,80.28852781716127,2009-06-16,Train vs Synth,No Weather,Consecutive
2018-06-18,84.0711925455502,2007-06-20,Train vs Synth,No Weather,Consecutive
2018-06-19,74.94154122852481,2001-06-18,Train vs Synth,No Weather,Consecutive
2018-06-20,172.40456221938697,1998-06-19,Train vs Synth,No Weather,Consecutive
2019-06-01,137.48873963669803,2008-06-03,Train vs Synth,No Weather,Consecutive
2019-06-02,119.03583081648245,2012-06-21,Train vs Synth,No Weather,Consecutive
2019-06-03,91.23863800408179,2006-06-14,Train vs Synth,No Weather,Consecutive
2019-06-04,147.12322999529894,2015-06-14,Train vs Synth,No Weather,Consecutive
2019-06-05,114.24389171602041,2008-06-15,Train vs Synth,No Weather,Consecutive
2019-06-06,168.70424971459173,2002-06-18,Train vs Synth,No Weather,Consecutive
2019-06-07,134.1006093669616,2008-06-08,Train vs Synth,No Weather,Consecutive
2019-06-08,97.00480917691975,2015-06-13,Train vs Synth,No Weather,Consecutive
2019-06-09,193.42321545934098,2012-06-05,Train vs Synth,No Weather,Consecutive
2019-06-10,163.67932456517292,2008-06-08,Train vs Synth,No Weather,Consecutive
2019-06-11,108.09606299405878,2007-06-02,Train vs Synth,No Weather,Consecutive
2019-06-12,178.43318364523378,2012-06-19,Train vs Synth,No Weather,Consecutive
2019-06-13,131.64059001064027,2012-06-17,Train vs Synth,No Weather,Consecutive
2019-06-14,116.11448927388892,2020-06-10,Train vs Synth,No Weather,Consecutive
2019-06-15,150.70074337390574,2006-06-08,Train vs Synth,No Weather,Consecutive
2019-06-16,159.74961204273194,2012-06-04,Train vs Synth,No Weather,Consecutive
2019-06-17,127.88965569018046,2012-06-06,Train vs Synth,No Weather,Consecutive
2019-06-18,91.35576020725144,2008-06-20,Train vs Synth,No Weather,Consecutive
2019-06-19,174.7462199141726,2012-06-06,Train vs Synth,No Weather,Consecutive
2019-06-20,114.98994126637481,2010-06-08,Train vs Synth,No Weather,Consecutive
2019-06-21,118.13911014530038,2002-06-08,Train vs Synth,No Weather,Consecutive
2020-06-01,78.75735430103275,2011-06-21,Train vs Synth,No Weather,Consecutive
2020-06-02,71.06311170117455,1998-06-08,Train vs Synth,No Weather,Consecutive
2020-06-03,94.81900802868816,2008-06-15,Train vs Synth,No Weather,Consecutive
2020-06-04,106.0446023680054,2006-06-05,Train vs Synth,No Weather,Consecutive
2020-06-05,143.44922699352776,2017-06-13,Train vs Synth,No Weather,Consecutive
2020-06-06,86.86961007129827,2001-06-18,Train vs Synth,No Weather,Consecutive
2020-06-07,83.03923416273825,2003-06-15,Train vs Synth,No Weather,Consecutive
2020-06-08,111.04867734652066,2018-06-04,Train vs Synth,No Weather,Consecutive
2020-06-09,182.4960809116673,2002-06-02,Train vs Synth,No Weather,Consecutive
2020-06-10,368.61917279762815,2000-06-18,Train vs Synth,No Weather,Consecutive
2020-06-11,129.89281320997472,2002-06-15,Train vs Synth,No Weather,Consecutive
2020-06-12,104.90166981194895,1999-06-07,Train vs Synth,No Weather,Consecutive
2020-06-13,87.03797562085633,2020-06-01,Train vs Synth,No Weather,Consecutive
2020-06-14,88.02021240006583,2018-06-18,Train vs Synth,No Weather,Consecutive
2020-06-15,83.8578591804913,2020-06-01,Train vs Synth,No Weather,Consecutive
2020-06-16,80.96938510285413,2004-06-11,Train vs Synth,No Weather,Consecutive
2020-06-17,92.92177656458689,2002-06-07,Train vs Synth,No Weather,Consecutive
2020-06-18,94.2394874135707,2018-06-20,Train vs Synth,No Weather,Consecutive
2020-06-19,206.5458967588731,2009-06-05,Train vs Synth,No Weather,Consecutive
2020-06-20,124.74299790589525,2008-06-04,Train vs Synth,No Weather,Consecutive
2020-06-21,137.90020524214046,2010-06-17,Train vs Synth,No Weather,Consecutive
1998-06-01,148.56751171299095,2006-06-19,Train vs Synth,Features,Independent
1998-06-02,134.62750882946574,2020-06-04,Train vs Synth,Features,Independent
1998-06-03,125.0770496879096,2013-06-01,Train vs Synth,Features,Independent
1998-06-04,139.53546466943928,2006-06-20,Train vs Synth,Features,Independent
1998-06-05,156.77633301801822,1998-06-08,Train vs Synth,Features,Independent
1998-06-06,128.8975132997991,2007-06-16,Train vs Synth,Features,Independent
1998-06-07,104.20800946670106,2016-06-15,Train vs Synth,Features,Independent
1998-06-08,169.98073862195284,2014-06-19,Train vs Synth,Features,Independent
1998-06-09,127.35749166457903,1999-06-03,Train vs Synth,Features,Independent
1998-06-10,146.62779446510987,1998-06-13,Train vs Synth,Features,Independent
1998-06-11,177.13021032655408,2006-06-09,Train vs Synth,Features,Independent
1998-06-12,154.34875724831718,2009-06-18,Train vs Synth,Features,Independent
1998-06-13,127.20384988611461,1998-06-13,Train vs Synth,Features,Independent
1998-06-14,233.55200465622696,2015-06-16,Train vs Synth,Features,Independent
1998-06-15,186.57496183637983,2002-06-05,Train vs Synth,Features,Independent
1998-06-16,150.11421312239938,1998-06-12,Train vs Synth,Features,Independent
1998-06-17,149.46251390061974,2013-06-16,Train vs Synth,Features,Independent
1998-06-18,213.67284937982447,1998-06-19,Train vs Synth,Features,Independent
1998-06-19,134.75131132145813,1998-06-12,Train vs Synth,Features,Independent
1998-06-20,165.2446710972065,2008-06-08,Train vs Synth,Features,Independent
1998-06-21,201.75031849732443,2007-06-14,Train vs Synth,Features,Independent
1999-06-01,173.924367646908,2009-06-09,Train vs Synth,Features,Independent
1999-06-02,142.66703724767802,2020-06-12,Train vs Synth,Features,Independent
1999-06-03,151.53962007237294,2020-06-01,Train vs Synth,Features,Independent
1999-06-04,102.78242715464717,2013-06-16,Train vs Synth,Features,Independent
1999-06-05,100.92093949165857,2013-06-16,Train vs Synth,Features,Independent
1999-06-06,132.26200577487995,2008-06-08,Train vs Synth,Features,Independent
1999-06-07,127.78357538244151,2013-06-20,Train vs Synth,Features,Independent
1999-06-08,96.8611700970357,2014-06-19,Train vs Synth,Features,Independent
1999-06-09,141.06613051686182,2020-06-15,Train vs Synth,Features,Independent
1999-06-10,183.88455712814988,2018-06-08,Train vs Synth,Features,Independent
1999-06-11,119.14618946349914,2011-06-01,Train vs Synth,Features,Independent
1999-06-12,139.8165700767647,2003-06-19,Train vs Synth,Features,Independent
1999-06-13,115.59343901438366,2010-06-10,Train vs Synth,Features,Independent
1999-06-14,108.140750872569,2005-06-02,Train vs Synth,Features,Independent
1999-06-15,113.90454453230298,2000-06-16,Train vs Synth,Features,Independent
1999-06-16,118.42799392323838,2015-06-13,Train vs Synth,Features,Independent
1999-06-17,102.39029219830535,2008-06-21,Train vs Synth,Features,Independent
1999-06-18,112.75546021104377,2019-06-02,Train vs Synth,Features,Independent
1999-06-19,146.70134524339204,2004-06-03,Train vs Synth,Features,Independent
1999-06-20,119.70448613748411,2009-06-16,Train vs Synth,Features,Independent
1999-06-21,113.32848362447828,1998-06-13,Train vs Synth,Features,Independent
2000-06-01,121.50330400492406,2019-06-08,Train vs Synth,Features,Independent
2000-06-02,139.57747204428568,2000-06-07,Train vs Synth,Features,Independent
2000-06-03,119.72627523170141,2006-06-19,Train vs Synth,Features,Independent
2000-06-04,127.54640577982599,2014-06-15,Train vs Synth,Features,Independent
2000-06-05,117.53392418268683,1998-06-08,Train vs Synth,Features,Independent
2000-06-06,114.16791942987167,2011-06-02,Train vs Synth,Features,Independent
2000-06-07,85.49020789809799,2014-06-19,Train vs Synth,Features,Independent
2000-06-08,98.14717173430901,2011-06-03,Train vs Synth,Features,Independent
2000-06-09,100.04262644314825,2013-06-16,Train vs Synth,Features,Independent
2000-06-10,133.5535213758434,2019-06-08,Train vs Synth,Features,Independent
2000-06-11,124.7271635853063,2016-06-16,Train vs Synth,Features,Independent
2000-06-12,129.5538617311751,2011-06-03,Train vs Synth,Features,Independent
2000-06-13,151.94765527402726,2014-06-21,Train vs Synth,Features,Independent
2000-06-14,183.7711506155827,2013-06-10,Train vs Synth,Features,Independent
2000-06-15,148.15570728493756,2006-06-10,Train vs Synth,Features,Independent
2000-06-16,139.7769385550501,2001-06-05,Train vs Synth,Features,Independent
2000-06-17,150.89265857308993,2003-06-19,Train vs Synth,Features,Independent
2000-06-18,132.2970583885034,2018-06-18,Train vs Synth,Features,Independent
2000-06-19,106.17223246844104,2011-06-03,Train vs Synth,Features,Independent
2000-06-20,170.23083870883724,2008-06-08,Train vs Synth,Features,Independent
2000-06-21,217.49232072848017,2000-06-13,Train vs Synth,Features,Independent
2001-06-01,144.68603505977117,2006-06-09,Train vs Synth,Features,Independent
2001-06-02,157.90092769871342,2003-06-21,Train vs Synth,Features,Independent
2001-06-03,175.66738908647986,2010-06-05,Train vs Synth,Features,Independent
2001-06-04,122.0378416964695,2009-06-19,Train vs Synth,Features,Independent
2001-06-05,140.7814942909133,2016-06-17,Train vs Synth,Features,Independent
2001-06-06,101.22574152140803,2019-06-02,Train vs Synth,Features,Independent
2001-06-07,93.34989271189046,2000-06-18,Train vs Synth,Features,Independent
2001-06-12,108.79662132234029,2013-06-16,Train vs Synth,Features,Independent
2001-06-13,152.10163392136747,2015-06-19,Train vs Synth,Features,Independent
2001-06-14,209.72899900704726,2012-06-02,Train vs Synth,Features,Independent
2001-06-15,157.40745367008927,2007-06-21,Train vs Synth,Features,Independent
2001-06-16,100.61216421351084,2008-06-08,Train vs Synth,Features,Independent
2001-06-17,169.10147422680612,2014-06-19,Train vs Synth,Features,Independent
2001-06-18,102.40191216797149,2008-06-08,Train vs Synth,Features,Independent
2001-06-19,105.37691796197227,2019-06-08,Train vs Synth,Features,Independent
2001-06-20,142.1510984266401,2020-06-12,Train vs Synth,Features,Independent
2001-06-21,155.75809087765774,2005-06-03,Train vs Synth,Features,Independent
2002-06-01,114.71806764905398,2011-06-03,Train vs Synth,Features,Independent
2002-06-02,127.98236663068603,2011-06-03,Train vs Synth,Features,Independent
2002-06-03,138.64496047753246,2008-06-08,Train vs Synth,Features,Independent
2002-06-04,214.66499944038054,2014-06-15,Train vs Synth,Features,Independent
2002-06-05,140.40608803609874,2019-06-10,Train vs Synth,Features,Independent
2002-06-06,124.64342875821889,2002-06-15,Train vs Synth,Features,Independent
2002-06-07,101.37872253750938,2016-06-02,Train vs Synth,Features,Independent
2002-06-08,96.62600714883806,2014-06-19,Train vs Synth,Features,Independent
2002-06-09,103.59936085893868,2019-06-08,Train vs Synth,Features,Independent
2002-06-10,108.51701669386313,2013-06-16,Train vs Synth,Features,Independent
2002-06-11,119.45114857223182,2008-06-08,Train vs Synth,Features,Independent
2002-06-12,170.33526269419988,2003-06-14,Train vs Synth,Features,Independent
2002-06-13,209.13989291835946,2014-06-16,Train vs Synth,Features,Independent
2002-06-14,133.40951202693938,2018-06-20,Train vs Synth,Features,Independent
2002-06-15,132.25466770609867,2012-06-09,Train vs Synth,Features,Independent
2002-06-16,178.38749677372897,1999-06-10,Train vs Synth,Features,Independent
2002-06-17,123.07225706000382,2019-06-01,Train vs Synth,Features,Independent
2002-06-18,151.00199334673204,2009-06-19,Train vs Synth,Features,Independent
2002-06-19,105.23849735671007,2019-06-08,Train vs Synth,Features,Independent
2002-06-20,103.01948292780082,2016-06-02,Train vs Synth,Features,Independent
2002-06-21,94.40419664401651,2020-06-15,Train vs Synth,Features,Independent
2003-06-01,101.5564874416855,2000-06-16,Train vs Synth,Features,Independent
2003-06-02,135.06590288281873,2019-06-21,Train vs Synth,Features,Independent
2003-06-03,134.98505983994977,2003-06-19,Train vs Synth,Features,Independent
2003-06-04,99.19350278509043,2000-06-18,Train vs Synth,Features,Independent
2003-06-05,106.12857764730626,2000-06-18,Train vs Synth,Features,Independent
2003-06-06,148.79234523203797,2018-06-20,Train vs Synth,Features,Independent
2003-06-07,115.50748258513303,2001-06-12,Train vs Synth,Features,Independent
2003-06-08,140.78901912152546,2001-06-12,Train vs Synth,Features,Independent
2003-06-09,124.49357453604019,2019-06-05,Train vs Synth,Features,Independent
2003-06-10,130.9812257055429,1998-06-11,Train vs Synth,Features,Independent
2003-06-11,130.40139225790526,2019-06-17,Train vs Synth,Features,Independent
2003-06-12,165.19301396175518,2005-06-16,Train vs Synth,Features,Independent
2003-06-13,116.67896531664097,2019-06-06,Train vs Synth,Features,Independent
2003-06-14,161.50165586452556,1999-06-10,Train vs Synth,Features,Independent
2003-06-15,132.51378501547077,2002-06-15,Train vs Synth,Features,Independent
2003-06-16,91.89192595331426,2000-06-18,Train vs Synth,Features,Independent
2003-06-17,101.45875909631067,2000-06-18,Train vs Synth,Features,Independent
2003-06-18,112.48132221309749,2008-06-05,Train vs Synth,Features,Independent
2003-06-19,128.15937087657088,2015-06-12,Train vs Synth,Features,Independent
2003-06-20,117.9010575954151,2000-06-16,Train vs Synth,Features,Independent
2003-06-21,134.09962217122634,2014-06-02,Train vs Synth,Features,Independent
2004-06-01,163.72024914357522,1999-06-15,Train vs Synth,Features,Independent
2004-06-02,161.36824730395185,2020-06-04,Train vs Synth,Features,Independent
2004-06-03,124.70262200644345,2002-06-15,Train vs Synth,Features,Independent
2004-06-04,129.13993358207676,2002-06-11,Train vs Synth,Features,Independent
2004-06-05,132.95512358302992,2012-06-05,Train vs Synth,Features,Independent
2004-06-06,133.70599641899383,2015-06-14,Train vs Synth,Features,Independent
2004-06-07,101.14008779669756,2014-06-19,Train vs Synth,Features,Independent
2004-06-08,126.24057112887154,2019-06-08,Train vs Synth,Features,Independent
2004-06-09,98.02075611367361,2020-06-15,Train vs Synth,Features,Independent
2004-06-10,90.59270116327244,2020-06-07,Train vs Synth,Features,Independent
2004-06-11,158.4514946109224,2008-06-08,Train vs Synth,Features,Independent
2004-06-12,87.40605331248534,1999-06-04,Train vs Synth,Features,Independent
2004-06-13,169.45295087896892,2008-06-15,Train vs Synth,Features,Independent
2004-06-14,122.9176720049267,1998-06-11,Train vs Synth,Features,Independent
2004-06-15,166.77182253282092,2002-06-07,Train vs Synth,Features,Independent
2004-06-16,118.01604054785876,2011-06-01,Train vs Synth,Features,Independent
2004-06-17,152.71111246154987,2005-06-06,Train vs Synth,Features,Independent
2004-06-18,179.9858778285454,2007-06-09,Train vs Synth,Features,Independent
2004-06-19,127.37162458770038,2010-06-13,Train vs Synth,Features,Independent
2004-06-20,145.11439728605953,2014-06-13,Train vs Synth,Features,Independent
2004-06-21,175.34521923219123,1999-06-17,Train vs Synth,Features,Independent
2005-06-01,122.57005100213303,2014-06-07,Train vs Synth,Features,Independent
2005-06-02,88.07696903327228,2016-06-15,Train vs Synth,Features,Independent
2005-06-03,160.88604132727923,1998-06-11,Train vs Synth,Features,Independent
2005-06-04,161.16414581551146,2017-06-08,Train vs Synth,Features,Independent
2005-06-05,155.09060735341032,2004-06-10,Train vs Synth,Features,Independent
2005-06-06,122.30727169654506,2011-06-03,Train vs Synth,Features,Independent
2005-06-07,110.58272344841316,2009-06-19,Train vs Synth,Features,Independent
2005-06-08,143.84253205601675,2019-06-08,Train vs Synth,Features,Independent
2005-06-09,238.77233898286713,2020-06-01,Train vs Synth,Features,Independent
2005-06-10,202.96348408942103,2008-06-18,Train vs Synth,Features,Independent
2005-06-13,182.69135007033648,2008-06-01,Train vs Synth,Features,Independent
2005-06-14,167.35966807388954,2001-06-12,Train vs Synth,Features,Independent
2005-06-15,132.28938433017157,2008-06-12,Train vs Synth,Features,Independent
2005-06-16,144.97574428875456,2014-06-18,Train vs Synth,Features,Independent
2005-06-17,172.32425167555263,2014-06-07,Train vs Synth,Features,Independent
2005-06-18,92.1960676118923,2016-06-15,Train vs Synth,Features,Independent
2005-06-19,85.89112736273738,2016-06-15,Train vs Synth,Features,Independent
2005-06-20,110.27231350579578,2015-06-21,Train vs Synth,Features,Independent
2005-06-21,97.28321564540238,2011-06-01,Train vs Synth,Features,Independent
2006-06-01,121.22136977156812,2007-06-09,Train vs Synth,Features,Independent
2006-06-02,122.44355836526135,2007-06-19,Train vs Synth,Features,Independent
2006-06-03,105.68064188461985,2011-06-01,Train vs Synth,Features,Independent
2006-06-04,111.54895265482638,2016-06-02,Train vs Synth,Features,Independent
2006-06-05,123.84384513100895,2012-06-05,Train vs Synth,Features,Independent
2006-06-06,148.7072703256708,2016-06-18,Train vs Synth,Features,Independent
2006-06-07,99.71418955109958,2008-06-05,Train vs Synth,Features,Independent
2006-06-08,106.13893652385856,2000-06-13,Train vs Synth,Features,Independent
2006-06-09,101.37020730456288,2015-06-15,Train vs Synth,Features,Independent
2006-06-10,123.81323993747779,2011-06-03,Train vs Synth,Features,Independent
2006-06-11,130.644275653083,2005-06-10,Train vs Synth,Features,Independent
2006-06-12,183.83091418170974,2017-06-17,Train vs Synth,Features,Independent
2006-06-13,105.43876104485152,2000-06-18,Train vs Synth,Features,Independent
2006-06-14,104.19445290140948,2009-06-15,Train vs Synth,Features,Independent
2006-06-15,104.2298361683335,2014-06-19,Train vs Synth,Features,Independent
2006-06-16,121.282119790599,2003-06-18,Train vs Synth,Features,Independent
2006-06-17,190.8516704713555,2004-06-18,Train vs Synth,Features,Independent
2006-06-18,167.34717961761845,2014-06-01,Train vs Synth,Features,Independent
2006-06-19,131.4817426753045,2008-06-15,Train vs Synth,Features,Independent
2006-06-20,93.98973260825835,2008-06-08,Train vs Synth,Features,Independent
2006-06-21,111.446374098516,2011-06-03,Train vs Synth,Features,Independent
2007-06-01,196.41941408890622,2019-06-16,Train vs Synth,Features,Independent
2007-06-02,126.05195531331634,2017-06-21,Train vs Synth,Features,Independent
2007-06-03,141.6699728548378,2018-06-20,Train vs Synth,Features,Independent
2007-06-04,159.04365258876783,2018-06-20,Train vs Synth,Features,Independent
2007-06-05,146.4291169132013,2013-06-08,Train vs Synth,Features,Independent
2007-06-06,120.62132057825119,2014-06-21,Train vs Synth,Features,Independent
2007-06-07,265.9938744922348,2013-06-13,Train vs Synth,Features,Independent
2007-06-08,203.2579061346954,2018-06-20,Train vs Synth,Features,Independent
2007-06-09,99.19858962263369,2019-06-17,Train vs Synth,Features,Independent
2007-06-10,140.87962456588966,2005-06-16,Train vs Synth,Features,Independent
2007-06-11,106.27426496774869,2015-06-07,Train vs Synth,Features,Independent
2007-06-12,102.31475118605739,2020-06-15,Train vs Synth,Features,Independent
2007-06-13,131.68693100279884,2001-06-20,Train vs Synth,Features,Independent
2007-06-14,148.11460437622458,2009-06-16,Train vs Synth,Features,Independent
2007-06-15,112.82391771142976,2009-06-16,Train vs Synth,Features,Independent
2007-06-16,103.34492347765259,2000-06-18,Train vs Synth,Features,Independent
2007-06-17,108.91001617182951,2020-06-01,Train vs Synth,Features,Independent
2007-06-18,110.28319379209368,2020-06-15,Train vs Synth,Features,Independent
2007-06-19,86.55372865698675,2020-06-04,Train vs Synth,Features,Independent
2007-06-20,135.713329913328,2019-06-09,Train vs Synth,Features,Independent
2007-06-21,105.30234490362871,2002-06-11,Train vs Synth,Features,Independent
2008-06-01,160.71846334543753,2005-06-05,Train vs Synth,Features,Independent
2008-06-02,105.78763774462789,2019-06-05,Train vs Synth,Features,Independent
2008-06-03,173.75880994369658,2008-06-08,Train vs Synth,Features,Independent
2008-06-04,178.40754533066925,2002-06-14,Train vs Synth,Features,Independent
2008-06-05,197.57977722186547,2015-06-19,Train vs Synth,Features,Independent
2008-06-06,212.4195253025826,2013-06-20,Train vs Synth,Features,Independent
2008-06-07,134.92415082414743,2008-06-08,Train vs Synth,Features,Independent
2008-06-08,172.19490419789716,2008-06-08,Train vs Synth,Features,Independent
2008-06-09,202.6374297488341,2018-06-10,Train vs Synth,Features,Independent
2008-06-10,115.1536178191148,2014-06-18,Train vs Synth,Features,Independent
2008-06-11,161.5835807695045,2013-06-16,Train vs Synth,Features,Independent
2008-06-12,151.23491060776783,2013-06-16,Train vs Synth,Features,Independent
2008-06-13,133.81917469394827,1998-06-07,Train vs Synth,Features,Independent
2008-06-14,102.78001787788517,2011-06-02,Train vs Synth,Features,Independent
2008-06-15,117.27840824354323,2009-06-15,Train vs Synth,Features,Independent
2008-06-16,188.87301993939352,2020-06-04,Train vs Synth,Features,Independent
2008-06-17,136.27232383490613,2000-06-16,Train vs Synth,Features,Independent
2008-06-18,153.60036976402768,2015-06-21,Train vs Synth,Features,Independent
2008-06-19,138.33847391642732,2015-06-12,Train vs Synth,Features,Independent
2008-06-20,126.5221948197041,2007-06-19,Train vs Synth,Features,Independent
2008-06-21,125.04085743782841,2007-06-18,Train vs Synth,Features,Independent
2009-06-01,98.46225650458422,2019-06-08,Train vs Synth,Features,Independent
2009-06-02,135.57252034841613,2014-06-18,Train vs Synth,Features,Independent
2009-06-03,162.10714270156348,2006-06-20,Train vs Synth,Features,Independent
2009-06-04,102.50784015706418,2007-06-18,Train vs Synth,Features,Independent
2009-06-05,102.51037374310131,1998-06-13,Train vs Synth,Features,Independent
2009-06-06,145.77438035083867,2008-06-08,Train vs Synth,Features,Independent
2009-06-07,141.72908177838926,2015-06-20,Train vs Synth,Features,Independent
2009-06-08,149.04806000236036,2003-06-07,Train vs Synth,Features,Independent
2009-06-09,142.30955305591417,2009-06-10,Train vs Synth,Features,Independent
2009-06-10,150.84723271581728,2007-06-17,Train vs Synth,Features,Independent
2009-06-11,100.59802546866268,2017-06-21,Train vs Synth,Features,Independent
2009-06-12,122.69883194370163,2017-06-17,Train vs Synth,Features,Independent
2009-06-13,123.1039819067457,2007-06-11,Train vs Synth,Features,Independent
2009-06-14,147.84877233163013,2015-06-11,Train vs Synth,Features,Independent
2009-06-15,124.88291921244958,2014-06-02,Train vs Synth,Features,Independent
2009-06-16,130.40143399886912,2003-06-14,Train vs Synth,Features,Independent
2009-06-17,110.03562522338397,2009-06-19,Train vs Synth,Features,Independent
2009-06-18,131.0345371573179,2008-06-08,Train vs Synth,Features,Independent
2009-06-19,184.23210448338423,2015-06-20,Train vs Synth,Features,Independent
2009-06-20,149.11328171719381,2012-06-10,Train vs Synth,Features,Independent
2009-06-21,117.70946575019919,2011-06-03,Train vs Synth,Features,Independent
2010-06-01,110.13955001241104,2011-06-03,Train vs Synth,Features,Independent
2010-06-02,146.9839301701639,2017-06-10,Train vs Synth,Features,Independent
2010-06-03,138.64968730473439,2011-06-13,Train vs Synth,Features,Independent
2010-06-04,95.98406635969307,2020-06-15,Train vs Synth,Features,Independent
2010-06-05,101.01624456821419,2014-06-19,Train vs Synth,Features,Independent
2010-06-06,136.8882893825558,1998-06-07,Train vs Synth,Features,Independent
2010-06-07,140.40785720582446,2001-06-20,Train vs Synth,Features,Independent
2010-06-08,101.11474118513297,2014-06-19,Train vs Synth,Features,Independent
2010-06-09,162.0672953734686,2019-06-02,Train vs Synth,Features,Independent
2010-06-10,81.37833725257975,2012-06-05,Train vs Synth,Features,Independent
2010-06-11,105.240445417655,2019-06-08,Train vs Synth,Features,Independent
2010-06-12,89.23849081319953,2019-06-08,Train vs Synth,Features,Independent
2010-06-13,146.97206049252452,2016-06-02,Train vs Synth,Features,Independent
2010-06-14,168.76266325548895,2019-06-18,Train vs Synth,Features,Independent
2010-06-15,153.60814774050496,1999-06-17,Train vs Synth,Features,Independent
2010-06-16,114.0366121531769,2015-06-07,Train vs Synth,Features,Independent
2010-06-17,105.31882235844282,2014-06-19,Train vs Synth,Features,Independent
2010-06-18,108.59509994557756,2009-06-19,Train vs Synth,Features,Independent
2010-06-19,96.55369593434929,2014-06-19,Train vs Synth,Features,Independent
2010-06-20,99.21015330829565,2014-06-19,Train vs Synth,Features,Independent
2010-06-21,81.11007301119196,2014-06-19,Train vs Synth,Features,Independent
2011-06-01,110.78538946456555,1998-06-12,Train vs Synth,Features,Independent
2011-06-02,108.11646345579283,2013-06-16,Train vs Synth,Features,Independent
2011-06-03,117.68091943919704,2008-06-08,Train vs Synth,Features,Independent
2011-06-04,126.31583208340882,2011-06-03,Train vs Synth,Features,Independent
2011-06-05,113.3056001605927,2011-06-03,Train vs Synth,Features,Independent
2011-06-06,122.74221974759323,2015-06-20,Train vs Synth,Features,Independent
2011-06-07,96.52872668817368,2008-06-08,Train vs Synth,Features,Independent
2011-06-08,116.52582765540822,2013-06-16,Train vs Synth,Features,Independent
2011-06-09,140.5095664981162,2009-06-19,Train vs Synth,Features,Independent
2011-06-10,203.364900886898,1998-06-20,Train vs Synth,Features,Independent
2011-06-11,140.08120966629565,2008-06-21,Train vs Synth,Features,Independent
2011-06-12,207.1716097746333,2013-06-07,Train vs Synth,Features,Independent
2011-06-13,128.5925489247913,2009-06-19,Train vs Synth,Features,Independent
2011-06-14,239.0149242057365,1998-06-19,Train vs Synth,Features,Independent
2011-06-15,147.71867080984407,2018-06-08,Train vs Synth,Features,Independent
2011-06-18,156.99683376368034,2020-06-02,Train vs Synth,Features,Independent
2011-06-19,173.27573404443766,2001-06-13,Train vs Synth,Features,Independent
2011-06-20,208.759054429557,2015-06-19,Train vs Synth,Features,Independent
2011-06-21,202.95161161525954,2015-06-16,Train vs Synth,Features,Independent
2012-06-01,121.7038628623805,2000-06-16,Train vs Synth,Features,Independent
2012-06-02,113.99191079382402,2005-06-06,Train vs Synth,Features,Independent
2012-06-03,145.494103522837,2019-06-17,Train vs Synth,Features,Independent
2012-06-04,137.7506311212776,2006-06-14,Train vs Synth,Features,Independent
2012-06-05,121.30612590117711,2000-06-18,Train vs Synth,Features,Independent
2012-06-06,131.11055280195214,2000-06-16,Train vs Synth,Features,Independent
2012-06-07,107.07275956855067,2011-06-13,Train vs Synth,Features,Independent
2012-06-08,114.5541822246011,2019-06-17,Train vs Synth,Features,Independent
2012-06-09,97.41965331761475,2014-06-19,Train vs Synth,Features,Independent
2012-06-10,121.23293132145221,2013-06-16,Train vs Synth,Features,Independent
2012-06-11,134.66745281462335,2007-06-03,Train vs Synth,Features,Independent
2012-06-12,146.5001791517233,2010-06-04,Train vs Synth,Features,Independent
2012-06-13,103.50797904184313,2020-06-01,Train vs Synth,Features,Independent
2012-06-14,106.79780175033413,2002-06-14,Train vs Synth,Features,Independent
2012-06-15,210.19035508793039,2020-06-02,Train vs Synth,Features,Independent
2012-06-16,149.56986972149784,2010-06-03,Train vs Synth,Features,Independent
2012-06-17,115.58408789498706,2011-06-03,Train vs Synth,Features,Independent
2012-06-18,111.7271729632724,2008-06-08,Train vs Synth,Features,Independent
2012-06-19,116.33125262713011,2013-06-16,Train vs Synth,Features,Independent
2012-06-20,130.49163723500425,2019-06-08,Train vs Synth,Features,Independent
2012-06-21,126.0442499425105,2009-06-01,Train vs Synth,Features,Independent
2013-06-01,127.98620101595722,2018-06-20,Train vs Synth,Features,Independent
2013-06-02,112.07528326505587,1998-06-08,Train vs Synth,Features,Independent
2013-06-03,99.1456722067776,2020-06-01,Train vs Synth,Features,Independent
2013-06-04,166.4780618445476,2017-06-10,Train vs Synth,Features,Independent
2013-06-05,192.50891389477803,2007-06-09,Train vs Synth,Features,Independent
2013-06-06,119.34846853285059,2012-06-14,Train vs Synth,Features,Independent
2013-06-07,122.74158756475784,2007-06-18,Train vs Synth,Features,Independent
2013-06-08,91.29983054748486,2014-06-19,Train vs Synth,Features,Independent
2013-06-09,143.61449933111717,2000-06-20,Train vs Synth,Features,Independent
2013-06-10,138.5208319540858,2015-06-01,Train vs Synth,Features,Independent
2013-06-11,117.16103431395265,2008-06-08,Train vs Synth,Features,Independent
2013-06-12,190.08336522380975,2015-06-20,Train vs Synth,Features,Independent
2013-06-13,132.10355788381628,2012-06-08,Train vs Synth,Features,Independent
2013-06-14,113.14352656354085,2003-06-13,Train vs Synth,Features,Independent
2013-06-15,143.0030002974312,2013-06-20,Train vs Synth,Features,Independent
2013-06-16,137.53689270691464,1999-06-13,Train vs Synth,Features,Independent
2013-06-17,147.5435996509781,2000-06-02,Train vs Synth,Features,Independent
2013-06-18,108.74355683380048,2018-06-18,Train vs Synth,Features,Independent
2013-06-19,100.8269883423768,2016-06-15,Train vs Synth,Features,Independent
2013-06-20,99.03631382729336,2014-06-19,Train vs Synth,Features,Independent
2013-06-21,98.47524550540925,2013-06-16,Train vs Synth,Features,Independent
2014-06-01,106.25713990850547,2014-06-19,Train vs Synth,Features,Independent
2014-06-02,156.42287844376577,2004-06-03,Train vs Synth,Features,Independent
2014-06-03,118.79262874452557,2014-06-19,Train vs Synth,Features,Independent
2014-06-04,128.03874711910336,1998-06-20,Train vs Synth,Features,Independent
2014-06-05,133.4131596643733,1998-06-06,Train vs Synth,Features,Independent
2014-06-06,159.13218946257183,2003-06-12,Train vs Synth,Features,Independent
2014-06-07,202.5325343668809,2000-06-20,Train vs Synth,Features,Independent
2014-06-08,106.50636952180916,2008-06-21,Train vs Synth,Features,Independent
2014-06-09,191.5697447677141,2011-06-01,Train vs Synth,Features,Independent
2014-06-10,136.96175889526515,2018-06-20,Train vs Synth,Features,Independent
2014-06-11,94.72029790555884,1998-06-13,Train vs Synth,Features,Independent
2014-06-12,171.93612834737175,2020-06-13,Train vs Synth,Features,Independent
2014-06-13,111.29747002397943,2000-06-16,Train vs Synth,Features,Independent
2014-06-14,126.83904957352864,2009-06-19,Train vs Synth,Features,Independent
2014-06-15,185.29963939388864,2005-06-10,Train vs Synth,Features,Independent
2014-06-16,122.42591158035417,2002-06-14,Train vs Synth,Features,Independent
2014-06-17,154.79046444687216,2019-06-08,Train vs Synth,Features,Independent
2014-06-18,95.83624580497995,2013-06-16,Train vs Synth,Features,Independent
2014-06-19,118.23732656261787,2015-06-20,Train vs Synth,Features,Independent
2014-06-20,131.56700073810168,2010-06-03,Train vs Synth,Features,Independent
2014-06-21,118.18174896011996,2011-06-03,Train vs Synth,Features,Independent
2015-06-01,93.29148743628852,2016-06-18,Train vs Synth,Features,Independent
2015-06-02,90.23578587717462,2020-06-01,Train vs Synth,Features,Independent
2015-06-03,86.06566997124138,2014-06-19,Train vs Synth,Features,Independent
2015-06-04,99.43138935237741,2014-06-19,Train vs Synth,Features,Independent
2015-06-05,115.10647489613899,2014-06-18,Train vs Synth,Features,Independent
2015-06-06,109.03668403530237,2015-06-15,Train vs Synth,Features,Independent
2015-06-07,138.48403343741026,2019-06-01,Train vs Synth,Features,Independent
2015-06-08,165.07517887611425,2014-06-01,Train vs Synth,Features,Independent
2015-06-09,103.83403384239426,2011-06-01,Train vs Synth,Features,Independent
2015-06-10,117.13119917436654,2015-06-15,Train vs Synth,Features,Independent
2015-06-11,99.56463946551582,2011-06-03,Train vs Synth,Features,Independent
2015-06-12,165.57252222622677,2001-06-03,Train vs Synth,Features,Independent
2015-06-13,128.73880796589657,1998-06-13,Train vs Synth,Features,Independent
2015-06-14,102.77059343117735,2011-06-03,Train vs Synth,Features,Independent
2015-06-15,118.80904523051856,2003-06-09,Train vs Synth,Features,Independent
2015-06-16,119.21659187145198,2007-06-16,Train vs Synth,Features,Independent
2015-06-17,96.05140437032567,2005-06-18,Train vs Synth,Features,Independent
2015-06-18,122.0512798137991,2006-06-20,Train vs Synth,Features,Independent
2015-06-19,130.59625840215088,2013-06-08,Train vs Synth,Features,Independent
2015-06-20,97.86109766534578,2011-06-03,Train vs Synth,Features,Independent
2015-06-21,114.46024528908328,2016-06-12,Train vs Synth,Features,Independent
2016-06-01,134.7106835122771,2000-06-18,Train vs Synth,Features,Independent
2016-06-02,132.81480864996615,2000-06-18,Train vs Synth,Features,Independent
2016-06-03,116.19843955812003,2018-06-18,Train vs Synth,Features,Independent
2016-06-04,143.91053910365414,2009-06-09,Train vs Synth,Features,Independent
2016-06-05,146.76044167560934,2010-06-10,Train vs Synth,Features,Independent
2016-06-06,114.88053888611543,2008-06-05,Train vs Synth,Features,Independent
2016-06-07,117.1220189608988,2020-06-12,Train vs Synth,Features,Independent
2016-06-08,103.28319801003977,2014-06-19,Train vs Synth,Features,Independent
2016-06-09,102.51237843337653,2020-06-15,Train vs Synth,Features,Independent
2016-06-10,90.91491343446074,2020-06-15,Train vs Synth,Features,Independent
2016-06-11,104.23629724149325,2020-06-15,Train vs Synth,Features,Independent
2016-06-12,109.31199308040378,2014-06-18,Train vs Synth,Features,Independent
2016-06-13,102.27225453697633,2015-06-21,Train vs Synth,Features,Independent
2016-06-14,149.99696835397495,2019-06-17,Train vs Synth,Features,Independent
2016-06-15,127.0490621931802,2014-06-18,Train vs Synth,Features,Independent
2016-06-16,140.89869164580688,2016-06-02,Train vs Synth,Features,Independent
2016-06-17,105.18590798540072,1999-06-05,Train vs Synth,Features,Independent
2016-06-18,157.0490839206929,2005-06-19,Train vs Synth,Features,Independent
2016-06-19,121.17270480057778,1998-06-12,Train vs Synth,Features,Independent
2016-06-20,108.75493063533399,2016-06-02,Train vs Synth,Features,Independent
2016-06-21,138.89793372267368,2013-06-20,Train vs Synth,Features,Independent
2017-06-01,140.87854442861126,2016-06-02,Train vs Synth,Features,Independent
2017-06-02,97.89178171559078,2014-06-18,Train vs Synth,Features,Independent
2017-06-03,167.96528767703535,2014-06-07,Train vs Synth,Features,Independent
2017-06-04,119.94899553000575,2000-06-18,Train vs Synth,Features,Independent
2017-06-05,113.56456789581037,2007-06-19,Train vs Synth,Features,Independent
2017-06-06,138.36184920346173,2007-06-19,Train vs Synth,Features,Independent
2017-06-07,118.7351141149721,2000-06-18,Train vs Synth,Features,Independent
2017-06-08,89.05339268747267,2008-06-05,Train vs Synth,Features,Independent
2017-06-09,100.51614833640119,1998-06-13,Train vs Synth,Features,Independent
2017-06-10,97.64561303959351,2008-06-08,Train vs Synth,Features,Independent
2017-06-11,116.78447219976002,2013-06-16,Train vs Synth,Features,Independent
2017-06-12,106.28667280601512,2013-06-16,Train vs Synth,Features,Independent
2017-06-13,88.83215218889251,2013-06-16,Train vs Synth,Features,Independent
2017-06-14,147.9866040492538,2008-06-08,Train vs Synth,Features,Independent
2017-06-15,115.3552959432568,2020-06-07,Train vs Synth,Features,Independent
2017-06-16,168.10103907151478,2011-06-03,Train vs Synth,Features,Independent
2017-06-17,103.43766628214264,2014-06-18,Train vs Synth,Features,Independent
2017-06-18,131.38979620308464,2000-06-07,Train vs Synth,Features,Independent
2017-06-19,101.05592874872126,2008-06-05,Train vs Synth,Features,Independent
2017-06-20,122.08475523300119,2002-06-11,Train vs Synth,Features,Independent
2017-06-21,107.74833845331403,2020-06-15,Train vs Synth,Features,Independent
2018-06-01,94.27531825546012,2020-06-01,Train vs Synth,Features,Independent
2018-06-02,126.2235123587335,2007-06-03,Train vs Synth,Features,Independent
2018-06-03,126.33712582543816,2007-06-19,Train vs Synth,Features,Independent
2018-06-04,121.1311828158344,1998-06-13,Train vs Synth,Features,Independent
2018-06-05,103.0024614641638,2014-06-18,Train vs Synth,Features,Independent
2018-06-06,97.31924640156892,2015-06-14,Train vs Synth,Features,Independent
2018-06-07,163.632589751854,2008-06-15,Train vs Synth,Features,Independent
2018-06-08,105.5070699524425,1999-06-05,Train vs Synth,Features,Independent
2018-06-09,93.79374963497393,2014-06-19,Train vs Synth,Features,Independent
2018-06-10,97.05215417047238,2019-06-08,Train vs Synth,Features,Independent
2018-06-11,95.47242126836254,2019-06-08,Train vs Synth,Features,Independent
2018-06-12,161.28106358520702,1998-06-05,Train vs Synth,Features,Independent
2018-06-13,129.61799270462552,2000-06-05,Train vs Synth,Features,Independent
2018-06-14,98.13868114415916,2020-06-07,Train vs Synth,Features,Independent
2018-06-15,90.86705919621653,2019-06-08,Train vs Synth,Features,Independent
2018-06-16,82.34797381510825,2019-06-08,Train vs Synth,Features,Independent
2018-06-17,91.6964058473709,2019-06-08,Train vs Synth,Features,Independent
2018-06-18,100.15213669422839,2019-06-08,Train vs Synth,Features,Independent
2018-06-19,100.06236390903133,1998-06-20,Train vs Synth,Features,Independent
2018-06-20,125.16715935715497,2013-06-10,Train vs Synth,Features,Independent
2019-06-01,126.3439005697258,2011-06-01,Train vs Synth,Features,Independent
2019-06-02,117.98368040153656,2008-06-05,Train vs Synth,Features,Independent
2019-06-03,114.01046969442464,2018-06-10,Train vs Synth,Features,Independent
2019-06-04,175.03034841275388,2019-06-01,Train vs Synth,Features,Independent
2019-06-05,120.18334123751846,2013-06-20,Train vs Synth,Features,Independent
2019-06-06,137.89242015541214,2014-06-12,Train vs Synth,Features,Independent
2019-06-07,122.63512769513596,2018-06-20,Train vs Synth,Features,Independent
2019-06-08,105.36404050288171,2008-06-05,Train vs Synth,Features,Independent
2019-06-09,145.19130244017458,2011-06-06,Train vs Synth,Features,Independent
2019-06-10,123.61410286271514,2005-06-02,Train vs Synth,Features,Independent
2019-06-11,92.63616440460792,1998-06-13,Train vs Synth,Features,Independent
2019-06-12,140.77083825092535,2008-06-03,Train vs Synth,Features,Independent
2019-06-13,114.81133500858044,2013-06-17,Train vs Synth,Features,Independent
2019-06-14,119.43869449274733,2013-06-16,Train vs Synth,Features,Independent
2019-06-15,160.02796258524404,2014-06-18,Train vs Synth,Features,Independent
2019-06-16,139.29574366898672,2013-06-10,Train vs Synth,Features,Independent
2019-06-17,115.76635135624068,2002-06-15,Train vs Synth,Features,Independent
2019-06-18,104.95306882305502,2002-06-11,Train vs Synth,Features,Independent
2019-06-19,155.0833758763197,2000-06-20,Train vs Synth,Features,Independent
2019-06-20,123.44276608137288,1998-06-12,Train vs Synth,Features,Independent
2019-06-21,148.71298677963696,2008-06-08,Train vs Synth,Features,Independent
2020-06-01,98.3448604231471,2020-06-15,Train vs Synth,Features,Independent
2020-06-02,88.56228035740514,2015-06-20,Train vs Synth,Features,Independent
2020-06-03,113.69521423171291,2015-06-20,Train vs Synth,Features,Independent
2020-06-04,128.08185828110393,2002-06-10,Train vs Synth,Features,Independent
2020-06-05,130.67379677308418,2019-06-17,Train vs Synth,Features,Independent
2020-06-06,107.95151351557436,2013-06-20,Train vs Synth,Features,Independent
2020-06-07,97.3443972517069,2003-06-18,Train vs Synth,Features,Independent
2020-06-08,99.37054559380708,2019-06-02,Train vs Synth,Features,Independent
2020-06-09,228.85006019509444,1999-06-18,Train vs Synth,Features,Independent
2020-06-10,402.11800818990224,2002-06-05,Train vs Synth,Features,Independent
2020-06-11,118.36203105422597,2004-06-04,Train vs Synth,Features,Independent
2020-06-12,115.88909848610196,2011-06-03,Train vs Synth,Features,Independent
2020-06-13,101.34818149162095,2011-06-03,Train vs Synth,Features,Independent
2020-06-14,98.9935421166158,2020-06-15,Train vs Synth,Features,Independent
2020-06-15,90.73429189729809,2020-06-15,Train vs Synth,Features,Independent
2020-06-16,92.86957519572582,2020-06-15,Train vs Synth,Features,Independent
2020-06-17,101.0120265092931,2014-06-19,Train vs Synth,Features,Independent
2020-06-18,103.14711702904911,2019-06-08,Train vs Synth,Features,Independent
2020-06-19,200.52325679255415,1998-06-06,Train vs Synth,Features,Independent
2020-06-20,125.18024948532084,2002-06-01,Train vs Synth,Features,Independent
2020-06-21,132.53705311619973,2019-06-16,Train vs Synth,Features,Independent
1998-06-01,164.64469012127947,2010-06-12,Train vs Synth,Features,Consecutive
1998-06-02,120.48709798723506,2014-06-19,Train vs Synth,Features,Consecutive
1998-06-03,145.98551590295963,2013-06-16,Train vs Synth,Features,Consecutive
1998-06-04,149.13842346084763,2014-06-18,Train vs Synth,Features,Consecutive
1998-06-05,143.4525628694563,2019-06-04,Train vs Synth,Features,Consecutive
1998-06-06,104.34928080735067,2020-06-09,Train vs Synth,Features,Consecutive
1998-06-07,104.91244462032411,2006-06-15,Train vs Synth,Features,Consecutive
1998-06-08,164.09594750962393,2017-06-12,Train vs Synth,Features,Consecutive
1998-06-09,149.85920774219463,2008-06-18,Train vs Synth,Features,Consecutive
1998-06-10,137.13539476604495,2002-06-03,Train vs Synth,Features,Consecutive
1998-06-11,171.07732430837953,2013-06-21,Train vs Synth,Features,Consecutive
1998-06-12,127.18502568215571,2002-06-05,Train vs Synth,Features,Consecutive
1998-06-13,141.53928329425162,2011-06-06,Train vs Synth,Features,Consecutive
1998-06-14,225.64334023511861,2011-06-08,Train vs Synth,Features,Consecutive
1998-06-15,119.87687644626556,2005-06-04,Train vs Synth,Features,Consecutive
1998-06-16,160.9001466941587,2011-06-05,Train vs Synth,Features,Consecutive
1998-06-17,127.6091920118649,2008-06-02,Train vs Synth,Features,Consecutive
1998-06-18,156.54184351624582,2005-06-02,Train vs Synth,Features,Consecutive
1998-06-19,138.07119393597483,2011-06-05,Train vs Synth,Features,Consecutive
1998-06-20,135.8166650512973,2000-06-13,Train vs Synth,Features,Consecutive
1998-06-21,228.18425641026812,2000-06-03,Train vs Synth,Features,Consecutive
1999-06-01,186.41711355948223,2016-06-06,Train vs Synth,Features,Consecutive
1999-06-02,121.29669703074694,1998-06-01,Train vs Synth,Features,Consecutive
1999-06-03,153.21632534040398,2002-06-01,Train vs Synth,Features,Consecutive
1999-06-04,89.38019362810618,2008-06-11,Train vs Synth,Features,Consecutive
1999-06-05,105.99214148602725,2019-06-15,Train vs Synth,Features,Consecutive
1999-06-06,123.463214059545,2015-06-11,Train vs Synth,Features,Consecutive
1999-06-07,122.12119455580735,2002-06-20,Train vs Synth,Features,Consecutive
1999-06-08,89.26432823260977,2006-06-15,Train vs Synth,Features,Consecutive
1999-06-09,126.77787272033777,2006-06-16,Train vs Synth,Features,Consecutive
1999-06-10,190.75978726890818,2014-06-03,Train vs Synth,Features,Consecutive
1999-06-11,134.40016803393226,2003-06-09,Train vs Synth,Features,Consecutive
1999-06-12,130.4054863043533,2002-06-14,Train vs Synth,Features,Consecutive
1999-06-13,107.33500376372002,2020-06-01,Train vs Synth,Features,Consecutive
1999-06-14,102.53733862217985,2016-06-17,Train vs Synth,Features,Consecutive
1999-06-15,100.72007017021957,2017-06-21,Train vs Synth,Features,Consecutive
1999-06-16,97.84828959203293,2016-06-16,Train vs Synth,Features,Consecutive
1999-06-17,109.3887052288622,2017-06-19,Train vs Synth,Features,Consecutive
1999-06-18,99.29463697218468,2017-06-15,Train vs Synth,Features,Consecutive
1999-06-19,136.58244981538178,2018-06-15,Train vs Synth,Features,Consecutive
1999-06-20,97.66593808947941,2020-06-03,Train vs Synth,Features,Consecutive
1999-06-21,95.29773179562136,2005-06-19,Train vs Synth,Features,Consecutive
2000-06-01,114.3487984794013,2010-06-05,Train vs Synth,Features,Consecutive
2000-06-02,144.48402029705898,2006-06-01,Train vs Synth,Features,Consecutive
2000-06-03,116.16588239214218,2010-06-12,Train vs Synth,Features,Consecutive
2000-06-04,108.0047773563609,2020-06-10,Train vs Synth,Features,Consecutive
2000-06-05,133.31352767979976,2014-06-18,Train vs Synth,Features,Consecutive
2000-06-06,106.75176853229256,2007-06-13,Train vs Synth,Features,Consecutive
2000-06-07,74.544409629834135,2000-06-07,Train vs Synth,Features,Consecutive
2000-06-08,80.72650588686665,1998-06-20,Train vs Synth,Features,Consecutive
2000-06-09,89.44303372107905,2017-06-12,Train vs Synth,Features,Consecutive
2000-06-10,115.91669617975225,2012-06-20,Train vs Synth,Features,Consecutive
2000-06-11,118.63829802498816,2001-06-12,Train vs Synth,Features,Consecutive
2000-06-12,124.27187929043508,2014-06-04,Train vs Synth,Features,Consecutive
2000-06-13,140.5479672623375,2019-06-15,Train vs Synth,Features,Consecutive
2000-06-14,216.33266308612215,2020-06-08,Train vs Synth,Features,Consecutive
2000-06-15,128.32112473874872,2017-06-11,Train vs Synth,Features,Consecutive
2000-06-16,196.38845958293257,2016-06-16,Train vs Synth,Features,Consecutive
2000-06-17,136.18135414146403,2004-06-12,Train vs Synth,Features,Consecutive
2000-06-18,117.23462654790207,2020-06-09,Train vs Synth,Features,Consecutive
2000-06-19,100.87274904612454,2014-06-16,Train vs Synth,Features,Consecutive
2000-06-20,110.6383962310305,2007-06-20,Train vs Synth,Features,Consecutive
2000-06-21,232.18679437524446,1998-06-01,Train vs Synth,Features,Consecutive
2001-06-01,133.79332160068165,2011-06-18,Train vs Synth,Features,Consecutive
2001-06-02,174.14981751414862,2016-06-18,Train vs Synth,Features,Consecutive
2001-06-03,172.82523952691545,2018-06-05,Train vs Synth,Features,Consecutive
2001-06-04,125.08897432122508,2015-06-21,Train vs Synth,Features,Consecutive
2001-06-05,118.13557540983548,2017-06-13,Train vs Synth,Features,Consecutive
2001-06-06,96.57908897119738,2001-06-13,Train vs Synth,Features,Consecutive
2001-06-07,94.60952792159233,2012-06-06,Train vs Synth,Features,Consecutive
2001-06-12,90.31993605555294,2007-06-09,Train vs Synth,Features,Consecutive
2001-06-13,144.06655855475316,2012-06-10,Train vs Synth,Features,Consecutive
2001-06-14,189.2915274419154,2011-06-12,Train vs Synth,Features,Consecutive
2001-06-15,167.9694731936679,2015-06-14,Train vs Synth,Features,Consecutive
2001-06-16,85.09913046594133,2007-06-16,Train vs Synth,Features,Consecutive
2001-06-17,162.38062035906273,2006-06-05,Train vs Synth,Features,Consecutive
2001-06-18,88.00078146901728,2018-06-12,Train vs Synth,Features,Consecutive
2001-06-19,87.0420660392979,2002-06-09,Train vs Synth,Features,Consecutive
2001-06-20,122.16387357243872,2015-06-17,Train vs Synth,Features,Consecutive
2001-06-21,158.019309760795,2016-06-16,Train vs Synth,Features,Consecutive
2002-06-01,106.05217806969075,2008-06-13,Train vs Synth,Features,Consecutive
2002-06-02,98.90961694715703,2001-06-17,Train vs Synth,Features,Consecutive
2002-06-03,111.5334326605308,2000-06-13,Train vs Synth,Features,Consecutive
2002-06-04,173.46099386423282,2010-06-06,Train vs Synth,Features,Consecutive
2002-06-05,122.67528926467918,2006-06-01,Train vs Synth,Features,Consecutive
2002-06-06,97.27174636929533,2020-06-09,Train vs Synth,Features,Consecutive
2002-06-07,81.92822021984541,2018-06-20,Train vs Synth,Features,Consecutive
2002-06-08,75.68427649916863,2009-06-20,Train vs Synth,Features,Consecutive
2002-06-09,93.29574675775282,2007-06-06,Train vs Synth,Features,Consecutive
2002-06-10,97.5238265858954,2017-06-12,Train vs Synth,Features,Consecutive
2002-06-11,94.09386815652338,2018-06-12,Train vs Synth,Features,Consecutive
2002-06-12,180.95025775425384,2001-06-14,Train vs Synth,Features,Consecutive
2002-06-13,196.98611489465085,2019-06-06,Train vs Synth,Features,Consecutive
2002-06-14,135.21279243942715,2002-06-15,Train vs Synth,Features,Consecutive
2002-06-15,129.87348955757045,2017-06-11,Train vs Synth,Features,Consecutive
2002-06-16,191.388891637842,2004-06-12,Train vs Synth,Features,Consecutive
2002-06-17,110.74160447718396,2015-06-16,Train vs Synth,Features,Consecutive
2002-06-18,135.3799934074996,2009-06-04,Train vs Synth,Features,Consecutive
2002-06-19,97.43220359344619,2002-06-09,Train vs Synth,Features,Consecutive
2002-06-20,88.06571468952919,2006-06-09,Train vs Synth,Features,Consecutive
2002-06-21,78.6671725670889,2006-06-09,Train vs Synth,Features,Consecutive
2003-06-01,95.88118557315754,2017-06-21,Train vs Synth,Features,Consecutive
2003-06-02,142.2497880254334,2016-06-16,Train vs Synth,Features,Consecutive
2003-06-03,115.77168909879335,2006-06-02,Train vs Synth,Features,Consecutive
2003-06-04,98.94070157238929,2020-06-03,Train vs Synth,Features,Consecutive
2003-06-05,92.65502283486698,1998-06-01,Train vs Synth,Features,Consecutive
2003-06-06,173.23888960005283,2002-06-15,Train vs Synth,Features,Consecutive
2003-06-07,117.8812432096084,2010-06-01,Train vs Synth,Features,Consecutive
2003-06-08,108.45190150637092,2005-06-04,Train vs Synth,Features,Consecutive
2003-06-09,113.18967493500425,2017-06-11,Train vs Synth,Features,Consecutive
2003-06-10,125.93570905220759,2005-06-21,Train vs Synth,Features,Consecutive
2003-06-11,132.0415243761009,2014-06-03,Train vs Synth,Features,Consecutive
2003-06-12,171.79943589045678,2020-06-08,Train vs Synth,Features,Consecutive
2003-06-13,92.28593659012755,2020-06-09,Train vs Synth,Features,Consecutive
2003-06-14,160.68144933435826,2010-06-19,Train vs Synth,Features,Consecutive
2003-06-15,108.81301882765024,2010-06-02,Train vs Synth,Features,Consecutive
2003-06-16,90.91876413047498,1998-06-01,Train vs Synth,Features,Consecutive
2003-06-17,97.4263161095943,2010-06-19,Train vs Synth,Features,Consecutive
2003-06-18,110.8444442450915,2004-06-13,Train vs Synth,Features,Consecutive
2003-06-19,129.05791104929745,2020-06-08,Train vs Synth,Features,Consecutive
2003-06-20,107.14213325893367,2017-06-21,Train vs Synth,Features,Consecutive
2003-06-21,115.91821970921453,2002-06-20,Train vs Synth,Features,Consecutive
2004-06-01,147.55700701407633,2003-06-14,Train vs Synth,Features,Consecutive
2004-06-02,135.66865032634894,2003-06-21,Train vs Synth,Features,Consecutive
2004-06-03,116.97928583927944,2004-06-12,Train vs Synth,Features,Consecutive
2004-06-04,121.09662710028054,2007-06-13,Train vs Synth,Features,Consecutive
2004-06-05,123.0083024317326,1998-06-13,Train vs Synth,Features,Consecutive
2004-06-06,122.99038826592638,2006-06-09,Train vs Synth,Features,Consecutive
2004-06-07,88.95474944219977,2004-06-07,Train vs Synth,Features,Consecutive
2004-06-08,101.83188943731719,2006-06-12,Train vs Synth,Features,Consecutive
2004-06-09,87.77291512736092,2003-06-07,Train vs Synth,Features,Consecutive
2004-06-10,81.30598938887024,2002-06-12,Train vs Synth,Features,Consecutive
2004-06-11,109.76205452214882,2006-06-11,Train vs Synth,Features,Consecutive
2004-06-12,94.40622517141686,2008-06-10,Train vs Synth,Features,Consecutive
2004-06-13,162.85848026830672,2009-06-13,Train vs Synth,Features,Consecutive
2004-06-14,90.52704873072166,1998-06-08,Train vs Synth,Features,Consecutive
2004-06-15,144.22181302541532,2005-06-10,Train vs Synth,Features,Consecutive
2004-06-16,106.2501848334148,1998-06-07,Train vs Synth,Features,Consecutive
2004-06-17,154.76085880016868,2020-06-07,Train vs Synth,Features,Consecutive
2004-06-18,178.4697101838619,2005-06-06,Train vs Synth,Features,Consecutive
2004-06-19,114.5385937144137,2004-06-12,Train vs Synth,Features,Consecutive
2004-06-20,144.51463750543988,2008-06-07,Train vs Synth,Features,Consecutive
2004-06-21,180.91245135623586,2011-06-04,Train vs Synth,Features,Consecutive
2005-06-01,95.89358010770404,2012-06-01,Train vs Synth,Features,Consecutive
2005-06-02,94.12294482085638,2017-06-15,Train vs Synth,Features,Consecutive
2005-06-03,157.53150188958634,2000-06-04,Train vs Synth,Features,Consecutive
2005-06-04,155.02726535912822,2009-06-07,Train vs Synth,Features,Consecutive
2005-06-05,178.08947063925135,2015-06-04,Train vs Synth,Features,Consecutive
2005-06-06,110.63326686273159,2007-06-14,Train vs Synth,Features,Consecutive
2005-06-07,107.32739571203602,2008-06-11,Train vs Synth,Features,Consecutive
2005-06-08,110.19504051007344,2018-06-18,Train vs Synth,Features,Consecutive
2005-06-09,195.55426691693992,2009-06-13,Train vs Synth,Features,Consecutive
2005-06-10,193.47456561264607,2017-06-09,Train vs Synth,Features,Consecutive
2005-06-13,187.4190295252641,2004-06-10,Train vs Synth,Features,Consecutive
2005-06-14,108.20956990622449,2005-06-03,Train vs Synth,Features,Consecutive
2005-06-15,115.21376802094004,2014-06-03,Train vs Synth,Features,Consecutive
2005-06-16,140.2934237882562,2007-06-13,Train vs Synth,Features,Consecutive
2005-06-17,180.1535644225933,2011-06-10,Train vs Synth,Features,Consecutive
2005-06-18,98.0125395378535,2000-06-02,Train vs Synth,Features,Consecutive
2005-06-19,80.92014600971716,2017-06-15,Train vs Synth,Features,Consecutive
2005-06-20,94.30158418861211,2019-06-12,Train vs Synth,Features,Consecutive
2005-06-21,103.57062820185449,2018-06-19,Train vs Synth,Features,Consecutive
2006-06-01,144.42184256042896,2005-06-06,Train vs Synth,Features,Consecutive
2006-06-02,92.74648124039174,2020-06-09,Train vs Synth,Features,Consecutive
2006-06-03,99.90225715781526,1998-06-07,Train vs Synth,Features,Consecutive
2006-06-04,76.32270723088259,2001-06-12,Train vs Synth,Features,Consecutive
2006-06-05,124.25195958222076,2017-06-15,Train vs Synth,Features,Consecutive
2006-06-06,157.7715029423867,2016-06-21,Train vs Synth,Features,Consecutive
2006-06-07,84.81411478583195,2008-06-04,Train vs Synth,Features,Consecutive
2006-06-08,100.6110542769133,1998-06-01,Train vs Synth,Features,Consecutive
2006-06-09,82.88490694406386,2004-06-17,Train vs Synth,Features,Consecutive
2006-06-10,110.63556836079535,2013-06-21,Train vs Synth,Features,Consecutive
2006-06-11,126.32438172883609,2006-06-17,Train vs Synth,Features,Consecutive
2006-06-12,163.544331491732,1999-06-01,Train vs Synth,Features,Consecutive
2006-06-13,93.98742016576746,2012-06-06,Train vs Synth,Features,Consecutive
2006-06-14,84.17464640358206,2013-06-19,Train vs Synth,Features,Consecutive
2006-06-15,85.93523959105698,2006-06-05,Train vs Synth,Features,Consecutive
2006-06-16,103.5641355964239,2006-06-06,Train vs Synth,Features,Consecutive
2006-06-17,176.96451906123198,2006-06-16,Train vs Synth,Features,Consecutive
2006-06-18,164.3038815704172,2013-06-10,Train vs Synth,Features,Consecutive
2006-06-19,114.92430766175512,2018-06-05,Train vs Synth,Features,Consecutive
2006-06-20,84.34118425441797,2003-06-10,Train vs Synth,Features,Consecutive
2006-06-21,100.05630098446551,2013-06-04,Train vs Synth,Features,Consecutive
2007-06-01,198.46653718708131,2000-06-15,Train vs Synth,Features,Consecutive
2007-06-02,127.41063101073912,2005-06-06,Train vs Synth,Features,Consecutive
2007-06-03,122.4798020099476,2005-06-04,Train vs Synth,Features,Consecutive
2007-06-04,106.98939284104334,2005-06-05,Train vs Synth,Features,Consecutive
2007-06-05,122.59031380109279,2008-06-15,Train vs Synth,Features,Consecutive
2007-06-06,112.71777459669529,2007-06-09,Train vs Synth,Features,Consecutive
2007-06-07,184.1827231596737,2007-06-20,Train vs Synth,Features,Consecutive
2007-06-08,191.5210238452859,2019-06-04,Train vs Synth,Features,Consecutive
2007-06-09,95.28295104146571,2003-06-09,Train vs Synth,Features,Consecutive
2007-06-10,138.74502058584443,2017-06-14,Train vs Synth,Features,Consecutive
2007-06-11,98.3916192250408,2007-06-13,Train vs Synth,Features,Consecutive
2007-06-12,81.31963233705902,2013-06-19,Train vs Synth,Features,Consecutive
2007-06-13,108.05012260590894,2018-06-15,Train vs Synth,Features,Consecutive
2007-06-14,139.60336417554566,2008-06-07,Train vs Synth,Features,Consecutive
2007-06-15,101.78587768687603,2014-06-19,Train vs Synth,Features,Consecutive
2007-06-16,99.19559228396638,2002-06-19,Train vs Synth,Features,Consecutive
2007-06-17,99.07736027445765,1998-06-06,Train vs Synth,Features,Consecutive
2007-06-18,78.50392053527577,2003-06-07,Train vs Synth,Features,Consecutive
2007-06-19,107.10927083729119,2008-06-04,Train vs Synth,Features,Consecutive
2007-06-20,153.3098874985843,2013-06-11,Train vs Synth,Features,Consecutive
2007-06-21,86.85281080073042,2006-06-14,Train vs Synth,Features,Consecutive
2008-06-01,151.2189495136871,2014-06-08,Train vs Synth,Features,Consecutive
2008-06-02,119.0924990487907,2015-06-01,Train vs Synth,Features,Consecutive
2008-06-03,127.22823537896312,2006-06-11,Train vs Synth,Features,Consecutive
2008-06-04,175.07411643865314,2006-06-05,Train vs Synth,Features,Consecutive
2008-06-05,175.9916736831006,2018-06-17,Train vs Synth,Features,Consecutive
2008-06-06,196.23413621780554,2014-06-03,Train vs Synth,Features,Consecutive
2008-06-07,100.16466921861164,2000-06-13,Train vs Synth,Features,Consecutive
2008-06-08,125.05913414762176,2007-06-20,Train vs Synth,Features,Consecutive
2008-06-09,209.72378833958044,2020-06-07,Train vs Synth,Features,Consecutive
2008-06-10,98.40274602878672,2017-06-01,Train vs Synth,Features,Consecutive
2008-06-11,147.37642686031623,2012-06-20,Train vs Synth,Features,Consecutive
2008-06-12,124.16233535448356,2018-06-18,Train vs Synth,Features,Consecutive
2008-06-13,182.0998387221931,2016-06-18,Train vs Synth,Features,Consecutive
2008-06-14,92.49443886195972,2007-06-13,Train vs Synth,Features,Consecutive
2008-06-15,101.68714372124296,2011-06-18,Train vs Synth,Features,Consecutive
2008-06-16,180.2744289532632,2018-06-15,Train vs Synth,Features,Consecutive
2008-06-17,131.65622654804895,2014-06-08,Train vs Synth,Features,Consecutive
2008-06-18,156.3309748082293,2006-06-18,Train vs Synth,Features,Consecutive
2008-06-19,133.33976425291922,2004-06-10,Train vs Synth,Features,Consecutive
2008-06-20,104.06782566589678,2020-06-09,Train vs Synth,Features,Consecutive
2008-06-21,111.42215147083888,2005-06-06,Train vs Synth,Features,Consecutive
2009-06-01,82.94869770283674,2003-06-10,Train vs Synth,Features,Consecutive
2009-06-02,107.26055641953158,2011-06-18,Train vs Synth,Features,Consecutive
2009-06-03,162.64127409284862,2002-06-15,Train vs Synth,Features,Consecutive
2009-06-04,93.39866205732352,2014-06-18,Train vs Synth,Features,Consecutive
2009-06-05,88.07871499768216,2006-06-14,Train vs Synth,Features,Consecutive
2009-06-06,115.5296961452983,2005-06-14,Train vs Synth,Features,Consecutive
2009-06-07,136.06777264597437,2018-06-18,Train vs Synth,Features,Consecutive
2009-06-08,161.46889485584077,2011-06-07,Train vs Synth,Features,Consecutive
2009-06-09,119.27685432160378,2012-06-12,Train vs Synth,Features,Consecutive
2009-06-10,149.23420864009458,2005-06-06,Train vs Synth,Features,Consecutive
2009-06-11,98.24981449131083,2005-06-06,Train vs Synth,Features,Consecutive
2009-06-12,128.09752232859205,2006-06-02,Train vs Synth,Features,Consecutive
2009-06-13,91.04730614233247,2010-06-19,Train vs Synth,Features,Consecutive
2009-06-14,144.02302722077442,2019-06-01,Train vs Synth,Features,Consecutive
2009-06-15,126.52069848347173,2007-06-14,Train vs Synth,Features,Consecutive
2009-06-16,139.21658095712976,2012-06-08,Train vs Synth,Features,Consecutive
2009-06-17,97.81495392199238,2007-06-16,Train vs Synth,Features,Consecutive
2009-06-18,109.42041361444693,2013-06-21,Train vs Synth,Features,Consecutive
2009-06-19,126.4650772435848,2008-06-12,Train vs Synth,Features,Consecutive
2009-06-20,135.27475820447376,2016-06-03,Train vs Synth,Features,Consecutive
2009-06-21,98.35792808354249,2013-06-21,Train vs Synth,Features,Consecutive
2010-06-01,91.29697275153835,2007-06-14,Train vs Synth,Features,Consecutive
2010-06-02,142.32841235375835,2005-06-02,Train vs Synth,Features,Consecutive
2010-06-03,130.56692413056268,1999-06-02,Train vs Synth,Features,Consecutive
2010-06-04,69.00796707895147,2002-06-20,Train vs Synth,Features,Consecutive
2010-06-05,80.22458999609235,2017-06-02,Train vs Synth,Features,Consecutive
2010-06-06,129.96130362103585,2016-06-18,Train vs Synth,Features,Consecutive
2010-06-07,143.2981715212994,2016-06-21,Train vs Synth,Features,Consecutive
2010-06-08,88.52523192920535,2015-06-11,Train vs Synth,Features,Consecutive
2010-06-09,165.44169370682854,2008-06-21,Train vs Synth,Features,Consecutive
2010-06-10,80.24803789403971,1998-06-13,Train vs Synth,Features,Consecutive
2010-06-11,105.07060501592376,2001-06-06,Train vs Synth,Features,Consecutive
2010-06-12,92.72745848767491,2017-06-02,Train vs Synth,Features,Consecutive
2010-06-13,132.14547374590444,2000-06-05,Train vs Synth,Features,Consecutive
2010-06-14,184.0869767662629,2020-06-17,Train vs Synth,Features,Consecutive
2010-06-15,165.91582949319545,2011-06-04,Train vs Synth,Features,Consecutive
2010-06-16,100.89801579618583,2000-06-05,Train vs Synth,Features,Consecutive
2010-06-17,94.60285228652828,2015-06-11,Train vs Synth,Features,Consecutive
2010-06-18,86.50994132385638,2016-06-02,Train vs Synth,Features,Consecutive
2010-06-19,75.72214189842079,2006-06-15,Train vs Synth,Features,Consecutive
2010-06-20,81.00315907794236,2002-06-09,Train vs Synth,Features,Consecutive
2010-06-21,84.23703842780031,2019-06-20,Train vs Synth,Features,Consecutive
2011-06-01,94.51132107255482,2012-06-12,Train vs Synth,Features,Consecutive
2011-06-02,94.01114046297693,2005-06-16,Train vs Synth,Features,Consecutive
2011-06-03,96.75843390086848,2015-06-11,Train vs Synth,Features,Consecutive
2011-06-04,109.45280013863027,1998-06-14,Train vs Synth,Features,Consecutive
2011-06-05,88.83623273226472,2013-06-21,Train vs Synth,Features,Consecutive
2011-06-06,91.06616406593515,1998-06-14,Train vs Synth,Features,Consecutive
2011-06-07,80.50426989964713,2005-06-16,Train vs Synth,Features,Consecutive
2011-06-08,105.00602421338964,2018-06-18,Train vs Synth,Features,Consecutive
2011-06-09,140.81982967700665,2001-06-18,Train vs Synth,Features,Consecutive
2011-06-10,190.42790934253662,2015-06-15,Train vs Synth,Features,Consecutive
2011-06-11,134.92869842945584,2014-06-08,Train vs Synth,Features,Consecutive
2011-06-12,202.90629682808378,2008-06-07,Train vs Synth,Features,Consecutive
2011-06-13,110.4733209398455,2015-06-11,Train vs Synth,Features,Consecutive
2011-06-14,161.50507621952875,2005-06-02,Train vs Synth,Features,Consecutive
2011-06-15,121.71743574972979,2010-06-02,Train vs Synth,Features,Consecutive
2011-06-18,163.78058710559563,2002-06-19,Train vs Synth,Features,Consecutive
2011-06-19,163.66158752162195,2012-06-12,Train vs Synth,Features,Consecutive
2011-06-20,168.32608526466373,2007-06-20,Train vs Synth,Features,Consecutive
2011-06-21,184.5874502132552,2011-06-08,Train vs Synth,Features,Consecutive
2012-06-01,108.6495238451399,2014-06-08,Train vs Synth,Features,Consecutive
2012-06-02,108.7757388227879,2020-06-06,Train vs Synth,Features,Consecutive
2012-06-03,130.31833869843922,2019-06-13,Train vs Synth,Features,Consecutive
2012-06-04,120.06625939375019,2017-06-16,Train vs Synth,Features,Consecutive
2012-06-05,116.50786937005297,2016-06-18,Train vs Synth,Features,Consecutive
2012-06-06,113.78272072506918,2006-06-18,Train vs Synth,Features,Consecutive
2012-06-07,119.38891273970724,2007-06-13,Train vs Synth,Features,Consecutive
2012-06-08,108.62271505750032,2019-06-13,Train vs Synth,Features,Consecutive
2012-06-09,82.06144523689295,2011-06-06,Train vs Synth,Features,Consecutive
2012-06-10,103.9079742690289,2017-06-12,Train vs Synth,Features,Consecutive
2012-06-11,137.94388682018783,2016-06-16,Train vs Synth,Features,Consecutive
2012-06-12,134.2726175856164,2013-06-18,Train vs Synth,Features,Consecutive
2012-06-13,94.44160424888292,2013-06-19,Train vs Synth,Features,Consecutive
2012-06-14,91.3244954509935,2002-06-21,Train vs Synth,Features,Consecutive
2012-06-15,226.23246435804663,2004-06-09,Train vs Synth,Features,Consecutive
2012-06-16,140.2950733340002,2020-06-07,Train vs Synth,Features,Consecutive
2012-06-17,103.35059344492413,2016-06-02,Train vs Synth,Features,Consecutive
2012-06-18,92.27406687675857,2009-06-11,Train vs Synth,Features,Consecutive
2012-06-19,105.49686173625689,2000-06-12,Train vs Synth,Features,Consecutive
2012-06-20,98.55483474666293,2009-06-11,Train vs Synth,Features,Consecutive
2012-06-21,149.78175166187674,2016-06-06,Train vs Synth,Features,Consecutive
2013-06-01,146.78516423136045,2005-06-06,Train vs Synth,Features,Consecutive
2013-06-02,111.82732523858633,2010-06-02,Train vs Synth,Features,Consecutive
2013-06-03,88.44480088301829,2004-06-21,Train vs Synth,Features,Consecutive
2013-06-04,168.17863083404148,2001-06-13,Train vs Synth,Features,Consecutive
2013-06-05,193.33122438139853,2004-06-13,Train vs Synth,Features,Consecutive
2013-06-06,108.76530191228798,2019-06-04,Train vs Synth,Features,Consecutive
2013-06-07,92.69352194044566,2010-06-02,Train vs Synth,Features,Consecutive
2013-06-08,87.7227089351117,2011-06-14,Train vs Synth,Features,Consecutive
2013-06-09,155.135796935868,2020-06-08,Train vs Synth,Features,Consecutive
2013-06-10,125.33699084394735,2013-06-21,Train vs Synth,Features,Consecutive
2013-06-11,93.08563490062309,2008-06-13,Train vs Synth,Features,Consecutive
2013-06-12,122.74913187184032,2008-06-12,Train vs Synth,Features,Consecutive
2013-06-13,159.4814443748408,2006-06-17,Train vs Synth,Features,Consecutive
2013-06-14,96.33714148315273,2013-06-19,Train vs Synth,Features,Consecutive
2013-06-15,109.88487100414946,2017-06-09,Train vs Synth,Features,Consecutive
2013-06-16,123.6825993769628,2018-06-19,Train vs Synth,Features,Consecutive
2013-06-17,150.61944147721542,2020-06-06,Train vs Synth,Features,Consecutive
2013-06-18,108.57723439599957,2012-06-01,Train vs Synth,Features,Consecutive
2013-06-19,90.91823609279146,2006-06-20,Train vs Synth,Features,Consecutive
2013-06-20,95.85453360549339,2001-06-01,Train vs Synth,Features,Consecutive
2013-06-21,83.14273792738955,2005-06-16,Train vs Synth,Features,Consecutive
2014-06-01,90.70085923706597,2011-06-06,Train vs Synth,Features,Consecutive
2014-06-02,152.93658523197482,2019-06-12,Train vs Synth,Features,Consecutive
2014-06-03,112.80517827812551,2000-06-07,Train vs Synth,Features,Consecutive
2014-06-04,107.24486833230927,2016-06-15,Train vs Synth,Features,Consecutive
2014-06-05,139.78149519185135,2018-06-15,Train vs Synth,Features,Consecutive
2014-06-06,168.1197111190482,2010-06-12,Train vs Synth,Features,Consecutive
2014-06-07,210.66957146250968,2020-06-08,Train vs Synth,Features,Consecutive
2014-06-08,107.91351019741478,2014-06-08,Train vs Synth,Features,Consecutive
2014-06-09,152.24495207727597,2012-06-14,Train vs Synth,Features,Consecutive
2014-06-10,133.41108482364916,1999-06-17,Train vs Synth,Features,Consecutive
2014-06-11,102.45640439399833,2005-06-19,Train vs Synth,Features,Consecutive
2014-06-12,185.16793666188406,2005-06-06,Train vs Synth,Features,Consecutive
2014-06-13,89.59889921152865,2014-06-08,Train vs Synth,Features,Consecutive
2014-06-14,105.70337899086728,2001-06-01,Train vs Synth,Features,Consecutive
2014-06-15,200.20709942039437,2015-06-17,Train vs Synth,Features,Consecutive
2014-06-16,98.07678127099504,2007-06-09,Train vs Synth,Features,Consecutive
2014-06-17,116.37804348657795,2009-06-11,Train vs Synth,Features,Consecutive
2014-06-18,98.93398877389838,2005-06-16,Train vs Synth,Features,Consecutive
2014-06-19,115.5635369692979,2010-06-05,Train vs Synth,Features,Consecutive
2014-06-20,116.90810779302781,2015-06-16,Train vs Synth,Features,Consecutive
2014-06-21,104.5498389074356,2001-06-12,Train vs Synth,Features,Consecutive
2015-06-01,79.81426514793898,2002-06-19,Train vs Synth,Features,Consecutive
2015-06-02,87.81194351706303,2013-06-19,Train vs Synth,Features,Consecutive
2015-06-03,78.3022965154766,2004-06-07,Train vs Synth,Features,Consecutive
2015-06-04,80.04191233220145,2006-06-09,Train vs Synth,Features,Consecutive
2015-06-05,106.03191319064477,2014-06-12,Train vs Synth,Features,Consecutive
2015-06-06,72.84203857782562,1998-06-08,Train vs Synth,Features,Consecutive
2015-06-07,78.64308810498918,2013-06-21,Train vs Synth,Features,Consecutive
2015-06-08,162.34242401034894,2003-06-14,Train vs Synth,Features,Consecutive
2015-06-09,113.92644856405951,2017-06-09,Train vs Synth,Features,Consecutive
2015-06-10,93.33471405496049,2008-06-13,Train vs Synth,Features,Consecutive
2015-06-11,91.21102119003154,2009-06-07,Train vs Synth,Features,Consecutive
2015-06-12,173.93505375155726,2020-06-08,Train vs Synth,Features,Consecutive
2015-06-13,124.5947000827741,2013-06-19,Train vs Synth,Features,Consecutive
2015-06-14,88.24538314264707,2014-06-16,Train vs Synth,Features,Consecutive
2015-06-15,128.4509683719566,2004-06-09,Train vs Synth,Features,Consecutive
2015-06-16,102.42898511805714,2010-06-02,Train vs Synth,Features,Consecutive
2015-06-17,76.05112342857798,2007-06-13,Train vs Synth,Features,Consecutive
2015-06-18,115.82862950557582,2002-06-15,Train vs Synth,Features,Consecutive
2015-06-19,104.0422574697137,2012-06-01,Train vs Synth,Features,Consecutive
2015-06-20,88.62715876639315,2016-06-09,Train vs Synth,Features,Consecutive
2015-06-21,95.60710615128436,2007-06-17,Train vs Synth,Features,Consecutive
2016-06-01,112.60366318580832,2010-06-19,Train vs Synth,Features,Consecutive
2016-06-02,116.60082966869926,2010-06-19,Train vs Synth,Features,Consecutive
2016-06-03,106.20798604133893,2012-06-01,Train vs Synth,Features,Consecutive
2016-06-04,132.19457635051648,2016-06-16,Train vs Synth,Features,Consecutive
2016-06-05,113.14356738710309,2005-06-05,Train vs Synth,Features,Consecutive
2016-06-06,116.37132837364881,2003-06-14,Train vs Synth,Features,Consecutive
2016-06-07,121.53524174693544,2002-06-19,Train vs Synth,Features,Consecutive
2016-06-08,90.58509977369178,2002-06-20,Train vs Synth,Features,Consecutive
2016-06-09,85.00084134724267,2017-06-11,Train vs Synth,Features,Consecutive
2016-06-10,76.25332732817402,2002-06-09,Train vs Synth,Features,Consecutive
2016-06-11,81.53442202626333,2006-06-09,Train vs Synth,Features,Consecutive
2016-06-12,105.1639069056976,2000-06-15,Train vs Synth,Features,Consecutive
2016-06-13,106.78450868475728,2016-06-20,Train vs Synth,Features,Consecutive
2016-06-14,132.8774929939354,2017-06-09,Train vs Synth,Features,Consecutive
2016-06-15,110.54485109373208,2013-06-05,Train vs Synth,Features,Consecutive
2016-06-16,127.45450943332783,2001-06-12,Train vs Synth,Features,Consecutive
2016-06-17,89.74811645695608,2006-06-09,Train vs Synth,Features,Consecutive
2016-06-18,180.73780637668253,2020-06-08,Train vs Synth,Features,Consecutive
2016-06-19,101.52268322139707,2000-06-19,Train vs Synth,Features,Consecutive
2016-06-20,87.66236087522155,2017-06-09,Train vs Synth,Features,Consecutive
2016-06-21,110.76055924302219,2017-06-09,Train vs Synth,Features,Consecutive
2017-06-01,130.06503133386155,2000-06-20,Train vs Synth,Features,Consecutive
2017-06-02,98.49659641284083,2000-06-02,Train vs Synth,Features,Consecutive
2017-06-03,155.69883034322174,2017-06-18,Train vs Synth,Features,Consecutive
2017-06-04,90.2360694969088,2010-06-19,Train vs Synth,Features,Consecutive
2017-06-05,87.84162610986058,2004-06-11,Train vs Synth,Features,Consecutive
2017-06-06,113.8993172008179,2018-06-08,Train vs Synth,Features,Consecutive
2017-06-07,113.21743614864403,2003-06-21,Train vs Synth,Features,Consecutive
2017-06-08,94.6667717725267,2008-06-04,Train vs Synth,Features,Consecutive
2017-06-09,83.87887067304372,2005-06-19,Train vs Synth,Features,Consecutive
2017-06-10,78.65276705791419,2006-06-05,Train vs Synth,Features,Consecutive
2017-06-11,98.0563810026442,2012-06-20,Train vs Synth,Features,Consecutive
2017-06-12,96.20587586426508,2002-06-09,Train vs Synth,Features,Consecutive
2017-06-13,84.46101250275768,2005-06-16,Train vs Synth,Features,Consecutive
2017-06-14,135.43288237003185,2015-06-11,Train vs Synth,Features,Consecutive
2017-06-15,117.44976770228203,2013-06-04,Train vs Synth,Features,Consecutive
2017-06-16,160.0797939379168,2000-06-07,Train vs Synth,Features,Consecutive
2017-06-17,87.09220201524606,2014-06-16,Train vs Synth,Features,Consecutive
2017-06-18,185.28499186868888,2006-06-01,Train vs Synth,Features,Consecutive
2017-06-19,100.7978907633369,2008-06-04,Train vs Synth,Features,Consecutive
2017-06-20,96.91769301355362,2020-06-18,Train vs Synth,Features,Consecutive
2017-06-21,82.57422645943186,1998-06-20,Train vs Synth,Features,Consecutive
2018-06-01,98.7264297966033,2006-06-20,Train vs Synth,Features,Consecutive
2018-06-02,147.38894565214176,2016-06-16,Train vs Synth,Features,Consecutive
2018-06-03,100.92044287208456,2020-06-09,Train vs Synth,Features,Consecutive
2018-06-04,104.8689441417938,2007-06-13,Train vs Synth,Features,Consecutive
2018-06-05,85.76008599511515,2000-06-01,Train vs Synth,Features,Consecutive
2018-06-06,86.68610363078199,2000-06-02,Train vs Synth,Features,Consecutive
2018-06-07,161.576125919342,2012-06-08,Train vs Synth,Features,Consecutive
2018-06-08,84.11869968233859,2000-06-20,Train vs Synth,Features,Consecutive
2018-06-09,76.67833075063227,2009-06-07,Train vs Synth,Features,Consecutive
2018-06-10,78.33394308995885,2007-06-17,Train vs Synth,Features,Consecutive
2018-06-11,89.74505483531495,2001-06-18,Train vs Synth,Features,Consecutive
2018-06-12,129.3818765887193,2016-06-01,Train vs Synth,Features,Consecutive
2018-06-13,121.66948385437396,2007-06-13,Train vs Synth,Features,Consecutive
2018-06-14,81.91682507744197,2003-06-10,Train vs Synth,Features,Consecutive
2018-06-15,92.28787966909927,2001-06-18,Train vs Synth,Features,Consecutive
2018-06-16,90.88016187496372,2001-06-18,Train vs Synth,Features,Consecutive
2018-06-17,81.3224709520185,2002-06-09,Train vs Synth,Features,Consecutive
2018-06-18,82.86583260618241,2006-06-09,Train vs Synth,Features,Consecutive
2018-06-19,78.59891325165584,2020-06-21,Train vs Synth,Features,Consecutive
2018-06-20,146.5430992607658,2020-06-08,Train vs Synth,Features,Consecutive
2019-06-01,122.5984028782362,2017-06-09,Train vs Synth,Features,Consecutive
2019-06-02,110.30756906510011,2012-06-01,Train vs Synth,Features,Consecutive
2019-06-03,98.08054154135905,2007-06-13,Train vs Synth,Features,Consecutive
2019-06-04,142.19483283836084,2015-06-16,Train vs Synth,Features,Consecutive
2019-06-05,102.09899170148509,2018-06-19,Train vs Synth,Features,Consecutive
2019-06-06,145.6711380543156,2005-06-06,Train vs Synth,Features,Consecutive
2019-06-07,96.22452819018164,2010-06-02,Train vs Synth,Features,Consecutive
2019-06-08,117.78762613517883,2017-06-21,Train vs Synth,Features,Consecutive
2019-06-09,160.75305431501815,2016-06-16,Train vs Synth,Features,Consecutive
2019-06-10,126.8424291851789,2000-06-18,Train vs Synth,Features,Consecutive
2019-06-11,81.40560264213428,2005-06-19,Train vs Synth,Features,Consecutive
2019-06-12,160.33785855376513,2016-06-06,Train vs Synth,Features,Consecutive
2019-06-13,119.84110408356335,2010-06-12,Train vs Synth,Features,Consecutive
2019-06-14,109.70171544215769,2001-06-01,Train vs Synth,Features,Consecutive
2019-06-15,146.10848193179217,2012-06-11,Train vs Synth,Features,Consecutive
2019-06-16,150.3462607230313,2020-06-10,Train vs Synth,Features,Consecutive
2019-06-17,91.06894317129834,2020-06-09,Train vs Synth,Features,Consecutive
2019-06-18,92.18562695559581,2019-06-13,Train vs Synth,Features,Consecutive
2019-06-19,160.06475445705857,2005-06-06,Train vs Synth,Features,Consecutive
2019-06-20,127.43890653143379,2007-06-01,Train vs Synth,Features,Consecutive
2019-06-21,109.79040614430771,2019-06-15,Train vs Synth,Features,Consecutive
2020-06-01,72.76348464662847,1998-06-20,Train vs Synth,Features,Consecutive
2020-06-02,74.23966971536593,1998-06-20,Train vs Synth,Features,Consecutive
2020-06-03,86.19560389435874,2010-06-05,Train vs Synth,Features,Consecutive
2020-06-04,91.51473286065685,2018-06-19,Train vs Synth,Features,Consecutive
2020-06-05,142.5799662529644,2018-06-19,Train vs Synth,Features,Consecutive
2020-06-06,79.2616608779691,1998-06-08,Train vs Synth,Features,Consecutive
2020-06-07,81.77964129611979,2006-06-09,Train vs Synth,Features,Consecutive
2020-06-08,95.09926830768852,2000-06-01,Train vs Synth,Features,Consecutive
2020-06-09,228.49567523710726,2009-06-08,Train vs Synth,Features,Consecutive
2020-06-10,265.36437992855394,1999-06-15,Train vs Synth,Features,Consecutive
2020-06-11,134.7023007369347,2005-06-19,Train vs Synth,Features,Consecutive
2020-06-12,100.83450413237397,2005-06-20,Train vs Synth,Features,Consecutive
2020-06-13,87.7674898299628,1998-06-20,Train vs Synth,Features,Consecutive
2020-06-14,73.18990048689743,1998-06-20,Train vs Synth,Features,Consecutive
2020-06-15,75.3446182850687,1998-06-20,Train vs Synth,Features,Consecutive
2020-06-16,83.97426252608577,2006-06-09,Train vs Synth,Features,Consecutive
2020-06-17,92.92489426819814,2002-06-11,Train vs Synth,Features,Consecutive
2020-06-18,86.87557665601751,2005-06-17,Train vs Synth,Features,Consecutive
2020-06-19,199.40593291559264,2007-06-11,Train vs Synth,Features,Consecutive
2020-06-20,122.77664835120984,1999-06-02,Train vs Synth,Features,Consecutive
2020-06-21,132.32974968176006,2011-06-05,Train vs Synth,Features,Consecutive
1998-06-01,175.1769791421641,2009-06-21,Train vs Synth,Embedded,Independent
1998-06-02,127.69537384541748,2017-06-13,Train vs Synth,Embedded,Independent
1998-06-03,151.75713174994974,2010-06-07,Train vs Synth,Embedded,Independent
1998-06-04,149.01924741623284,2007-06-21,Train vs Synth,Embedded,Independent
1998-06-05,150.9265494884611,2006-06-18,Train vs Synth,Embedded,Independent
1998-06-06,118.18970746003228,2006-06-18,Train vs Synth,Embedded,Independent
1998-06-07,108.39905838290557,2013-06-15,Train vs Synth,Embedded,Independent
1998-06-08,165.38124310219456,2003-06-07,Train vs Synth,Embedded,Independent
1998-06-09,108.62404483712676,2010-06-15,Train vs Synth,Embedded,Independent
1998-06-10,133.68214475946476,1998-06-19,Train vs Synth,Embedded,Independent
1998-06-11,180.60717807040774,2007-06-03,Train vs Synth,Embedded,Independent
1998-06-12,167.96460627604242,2000-06-19,Train vs Synth,Embedded,Independent
1998-06-13,133.65137248051204,2013-06-15,Train vs Synth,Embedded,Independent
1998-06-14,231.88483873573693,2000-06-04,Train vs Synth,Embedded,Independent
1998-06-15,135.86932951672432,2000-06-09,Train vs Synth,Embedded,Independent
1998-06-16,169.45795340298238,2002-06-09,Train vs Synth,Embedded,Independent
1998-06-17,139.88935482550494,2003-06-07,Train vs Synth,Embedded,Independent
1998-06-18,143.6113189134915,2009-06-17,Train vs Synth,Embedded,Independent
1998-06-19,139.1712217076361,2013-06-15,Train vs Synth,Embedded,Independent
1998-06-20,135.02206273974778,2007-06-03,Train vs Synth,Embedded,Independent
1998-06-21,223.92441072411,2001-06-02,Train vs Synth,Embedded,Independent
1999-06-01,181.26531677017942,2010-06-19,Train vs Synth,Embedded,Independent
1999-06-02,120.84020526776332,2015-06-14,Train vs Synth,Embedded,Independent
1999-06-03,147.26371345138412,2013-06-18,Train vs Synth,Embedded,Independent
1999-06-04,96.57222238380399,2003-06-07,Train vs Synth,Embedded,Independent
1999-06-05,108.15080290429256,2004-06-11,Train vs Synth,Embedded,Independent
1999-06-06,114.55882678474991,2007-06-03,Train vs Synth,Embedded,Independent
1999-06-07,101.26578021872125,1998-06-07,Train vs Synth,Embedded,Independent
1999-06-08,98.28618163958961,2006-06-14,Train vs Synth,Embedded,Independent
1999-06-09,118.63050074682033,2010-06-20,Train vs Synth,Embedded,Independent
1999-06-10,206.54469657214136,2002-06-21,Train vs Synth,Embedded,Independent
1999-06-11,119.7062939039711,2011-06-18,Train vs Synth,Embedded,Independent
1999-06-12,136.70874645857242,2009-06-02,Train vs Synth,Embedded,Independent
1999-06-13,123.15309608770643,2011-06-12,Train vs Synth,Embedded,Independent
1999-06-14,120.08565190386336,2000-06-12,Train vs Synth,Embedded,Independent
1999-06-15,119.98470349795595,2015-06-14,Train vs Synth,Embedded,Independent
1999-06-16,131.2411142272739,2011-06-12,Train vs Synth,Embedded,Independent
1999-06-17,105.86231177509646,2000-06-12,Train vs Synth,Embedded,Independent
1999-06-18,124.8138568312805,2012-06-19,Train vs Synth,Embedded,Independent
1999-06-19,145.61199052136033,2000-06-03,Train vs Synth,Embedded,Independent
1999-06-20,116.38332592929237,2005-06-13,Train vs Synth,Embedded,Independent
1999-06-21,98.52526880629979,2016-06-01,Train vs Synth,Embedded,Independent
2000-06-01,111.04368200619986,2012-06-10,Train vs Synth,Embedded,Independent
2000-06-02,153.3423700597126,1998-06-16,Train vs Synth,Embedded,Independent
2000-06-03,113.69240301725571,2009-06-21,Train vs Synth,Embedded,Independent
2000-06-04,122.34340628454439,2014-06-17,Train vs Synth,Embedded,Independent
2000-06-05,142.21997432642277,2006-06-18,Train vs Synth,Embedded,Independent
2000-06-06,114.3153131789297,2013-06-15,Train vs Synth,Embedded,Independent
2000-06-07,85.6363129049814,2006-06-14,Train vs Synth,Embedded,Independent
2000-06-08,94.79811839516357,2008-06-09,Train vs Synth,Embedded,Independent
2000-06-09,95.89313387000743,2003-06-07,Train vs Synth,Embedded,Independent
2000-06-10,126.42039218885233,1999-06-08,Train vs Synth,Embedded,Independent
2000-06-11,125.89574480034408,2007-06-06,Train vs Synth,Embedded,Independent
2000-06-12,137.82878908176798,1998-06-08,Train vs Synth,Embedded,Independent
2000-06-13,134.4079651704407,2019-06-14,Train vs Synth,Embedded,Independent
2000-06-14,192.69680375994005,2015-06-02,Train vs Synth,Embedded,Independent
2000-06-15,125.87635176452216,2012-06-20,Train vs Synth,Embedded,Independent
2000-06-16,199.18752898214024,2004-06-03,Train vs Synth,Embedded,Independent
2000-06-17,157.57664472174164,2009-06-02,Train vs Synth,Embedded,Independent
2000-06-18,113.32438329495052,2004-06-08,Train vs Synth,Embedded,Independent
2000-06-19,86.85847879356596,2000-06-16,Train vs Synth,Embedded,Independent
2000-06-20,117.7060999305374,2007-06-03,Train vs Synth,Embedded,Independent
2000-06-21,231.67425387186148,2017-06-05,Train vs Synth,Embedded,Independent
2001-06-01,116.85381400507706,1999-06-13,Train vs Synth,Embedded,Independent
2001-06-02,175.55972417316931,2004-06-03,Train vs Synth,Embedded,Independent
2001-06-03,176.56347203154994,2018-06-05,Train vs Synth,Embedded,Independent
2001-06-04,132.3208237217742,2000-06-16,Train vs Synth,Embedded,Independent
2001-06-05,117.91429519023322,2009-06-10,Train vs Synth,Embedded,Independent
2001-06-06,96.87027099890965,2002-06-01,Train vs Synth,Embedded,Independent
2001-06-07,103.62800797466598,2014-06-21,Train vs Synth,Embedded,Independent
2001-06-12,92.64170426233147,2017-06-17,Train vs Synth,Embedded,Independent
2001-06-13,141.69440494643376,2004-06-07,Train vs Synth,Embedded,Independent
2001-06-14,191.52134248566858,2017-06-02,Train vs Synth,Embedded,Independent
2001-06-15,137.5360278291414,2020-06-20,Train vs Synth,Embedded,Independent
2001-06-16,87.86387560815544,2006-06-20,Train vs Synth,Embedded,Independent
2001-06-17,157.78438261100172,2010-06-05,Train vs Synth,Embedded,Independent
2001-06-18,88.49202734448623,2019-06-14,Train vs Synth,Embedded,Independent
2001-06-19,94.10325507142804,2003-06-19,Train vs Synth,Embedded,Independent
2001-06-20,147.90905839263354,2005-06-21,Train vs Synth,Embedded,Independent
2001-06-21,166.93437573513208,2013-06-05,Train vs Synth,Embedded,Independent
2002-06-01,109.43935351466894,2008-06-09,Train vs Synth,Embedded,Independent
2002-06-02,98.40965982502172,2002-06-12,Train vs Synth,Embedded,Independent
2002-06-03,117.19175150303445,2007-06-03,Train vs Synth,Embedded,Independent
2002-06-04,207.14259074192253,1999-06-14,Train vs Synth,Embedded,Independent
2002-06-05,139.04735977412398,2011-06-12,Train vs Synth,Embedded,Independent
2002-06-06,111.96985865586578,2011-06-13,Train vs Synth,Embedded,Independent
2002-06-07,90.01287263208852,2008-06-02,Train vs Synth,Embedded,Independent
2002-06-08,92.593034578685,2010-06-05,Train vs Synth,Embedded,Independent
2002-06-09,96.94800694161125,2003-06-07,Train vs Synth,Embedded,Independent
2002-06-10,96.4588279857216,2005-06-19,Train vs Synth,Embedded,Independent
2002-06-11,97.57275460432038,2019-06-14,Train vs Synth,Embedded,Independent
2002-06-12,185.05644363258463,2016-06-07,Train vs Synth,Embedded,Independent
2002-06-13,202.18380519604915,2019-06-09,Train vs Synth,Embedded,Independent
2002-06-14,121.25514888722928,2011-06-12,Train vs Synth,Embedded,Independent
2002-06-15,130.41160595755255,2012-06-20,Train vs Synth,Embedded,Independent
2002-06-16,186.67970907201448,2004-06-08,Train vs Synth,Embedded,Independent
2002-06-17,121.5326409925838,2011-06-08,Train vs Synth,Embedded,Independent
2002-06-18,141.95906840549617,2010-06-05,Train vs Synth,Embedded,Independent
2002-06-19,100.30988945099585,2003-06-07,Train vs Synth,Embedded,Independent
2002-06-20,100.88813211995412,2012-06-02,Train vs Synth,Embedded,Independent
2002-06-21,84.55116596874464,2012-06-02,Train vs Synth,Embedded,Independent
2003-06-01,118.79833706624237,2004-06-08,Train vs Synth,Embedded,Independent
2003-06-02,175.09247879960947,2013-06-05,Train vs Synth,Embedded,Independent
2003-06-03,120.17495303469666,2009-06-02,Train vs Synth,Embedded,Independent
2003-06-04,96.13610240484745,2005-06-13,Train vs Synth,Embedded,Independent
2003-06-05,94.42513339696697,2005-06-14,Train vs Synth,Embedded,Independent
2003-06-06,151.7096607220487,2011-06-12,Train vs Synth,Embedded,Independent
2003-06-07,131.23397602190514,2011-06-12,Train vs Synth,Embedded,Independent
2003-06-08,146.0342349805419,2000-06-09,Train vs Synth,Embedded,Independent
2003-06-09,120.63456862448592,2019-06-17,Train vs Synth,Embedded,Independent
2003-06-10,113.59704349439555,2008-06-08,Train vs Synth,Embedded,Independent
2003-06-11,123.68777445716901,2000-06-07,Train vs Synth,Embedded,Independent
2003-06-12,160.6434784438984,2016-06-15,Train vs Synth,Embedded,Independent
2003-06-13,96.79236907360584,2010-06-10,Train vs Synth,Embedded,Independent
2003-06-14,157.44648107442032,2020-06-05,Train vs Synth,Embedded,Independent
2003-06-15,123.76850122573276,2009-06-04,Train vs Synth,Embedded,Independent
2003-06-16,107.45476494726717,2005-06-14,Train vs Synth,Embedded,Independent
2003-06-17,108.68991175338626,2001-06-04,Train vs Synth,Embedded,Independent
2003-06-18,92.39069160020838,2015-06-10,Train vs Synth,Embedded,Independent
2003-06-19,129.9577979569046,2014-06-11,Train vs Synth,Embedded,Independent
2003-06-20,129.4324318414088,2015-06-17,Train vs Synth,Embedded,Independent
2003-06-21,128.42263466440502,1999-06-16,Train vs Synth,Embedded,Independent
2004-06-01,135.77864470490832,2019-06-13,Train vs Synth,Embedded,Independent
2004-06-02,165.07686241282033,2008-06-15,Train vs Synth,Embedded,Independent
2004-06-03,119.57492547098117,2020-06-05,Train vs Synth,Embedded,Independent
2004-06-04,118.02008458367355,2014-06-19,Train vs Synth,Embedded,Independent
2004-06-05,137.96008640411543,2008-06-02,Train vs Synth,Embedded,Independent
2004-06-06,119.49337881013705,2017-06-19,Train vs Synth,Embedded,Independent
2004-06-07,104.35658040780214,2014-06-18,Train vs Synth,Embedded,Independent
2004-06-08,105.83670779724605,2002-06-11,Train vs Synth,Embedded,Independent
2004-06-09,96.71121274145196,2014-06-18,Train vs Synth,Embedded,Independent
2004-06-10,100.67245992029666,2000-06-16,Train vs Synth,Embedded,Independent
2004-06-11,132.91019890834215,1999-06-09,Train vs Synth,Embedded,Independent
2004-06-12,98.40911277002334,2003-06-19,Train vs Synth,Embedded,Independent
2004-06-13,179.61794481691805,2016-06-07,Train vs Synth,Embedded,Independent
2004-06-14,93.74515171220204,2007-06-05,Train vs Synth,Embedded,Independent
2004-06-15,164.49065767515867,2018-06-11,Train vs Synth,Embedded,Independent
2004-06-16,99.15448142528467,2017-06-08,Train vs Synth,Embedded,Independent
2004-06-17,147.0859259070999,2016-06-15,Train vs Synth,Embedded,Independent
2004-06-18,165.52166226035385,2010-06-15,Train vs Synth,Embedded,Independent
2004-06-19,138.86284072999914,2020-06-11,Train vs Synth,Embedded,Independent
2004-06-20,145.42908869902996,2005-06-14,Train vs Synth,Embedded,Independent
2004-06-21,165.68150754491398,2019-06-05,Train vs Synth,Embedded,Independent
2005-06-01,110.7858983963731,2016-06-02,Train vs Synth,Embedded,Independent
2005-06-02,98.97597438487624,2013-06-15,Train vs Synth,Embedded,Independent
2005-06-03,165.25087667475364,2003-06-16,Train vs Synth,Embedded,Independent
2005-06-04,150.6743699564788,2005-06-20,Train vs Synth,Embedded,Independent
2005-06-05,154.28274647967388,2016-06-15,Train vs Synth,Embedded,Independent
2005-06-06,108.31900755188335,2017-06-15,Train vs Synth,Embedded,Independent
2005-06-07,108.4394829661313,1999-06-16,Train vs Synth,Embedded,Independent
2005-06-08,126.41085592992026,2002-06-12,Train vs Synth,Embedded,Independent
2005-06-09,235.1041158814424,2003-06-14,Train vs Synth,Embedded,Independent
2005-06-10,188.20331019659528,2008-06-16,Train vs Synth,Embedded,Independent
2005-06-13,180.08268925047682,2010-06-06,Train vs Synth,Embedded,Independent
2005-06-14,132.37748066124183,2000-06-09,Train vs Synth,Embedded,Independent
2005-06-15,122.61547958281886,2009-06-21,Train vs Synth,Embedded,Independent
2005-06-16,146.36246078032582,2010-06-03,Train vs Synth,Embedded,Independent
2005-06-17,167.38866508593412,2007-06-13,Train vs Synth,Embedded,Independent
2005-06-18,125.00074389744768,2013-06-15,Train vs Synth,Embedded,Independent
2005-06-19,96.87320209102958,2003-06-14,Train vs Synth,Embedded,Independent
2005-06-20,78.33038832008539,2007-06-08,Train vs Synth,Embedded,Independent
2005-06-21,88.31023409313674,2002-06-21,Train vs Synth,Embedded,Independent
2006-06-01,134.67619807960455,2010-06-15,Train vs Synth,Embedded,Independent
2006-06-02,111.42997733216826,2016-06-02,Train vs Synth,Embedded,Independent
2006-06-03,97.00965527081445,2007-06-08,Train vs Synth,Embedded,Independent
2006-06-04,94.87298046122964,2002-06-01,Train vs Synth,Embedded,Independent
2006-06-05,116.92876419040589,2003-06-14,Train vs Synth,Embedded,Independent
2006-06-06,161.60279340124862,2012-06-17,Train vs Synth,Embedded,Independent
2006-06-07,95.4510061453181,2014-06-21,Train vs Synth,Embedded,Independent
2006-06-08,83.65937259303215,2015-06-14,Train vs Synth,Embedded,Independent
2006-06-09,83.50144189414796,2008-06-09,Train vs Synth,Embedded,Independent
2006-06-10,116.4671878701561,2018-06-01,Train vs Synth,Embedded,Independent
2006-06-11,129.3750792220097,2011-06-20,Train vs Synth,Embedded,Independent
2006-06-12,188.16853924083523,2009-06-02,Train vs Synth,Embedded,Independent
2006-06-13,103.81530989353014,2020-06-05,Train vs Synth,Embedded,Independent
2006-06-14,90.55658395356542,2013-06-15,Train vs Synth,Embedded,Independent
2006-06-15,95.41823201202911,2010-06-05,Train vs Synth,Embedded,Independent
2006-06-16,111.4466463075815,2003-06-07,Train vs Synth,Embedded,Independent
2006-06-17,186.54185170598188,2017-06-14,Train vs Synth,Embedded,Independent
2006-06-18,148.6854821997249,2019-06-13,Train vs Synth,Embedded,Independent
2006-06-19,122.52826878810207,1999-06-15,Train vs Synth,Embedded,Independent
2006-06-20,95.82377561900437,2006-06-20,Train vs Synth,Embedded,Independent
2006-06-21,112.23378585838016,2000-06-16,Train vs Synth,Embedded,Independent
2007-06-01,175.8961234366302,2018-06-10,Train vs Synth,Embedded,Independent
2007-06-02,134.7928094425732,2015-06-10,Train vs Synth,Embedded,Independent
2007-06-03,126.55936591964978,2000-06-09,Train vs Synth,Embedded,Independent
2007-06-04,123.07679474447764,2009-06-18,Train vs Synth,Embedded,Independent
2007-06-05,145.9763226851966,2009-06-21,Train vs Synth,Embedded,Independent
2007-06-06,125.58461567503964,2006-06-17,Train vs Synth,Embedded,Independent
2007-06-07,207.50866589894576,2007-06-03,Train vs Synth,Embedded,Independent
2007-06-08,181.02184350570127,2009-06-04,Train vs Synth,Embedded,Independent
2007-06-09,93.40548841932264,2000-06-07,Train vs Synth,Embedded,Independent
2007-06-10,137.40492374268266,2019-06-21,Train vs Synth,Embedded,Independent
2007-06-11,101.15548324203314,2007-06-13,Train vs Synth,Embedded,Independent
2007-06-12,96.2500013777148,2002-06-09,Train vs Synth,Embedded,Independent
2007-06-13,171.70269110595535,2001-06-02,Train vs Synth,Embedded,Independent
2007-06-14,137.7838854556649,2005-06-14,Train vs Synth,Embedded,Independent
2007-06-15,125.2103252355706,2014-06-21,Train vs Synth,Embedded,Independent
2007-06-16,93.6014392994948,2005-06-14,Train vs Synth,Embedded,Independent
2007-06-17,94.90065782894766,2016-06-18,Train vs Synth,Embedded,Independent
2007-06-18,88.86290540830443,2014-06-09,Train vs Synth,Embedded,Independent
2007-06-19,106.1365168974182,2014-06-21,Train vs Synth,Embedded,Independent
2007-06-20,150.66216490120945,1998-06-13,Train vs Synth,Embedded,Independent
2007-06-21,98.52980695358036,2008-06-05,Train vs Synth,Embedded,Independent
2008-06-01,148.2378669484567,2000-06-18,Train vs Synth,Embedded,Independent
2008-06-02,139.03845195788077,2000-06-16,Train vs Synth,Embedded,Independent
2008-06-03,132.40867527852853,2009-06-14,Train vs Synth,Embedded,Independent
2008-06-04,165.4500441919073,2003-06-08,Train vs Synth,Embedded,Independent
2008-06-05,181.11330708640037,2004-06-07,Train vs Synth,Embedded,Independent
2008-06-06,192.46244457358006,1998-06-21,Train vs Synth,Embedded,Independent
2008-06-07,97.28252057815338,2004-06-07,Train vs Synth,Embedded,Independent
2008-06-08,121.39778043028291,1999-06-09,Train vs Synth,Embedded,Independent
2008-06-09,209.42752150845658,2009-06-21,Train vs Synth,Embedded,Independent
2008-06-10,100.7639860620184,2012-06-02,Train vs Synth,Embedded,Independent
2008-06-11,141.61936668510336,2002-06-11,Train vs Synth,Embedded,Independent
2008-06-12,139.72224501159084,1999-06-11,Train vs Synth,Embedded,Independent
2008-06-13,183.5913624030611,2004-06-03,Train vs Synth,Embedded,Independent
2008-06-14,98.1144569754739,2008-06-05,Train vs Synth,Embedded,Independent
2008-06-15,103.48995354086134,2011-06-10,Train vs Synth,Embedded,Independent
2008-06-16,195.41185158301508,2008-06-15,Train vs Synth,Embedded,Independent
2008-06-17,137.44503465700663,2005-06-14,Train vs Synth,Embedded,Independent
2008-06-18,163.03049176279606,2014-06-19,Train vs Synth,Embedded,Independent
2008-06-19,135.78655608605627,2010-06-06,Train vs Synth,Embedded,Independent
2008-06-20,119.96650360305347,2001-06-04,Train vs Synth,Embedded,Independent
2008-06-21,109.58075374531833,2020-06-08,Train vs Synth,Embedded,Independent
2009-06-01,84.1766958276591,2013-06-17,Train vs Synth,Embedded,Independent
2009-06-02,106.66092575217667,2017-06-14,Train vs Synth,Embedded,Independent
2009-06-03,161.22589266999375,2010-06-10,Train vs Synth,Embedded,Independent
2009-06-04,109.13990015659392,2006-06-18,Train vs Synth,Embedded,Independent
2009-06-05,102.64174475250054,2012-06-08,Train vs Synth,Embedded,Independent
2009-06-06,116.1486335902616,2007-06-03,Train vs Synth,Embedded,Independent
2009-06-07,139.06281401508338,1999-06-11,Train vs Synth,Embedded,Independent
2009-06-08,160.81475398637232,2010-06-15,Train vs Synth,Embedded,Independent
2009-06-09,130.8348893798262,2007-06-14,Train vs Synth,Embedded,Independent
2009-06-10,146.67995700687757,2012-06-12,Train vs Synth,Embedded,Independent
2009-06-11,98.2899962721654,2015-06-10,Train vs Synth,Embedded,Independent
2009-06-12,123.88632571567325,2020-06-05,Train vs Synth,Embedded,Independent
2009-06-13,126.82924354943727,2005-06-14,Train vs Synth,Embedded,Independent
2009-06-14,153.07176719774944,2017-06-05,Train vs Synth,Embedded,Independent
2009-06-15,125.08625530812844,1998-06-04,Train vs Synth,Embedded,Independent
2009-06-16,132.84456265298994,2018-06-11,Train vs Synth,Embedded,Independent
2009-06-17,100.02956430046369,2019-06-14,Train vs Synth,Embedded,Independent
2009-06-18,102.20508702952684,2002-06-12,Train vs Synth,Embedded,Independent
2009-06-19,150.78261010694789,2009-06-09,Train vs Synth,Embedded,Independent
2009-06-20,135.4417299498013,1998-06-07,Train vs Synth,Embedded,Independent
2009-06-21,107.7725097100906,2002-06-12,Train vs Synth,Embedded,Independent
2010-06-01,96.25479328227894,2003-06-08,Train vs Synth,Embedded,Independent
2010-06-02,123.04269104502366,2014-06-15,Train vs Synth,Embedded,Independent
2010-06-03,126.2649513663839,2007-06-16,Train vs Synth,Embedded,Independent
2010-06-04,78.41011991412309,2008-06-02,Train vs Synth,Embedded,Independent
2010-06-05,82.15133767606615,2006-06-14,Train vs Synth,Embedded,Independent
2010-06-06,159.1167885357136,2005-06-14,Train vs Synth,Embedded,Independent
2010-06-07,150.79994025293283,2004-06-18,Train vs Synth,Embedded,Independent
2010-06-08,91.82644294120243,1998-06-14,Train vs Synth,Embedded,Independent
2010-06-09,161.93916483100938,2000-06-03,Train vs Synth,Embedded,Independent
2010-06-10,94.43142361024763,2013-06-15,Train vs Synth,Embedded,Independent
2010-06-11,108.60600990541303,2003-06-07,Train vs Synth,Embedded,Independent
2010-06-12,83.71806196649253,2012-06-10,Train vs Synth,Embedded,Independent
2010-06-13,139.64296208847236,2002-06-01,Train vs Synth,Embedded,Independent
2010-06-14,180.74251688050896,2005-06-13,Train vs Synth,Embedded,Independent
2010-06-15,158.15708303843428,2014-06-11,Train vs Synth,Embedded,Independent
2010-06-16,105.691558966802,2011-06-10,Train vs Synth,Embedded,Independent
2010-06-17,102.42391871951911,2018-06-06,Train vs Synth,Embedded,Independent
2010-06-18,92.99356677207442,2002-06-12,Train vs Synth,Embedded,Independent
2010-06-19,92.02331620357336,2006-06-14,Train vs Synth,Embedded,Independent
2010-06-20,91.16850588117507,2012-06-02,Train vs Synth,Embedded,Independent
2010-06-21,79.8686558354416,2000-06-16,Train vs Synth,Embedded,Independent
2011-06-01,95.07793358771968,2010-06-13,Train vs Synth,Embedded,Independent
2011-06-02,107.53844985753514,2003-06-07,Train vs Synth,Embedded,Independent
2011-06-03,108.47395774646832,2002-06-12,Train vs Synth,Embedded,Independent
2011-06-04,116.23044717746923,2009-06-09,Train vs Synth,Embedded,Independent
2011-06-05,104.55863380031467,2015-06-08,Train vs Synth,Embedded,Independent
2011-06-06,99.28947875220818,2008-06-08,Train vs Synth,Embedded,Independent
2011-06-07,93.44939804539364,2017-06-17,Train vs Synth,Embedded,Independent
2011-06-08,103.88921139265372,2019-06-14,Train vs Synth,Embedded,Independent
2011-06-09,129.18253178114685,2003-06-10,Train vs Synth,Embedded,Independent
2011-06-10,182.79151749360247,2010-06-20,Train vs Synth,Embedded,Independent
2011-06-11,164.05617138572924,2000-06-12,Train vs Synth,Embedded,Independent
2011-06-12,194.10993313158457,2015-06-21,Train vs Synth,Embedded,Independent
2011-06-13,114.33213567952738,2003-06-07,Train vs Synth,Embedded,Independent
2011-06-14,164.7403998745955,2009-06-17,Train vs Synth,Embedded,Independent
2011-06-15,141.8599307841555,2002-06-07,Train vs Synth,Embedded,Independent
2011-06-18,164.6253576258022,2002-06-10,Train vs Synth,Embedded,Independent
2011-06-19,175.1884571960479,2010-06-13,Train vs Synth,Embedded,Independent
2011-06-20,175.3942044175489,2004-06-07,Train vs Synth,Embedded,Independent
2011-06-21,215.94845025226337,2000-06-04,Train vs Synth,Embedded,Independent
2012-06-01,115.01296109465068,2004-06-08,Train vs Synth,Embedded,Independent
2012-06-02,99.62389901641464,2007-06-08,Train vs Synth,Embedded,Independent
2012-06-03,146.48648523980057,2016-06-15,Train vs Synth,Embedded,Independent
2012-06-04,131.31845730230316,2014-06-11,Train vs Synth,Embedded,Independent
2012-06-05,129.15388561704137,2005-06-14,Train vs Synth,Embedded,Independent
2012-06-06,135.38523714142377,2010-06-13,Train vs Synth,Embedded,Independent
2012-06-07,119.43274117904133,2008-06-05,Train vs Synth,Embedded,Independent
2012-06-08,102.96155593776744,2016-06-02,Train vs Synth,Embedded,Independent
2012-06-09,92.74579168855827,2000-06-16,Train vs Synth,Embedded,Independent
2012-06-10,109.56519834682106,2005-06-19,Train vs Synth,Embedded,Independent
2012-06-11,168.39609042332611,2014-06-17,Train vs Synth,Embedded,Independent
2012-06-12,151.41341026350528,2020-06-11,Train vs Synth,Embedded,Independent
2012-06-13,104.22078885498068,2013-06-15,Train vs Synth,Embedded,Independent
2012-06-14,103.07184302715348,2014-06-18,Train vs Synth,Embedded,Independent
2012-06-15,219.68987903195443,2017-06-04,Train vs Synth,Embedded,Independent
2012-06-16,146.67355990818606,2008-06-02,Train vs Synth,Embedded,Independent
2012-06-17,108.90047640017036,2012-06-20,Train vs Synth,Embedded,Independent
2012-06-18,98.754896963237,2017-06-17,Train vs Synth,Embedded,Independent
2012-06-19,110.96791286451283,2017-06-17,Train vs Synth,Embedded,Independent
2012-06-20,102.023584341812,2002-06-11,Train vs Synth,Embedded,Independent
2012-06-21,140.65562282409968,2015-06-02,Train vs Synth,Embedded,Independent
2013-06-01,124.63835153585983,2011-06-12,Train vs Synth,Embedded,Independent
2013-06-02,114.93411534422148,2006-06-18,Train vs Synth,Embedded,Independent
2013-06-03,79.00913578584452,2013-06-15,Train vs Synth,Embedded,Independent
2013-06-04,161.98166371253222,2016-06-18,Train vs Synth,Embedded,Independent
2013-06-05,183.40094965034757,2013-06-04,Train vs Synth,Embedded,Independent
2013-06-06,123.34504572717526,2006-06-18,Train vs Synth,Embedded,Independent
2013-06-07,123.14952421677897,2016-06-02,Train vs Synth,Embedded,Independent
2013-06-08,94.60657155138618,2000-06-16,Train vs Synth,Embedded,Independent
2013-06-09,140.7866939836573,1998-06-03,Train vs Synth,Embedded,Independent
2013-06-10,117.09692104189209,2018-06-19,Train vs Synth,Embedded,Independent
2013-06-11,110.50407530474963,2014-06-12,Train vs Synth,Embedded,Independent
2013-06-12,134.96475765827262,2002-06-12,Train vs Synth,Embedded,Independent
2013-06-13,154.8502802702837,2001-06-14,Train vs Synth,Embedded,Independent
2013-06-14,104.5880497207317,1999-06-04,Train vs Synth,Embedded,Independent
2013-06-15,111.92963838909179,1998-06-07,Train vs Synth,Embedded,Independent
2013-06-16,130.39031652692364,2005-06-07,Train vs Synth,Embedded,Independent
2013-06-17,147.79904891587262,2014-06-21,Train vs Synth,Embedded,Independent
2013-06-18,104.02459108757738,2016-06-02,Train vs Synth,Embedded,Independent
2013-06-19,85.81825061252452,2013-06-15,Train vs Synth,Embedded,Independent
2013-06-20,95.84848620438878,2003-06-07,Train vs Synth,Embedded,Independent
2013-06-21,94.85027812095159,2003-06-07,Train vs Synth,Embedded,Independent
2014-06-01,102.85676056804925,2000-06-16,Train vs Synth,Embedded,Independent
2014-06-02,163.09029068139122,2007-06-11,Train vs Synth,Embedded,Independent
2014-06-03,113.96157266044526,2008-06-09,Train vs Synth,Embedded,Independent
2014-06-04,120.05166029817603,2008-06-20,Train vs Synth,Embedded,Independent
2014-06-05,143.72486857652603,2003-06-17,Train vs Synth,Embedded,Independent
2014-06-06,159.86524050466923,2016-06-11,Train vs Synth,Embedded,Independent
2014-06-07,198.1334030063346,2020-06-08,Train vs Synth,Embedded,Independent
2014-06-08,130.36998297462245,2020-06-11,Train vs Synth,Embedded,Independent
2014-06-09,161.42597742512604,2014-06-02,Train vs Synth,Embedded,Independent
2014-06-10,128.11635121109762,2005-06-17,Train vs Synth,Embedded,Independent
2014-06-11,110.52126686743604,2013-06-15,Train vs Synth,Embedded,Independent
2014-06-12,176.69536185126978,2010-06-15,Train vs Synth,Embedded,Independent
2014-06-13,114.60261199432544,2015-06-14,Train vs Synth,Embedded,Independent
2014-06-14,114.77241202283908,2003-06-07,Train vs Synth,Embedded,Independent
2014-06-15,179.31368556385073,2011-06-20,Train vs Synth,Embedded,Independent
2014-06-16,122.39145110394213,2003-06-05,Train vs Synth,Embedded,Independent
2014-06-17,115.7308143907556,1999-06-09,Train vs Synth,Embedded,Independent
2014-06-18,96.19349054405225,2017-06-17,Train vs Synth,Embedded,Independent
2014-06-19,128.36435530599627,2008-06-08,Train vs Synth,Embedded,Independent
2014-06-20,104.95009660842096,2014-06-01,Train vs Synth,Embedded,Independent
2014-06-21,97.91355405201959,2015-06-08,Train vs Synth,Embedded,Independent
2015-06-01,93.26739845300015,2007-06-13,Train vs Synth,Embedded,Independent
2015-06-02,89.22333868182353,2013-06-15,Train vs Synth,Embedded,Independent
2015-06-03,90.22327914169678,2014-06-18,Train vs Synth,Embedded,Independent
2015-06-04,84.84536485426054,2002-06-09,Train vs Synth,Embedded,Independent
2015-06-05,111.37641142484829,2018-06-11,Train vs Synth,Embedded,Independent
2015-06-06,92.08215094946465,1999-06-16,Train vs Synth,Embedded,Independent
2015-06-07,107.50054228046345,2015-06-08,Train vs Synth,Embedded,Independent
2015-06-08,166.02029217038628,2019-06-13,Train vs Synth,Embedded,Independent
2015-06-09,98.50720304555354,2017-06-08,Train vs Synth,Embedded,Independent
2015-06-10,101.13693533298961,2007-06-05,Train vs Synth,Embedded,Independent
2015-06-11,101.96798118661927,2000-06-16,Train vs Synth,Embedded,Independent
2015-06-12,182.58364729872517,2003-06-09,Train vs Synth,Embedded,Independent
2015-06-13,125.68566966453353,2016-06-11,Train vs Synth,Embedded,Independent
2015-06-14,80.7248195252888,2000-06-16,Train vs Synth,Embedded,Independent
2015-06-15,125.16740546620446,2014-06-15,Train vs Synth,Embedded,Independent
2015-06-16,107.79594636363282,2008-06-03,Train vs Synth,Embedded,Independent
2015-06-17,78.01129588690625,2007-06-08,Train vs Synth,Embedded,Independent
2015-06-18,118.95869600671179,2011-06-12,Train vs Synth,Embedded,Independent
2015-06-19,105.1329469878407,2016-06-02,Train vs Synth,Embedded,Independent
2015-06-20,86.18850892359188,2001-06-03,Train vs Synth,Embedded,Independent
2015-06-21,97.09377512439582,2007-06-05,Train vs Synth,Embedded,Independent
2016-06-01,130.18019847233867,2005-06-14,Train vs Synth,Embedded,Independent
2016-06-02,139.00162813104026,2013-06-21,Train vs Synth,Embedded,Independent
2016-06-03,94.45259097894848,2016-06-02,Train vs Synth,Embedded,Independent
2016-06-04,149.01942755254584,2011-06-12,Train vs Synth,Embedded,Independent
2016-06-05,128.40364109720025,2009-06-04,Train vs Synth,Embedded,Independent
2016-06-06,119.6253174221334,2003-06-03,Train vs Synth,Embedded,Independent
2016-06-07,116.694441454955,2004-06-18,Train vs Synth,Embedded,Independent
2016-06-08,89.90941765834924,2003-06-08,Train vs Synth,Embedded,Independent
2016-06-09,93.07456548823595,2006-06-14,Train vs Synth,Embedded,Independent
2016-06-10,85.95099685729538,2006-06-14,Train vs Synth,Embedded,Independent
2016-06-11,93.77858903228994,2002-06-09,Train vs Synth,Embedded,Independent
2016-06-12,107.52834625697615,2010-06-03,Train vs Synth,Embedded,Independent
2016-06-13,97.49872113377907,2001-06-18,Train vs Synth,Embedded,Independent
2016-06-14,141.6631580266705,2017-06-15,Train vs Synth,Embedded,Independent
2016-06-15,108.58476538264755,2018-06-19,Train vs Synth,Embedded,Independent
2016-06-16,136.87722359572282,2008-06-02,Train vs Synth,Embedded,Independent
2016-06-17,86.99503493879217,2011-06-10,Train vs Synth,Embedded,Independent
2016-06-18,173.95425971207777,2004-06-03,Train vs Synth,Embedded,Independent
2016-06-19,104.50776627220237,2013-06-15,Train vs Synth,Embedded,Independent
2016-06-20,89.83785243886909,2007-06-08,Train vs Synth,Embedded,Independent
2016-06-21,119.86784147184328,2018-06-19,Train vs Synth,Embedded,Independent
2017-06-01,133.14625737436305,2007-06-11,Train vs Synth,Embedded,Independent
2017-06-02,86.08198784799072,2005-06-21,Train vs Synth,Embedded,Independent
2017-06-03,150.06239876262396,2016-06-02,Train vs Synth,Embedded,Independent
2017-06-04,111.21216662712281,2000-06-12,Train vs Synth,Embedded,Independent
2017-06-05,109.17869540094547,2010-06-10,Train vs Synth,Embedded,Independent
2017-06-06,112.25902191064756,2006-06-18,Train vs Synth,Embedded,Independent
2017-06-07,124.13704169105316,2005-06-14,Train vs Synth,Embedded,Independent
2017-06-08,82.85444450657377,2005-06-13,Train vs Synth,Embedded,Independent
2017-06-09,86.03327774867236,2013-06-15,Train vs Synth,Embedded,Independent
2017-06-10,96.25714686445909,2003-06-07,Train vs Synth,Embedded,Independent
2017-06-11,96.32124049479211,2017-06-17,Train vs Synth,Embedded,Independent
2017-06-12,105.44364936632059,2010-06-05,Train vs Synth,Embedded,Independent
2017-06-13,100.31994340663574,2005-06-06,Train vs Synth,Embedded,Independent
2017-06-14,132.3628889349534,2007-06-03,Train vs Synth,Embedded,Independent
2017-06-15,109.9377835203088,2018-06-19,Train vs Synth,Embedded,Independent
2017-06-16,158.03885900632037,2017-06-09,Train vs Synth,Embedded,Independent
2017-06-17,92.20816850348038,2012-06-02,Train vs Synth,Embedded,Independent
2017-06-18,168.82376222067379,2006-06-11,Train vs Synth,Embedded,Independent
2017-06-19,78.70895698590115,2004-06-18,Train vs Synth,Embedded,Independent
2017-06-20,99.21887040179313,2015-06-12,Train vs Synth,Embedded,Independent
2017-06-21,95.07280041106436,2008-06-09,Train vs Synth,Embedded,Independent
2018-06-01,79.27642425151015,2013-06-15,Train vs Synth,Embedded,Independent
2018-06-02,201.5569907025865,2014-06-17,Train vs Synth,Embedded,Independent
2018-06-03,108.75960232507401,2000-06-12,Train vs Synth,Embedded,Independent
2018-06-04,104.08908918431605,2013-06-15,Train vs Synth,Embedded,Independent
2018-06-05,80.23051255180793,2011-06-10,Train vs Synth,Embedded,Independent
2018-06-06,84.15317963809066,2005-06-21,Train vs Synth,Embedded,Independent
2018-06-07,177.06626071581454,2012-06-15,Train vs Synth,Embedded,Independent
2018-06-08,86.73917382962702,2008-06-05,Train vs Synth,Embedded,Independent
2018-06-09,84.50150490734248,2000-06-16,Train vs Synth,Embedded,Independent
2018-06-10,83.11953414427285,2012-06-10,Train vs Synth,Embedded,Independent
2018-06-11,92.72804919392556,2012-06-10,Train vs Synth,Embedded,Independent
2018-06-12,140.63061063409796,2019-06-12,Train vs Synth,Embedded,Independent
2018-06-13,112.60070101704738,2007-06-08,Train vs Synth,Embedded,Independent
2018-06-14,97.15519758782334,2008-06-09,Train vs Synth,Embedded,Independent
2018-06-15,87.77646533533955,2012-06-10,Train vs Synth,Embedded,Independent
2018-06-16,83.78323935552702,2012-06-10,Train vs Synth,Embedded,Independent
2018-06-17,96.21195204021687,2010-06-05,Train vs Synth,Embedded,Independent
2018-06-18,92.2550690563752,2012-06-10,Train vs Synth,Embedded,Independent
2018-06-19,92.3196354076264,2006-06-14,Train vs Synth,Embedded,Independent
2018-06-20,132.99130036219842,2015-06-02,Train vs Synth,Embedded,Independent
2019-06-01,111.47873685354115,2014-06-15,Train vs Synth,Embedded,Independent
2019-06-02,110.06200785335777,1998-06-13,Train vs Synth,Embedded,Independent
2019-06-03,93.18003470913548,2008-06-05,Train vs Synth,Embedded,Independent
2019-06-04,154.63236835833945,2014-06-01,Train vs Synth,Embedded,Independent
2019-06-05,113.80729768745347,2017-06-08,Train vs Synth,Embedded,Independent
2019-06-06,154.9728360484258,2015-06-10,Train vs Synth,Embedded,Independent
2019-06-07,95.80281353373479,2008-06-03,Train vs Synth,Embedded,Independent
2019-06-08,107.05102571673451,2009-06-21,Train vs Synth,Embedded,Independent
2019-06-09,179.4352077549474,2011-06-12,Train vs Synth,Embedded,Independent
2019-06-10,118.72288149397484,2006-06-18,Train vs Synth,Embedded,Independent
2019-06-11,92.30715328763195,2013-06-15,Train vs Synth,Embedded,Independent
2019-06-12,148.35168748154277,2013-06-01,Train vs Synth,Embedded,Independent
2019-06-13,133.49073829754693,2006-06-16,Train vs Synth,Embedded,Independent
2019-06-14,108.87816134512308,2003-06-07,Train vs Synth,Embedded,Independent
2019-06-15,167.9072011590035,2020-06-13,Train vs Synth,Embedded,Independent
2019-06-16,147.45349156079322,2002-06-07,Train vs Synth,Embedded,Independent
2019-06-17,102.0693540894512,2002-06-07,Train vs Synth,Embedded,Independent
2019-06-18,97.46003198240305,2007-06-13,Train vs Synth,Embedded,Independent
2019-06-19,155.76306709085551,2003-06-03,Train vs Synth,Embedded,Independent
2019-06-20,132.61683884684678,2006-06-16,Train vs Synth,Embedded,Independent
2019-06-21,109.8204690898927,2020-06-15,Train vs Synth,Embedded,Independent
2020-06-01,90.39064136213803,2006-06-14,Train vs Synth,Embedded,Independent
2020-06-02,90.6995626261225,2006-06-14,Train vs Synth,Embedded,Independent
2020-06-03,91.94135408405857,2007-06-05,Train vs Synth,Embedded,Independent
2020-06-04,96.63100578638796,2005-06-07,Train vs Synth,Embedded,Independent
2020-06-05,135.32092314770787,2000-06-07,Train vs Synth,Embedded,Independent
2020-06-06,90.4215906442636,2002-06-01,Train vs Synth,Embedded,Independent
2020-06-07,95.37242063820995,2002-06-15,Train vs Synth,Embedded,Independent
2020-06-08,97.03294640875833,2016-06-19,Train vs Synth,Embedded,Independent
2020-06-09,219.21689622001574,1999-06-13,Train vs Synth,Embedded,Independent
2020-06-10,344.38769054161867,2018-06-09,Train vs Synth,Embedded,Independent
2020-06-11,147.18858165768498,2005-06-16,Train vs Synth,Embedded,Independent
2020-06-12,110.22586895139919,2019-06-21,Train vs Synth,Embedded,Independent
2020-06-13,99.53803215875625,2017-06-15,Train vs Synth,Embedded,Independent
2020-06-14,86.74002736635859,2006-06-14,Train vs Synth,Embedded,Independent
2020-06-15,89.4283270128358,2006-06-14,Train vs Synth,Embedded,Independent
2020-06-16,92.25884380918117,2002-06-09,Train vs Synth,Embedded,Independent
2020-06-17,101.53547091200258,2003-06-07,Train vs Synth,Embedded,Independent
2020-06-18,95.21142253729472,2003-06-07,Train vs Synth,Embedded,Independent
2020-06-19,190.32407804930764,2013-06-13,Train vs Synth,Embedded,Independent
2020-06-20,123.48257333815455,2000-06-07,Train vs Synth,Embedded,Independent
2020-06-21,132.6214837756108,2007-06-18,Train vs Synth,Embedded,Independent
1998-06-01,165.0993140215003,2011-06-01,Train vs Synth,Embedded,Consecutive
1998-06-02,108.56898509209194,2003-06-01,Train vs Synth,Embedded,Consecutive
1998-06-03,136.61990883198422,2012-06-16,Train vs Synth,Embedded,Consecutive
1998-06-04,182.73697530285943,2009-06-07,Train vs Synth,Embedded,Consecutive
1998-06-05,165.4762044499079,2015-06-17,Train vs Synth,Embedded,Consecutive
1998-06-06,116.3086073141682,1998-06-04,Train vs Synth,Embedded,Consecutive
1998-06-07,105.87017023937476,2010-06-11,Train vs Synth,Embedded,Consecutive
1998-06-08,164.43689815252444,2004-06-20,Train vs Synth,Embedded,Consecutive
1998-06-09,141.6359751083201,2003-06-08,Train vs Synth,Embedded,Consecutive
1998-06-10,129.44143991934752,2011-06-21,Train vs Synth,Embedded,Consecutive
1998-06-11,167.71641487697812,2017-06-17,Train vs Synth,Embedded,Consecutive
1998-06-12,147.24386523711973,2007-06-18,Train vs Synth,Embedded,Consecutive
1998-06-13,144.76898895979696,2010-06-19,Train vs Synth,Embedded,Consecutive
1998-06-14,228.55777736499576,2003-06-16,Train vs Synth,Embedded,Consecutive
1998-06-15,136.9636620212392,2003-06-18,Train vs Synth,Embedded,Consecutive
1998-06-16,157.08156070375816,2017-06-15,Train vs Synth,Embedded,Consecutive
1998-06-17,159.60771988732776,2019-06-14,Train vs Synth,Embedded,Consecutive
1998-06-18,234.72771305076623,2012-06-01,Train vs Synth,Embedded,Consecutive
1998-06-19,129.1864571035858,2002-06-08,Train vs Synth,Embedded,Consecutive
1998-06-20,132.56151367122965,2017-06-17,Train vs Synth,Embedded,Consecutive
1998-06-21,225.54928383892974,2020-06-21,Train vs Synth,Embedded,Consecutive
1999-06-01,189.3783882666027,2016-06-04,Train vs Synth,Embedded,Consecutive
1999-06-02,135.3573595851251,2000-06-20,Train vs Synth,Embedded,Consecutive
1999-06-03,148.37098309296877,2005-06-21,Train vs Synth,Embedded,Consecutive
1999-06-04,101.03240714376896,2007-06-11,Train vs Synth,Embedded,Consecutive
1999-06-05,112.40452704008341,2001-06-21,Train vs Synth,Embedded,Consecutive
1999-06-06,111.48940939718642,2016-06-12,Train vs Synth,Embedded,Consecutive
1999-06-07,125.22143637929238,2013-06-05,Train vs Synth,Embedded,Consecutive
1999-06-08,101.387888177106,2010-06-11,Train vs Synth,Embedded,Consecutive
1999-06-09,131.0334195346957,2005-06-07,Train vs Synth,Embedded,Consecutive
1999-06-10,195.1517243167013,1998-06-14,Train vs Synth,Embedded,Consecutive
1999-06-11,125.87672795358296,2006-06-17,Train vs Synth,Embedded,Consecutive
1999-06-12,131.32706598958114,2000-06-10,Train vs Synth,Embedded,Consecutive
1999-06-13,143.3191772094494,2015-06-17,Train vs Synth,Embedded,Consecutive
1999-06-14,133.5161089173129,1998-06-04,Train vs Synth,Embedded,Consecutive
1999-06-15,111.98364851395925,2012-06-09,Train vs Synth,Embedded,Consecutive
1999-06-16,119.23653777211564,2012-06-16,Train vs Synth,Embedded,Consecutive
1999-06-17,121.76294446086506,1998-06-01,Train vs Synth,Embedded,Consecutive
1999-06-18,111.42383521474333,2000-06-09,Train vs Synth,Embedded,Consecutive
1999-06-19,139.73262790916488,2008-06-05,Train vs Synth,Embedded,Consecutive
1999-06-20,93.01883494939032,2012-06-09,Train vs Synth,Embedded,Consecutive
1999-06-21,100.67058057749784,1998-06-11,Train vs Synth,Embedded,Consecutive
2000-06-01,100.80135374077273,2006-06-12,Train vs Synth,Embedded,Consecutive
2000-06-02,174.2059813893898,2000-06-18,Train vs Synth,Embedded,Consecutive
2000-06-03,101.37763940097412,1998-06-01,Train vs Synth,Embedded,Consecutive
2000-06-04,113.4900890095157,2003-06-01,Train vs Synth,Embedded,Consecutive
2000-06-05,160.68073629410574,2015-06-17,Train vs Synth,Embedded,Consecutive
2000-06-06,102.4020856780812,2000-06-20,Train vs Synth,Embedded,Consecutive
2000-06-07,87.47406866341002,2001-06-19,Train vs Synth,Embedded,Consecutive
2000-06-08,89.21907294377715,2002-06-16,Train vs Synth,Embedded,Consecutive
2000-06-09,106.67135707706534,2007-06-11,Train vs Synth,Embedded,Consecutive
2000-06-10,112.73593754499593,2018-06-13,Train vs Synth,Embedded,Consecutive
2000-06-11,118.25692582336164,2001-06-02,Train vs Synth,Embedded,Consecutive
2000-06-12,132.0716972258145,2014-06-03,Train vs Synth,Embedded,Consecutive
2000-06-13,122.08532601316846,2015-06-02,Train vs Synth,Embedded,Consecutive
2000-06-14,201.46409976100716,2010-06-20,Train vs Synth,Embedded,Consecutive
2000-06-15,115.29495584960803,2008-06-10,Train vs Synth,Embedded,Consecutive
2000-06-16,200.2496475604181,2004-06-18,Train vs Synth,Embedded,Consecutive
2000-06-17,152.0433592334413,2000-06-10,Train vs Synth,Embedded,Consecutive
2000-06-18,103.50582806138624,1998-06-01,Train vs Synth,Embedded,Consecutive
2000-06-19,96.64517211046876,2005-06-21,Train vs Synth,Embedded,Consecutive
2000-06-20,125.02136564479501,2017-06-21,Train vs Synth,Embedded,Consecutive
2000-06-21,229.37439819542547,2000-06-19,Train vs Synth,Embedded,Consecutive
2001-06-01,118.75187911434412,1999-06-12,Train vs Synth,Embedded,Consecutive
2001-06-02,155.94864880114713,2004-06-18,Train vs Synth,Embedded,Consecutive
2001-06-03,175.78462180380404,2005-06-20,Train vs Synth,Embedded,Consecutive
2001-06-04,122.56557253177388,2020-06-14,Train vs Synth,Embedded,Consecutive
2001-06-05,113.79078097216671,2015-06-04,Train vs Synth,Embedded,Consecutive
2001-06-06,97.91410964650511,2013-06-17,Train vs Synth,Embedded,Consecutive
2001-06-07,93.26104277063439,2005-06-17,Train vs Synth,Embedded,Consecutive
2001-06-12,107.11689371595023,2020-06-02,Train vs Synth,Embedded,Consecutive
2001-06-13,143.98164152693337,2015-06-02,Train vs Synth,Embedded,Consecutive
2001-06-14,208.26118488509425,2013-06-12,Train vs Synth,Embedded,Consecutive
2001-06-15,142.22752145026988,1998-06-14,Train vs Synth,Embedded,Consecutive
2001-06-16,88.52553800997043,2001-06-21,Train vs Synth,Embedded,Consecutive
2001-06-17,167.67470626787625,2018-06-07,Train vs Synth,Embedded,Consecutive
2001-06-18,93.06437598744664,2001-06-21,Train vs Synth,Embedded,Consecutive
2001-06-19,103.17750464147943,2002-06-16,Train vs Synth,Embedded,Consecutive
2001-06-20,144.4128193576515,2005-06-20,Train vs Synth,Embedded,Consecutive
2001-06-21,183.38627498146172,2012-06-16,Train vs Synth,Embedded,Consecutive
2002-06-01,98.23837202677649,2001-06-20,Train vs Synth,Embedded,Consecutive
2002-06-02,104.17258665352955,2020-06-05,Train vs Synth,Embedded,Consecutive
2002-06-03,117.70319820755104,2006-06-12,Train vs Synth,Embedded,Consecutive
2002-06-04,183.07253334967282,2020-06-15,Train vs Synth,Embedded,Consecutive
2002-06-05,142.4959056129272,2015-06-17,Train vs Synth,Embedded,Consecutive
2002-06-06,90.83391854427293,1999-06-01,Train vs Synth,Embedded,Consecutive
2002-06-07,75.0602817581201,2020-06-18,Train vs Synth,Embedded,Consecutive
2002-06-08,85.81958683835559,2011-06-06,Train vs Synth,Embedded,Consecutive
2002-06-09,116.33257449631476,2004-06-20,Train vs Synth,Embedded,Consecutive
2002-06-10,115.90718464297677,2008-06-14,Train vs Synth,Embedded,Consecutive
2002-06-11,105.88150402504492,2007-06-11,Train vs Synth,Embedded,Consecutive
2002-06-12,207.6015007491246,2020-06-01,Train vs Synth,Embedded,Consecutive
2002-06-13,199.49673067471028,2014-06-06,Train vs Synth,Embedded,Consecutive
2002-06-14,155.14699647978344,1999-06-09,Train vs Synth,Embedded,Consecutive
2002-06-15,115.49845647917655,1998-06-15,Train vs Synth,Embedded,Consecutive
2002-06-16,206.95755005183312,1999-06-11,Train vs Synth,Embedded,Consecutive
2002-06-17,103.48666568639088,2008-06-10,Train vs Synth,Embedded,Consecutive
2002-06-18,144.77232565764777,2016-06-09,Train vs Synth,Embedded,Consecutive
2002-06-19,108.4591744671983,2020-06-03,Train vs Synth,Embedded,Consecutive
2002-06-20,96.56614739149813,2010-06-11,Train vs Synth,Embedded,Consecutive
2002-06-21,86.40000730756614,2010-06-11,Train vs Synth,Embedded,Consecutive
2003-06-01,112.49725602337828,2003-06-02,Train vs Synth,Embedded,Consecutive
2003-06-02,159.3688695217731,2012-06-16,Train vs Synth,Embedded,Consecutive
2003-06-03,121.66691658665545,2000-06-10,Train vs Synth,Embedded,Consecutive
2003-06-04,100.9420153923551,2006-06-04,Train vs Synth,Embedded,Consecutive
2003-06-05,97.02318818023352,1998-06-01,Train vs Synth,Embedded,Consecutive
2003-06-06,168.76777847979798,2009-06-07,Train vs Synth,Embedded,Consecutive
2003-06-07,122.59751316514489,1999-06-09,Train vs Synth,Embedded,Consecutive
2003-06-08,118.21546203311402,2003-06-18,Train vs Synth,Embedded,Consecutive
2003-06-09,109.91432641580339,1998-06-15,Train vs Synth,Embedded,Consecutive
2003-06-10,112.18631158161621,2013-06-07,Train vs Synth,Embedded,Consecutive
2003-06-11,118.9489666299498,2010-06-18,Train vs Synth,Embedded,Consecutive
2003-06-12,162.17100315680779,2014-06-05,Train vs Synth,Embedded,Consecutive
2003-06-13,96.4678377828748,1998-06-04,Train vs Synth,Embedded,Consecutive
2003-06-14,158.96702501950375,1998-06-01,Train vs Synth,Embedded,Consecutive
2003-06-15,105.75083307906979,2015-06-17,Train vs Synth,Embedded,Consecutive
2003-06-16,103.33887765985683,2003-06-08,Train vs Synth,Embedded,Consecutive
2003-06-17,94.79372595701382,2003-06-08,Train vs Synth,Embedded,Consecutive
2003-06-18,86.06563550752448,2005-06-18,Train vs Synth,Embedded,Consecutive
2003-06-19,120.91392213173495,2013-06-13,Train vs Synth,Embedded,Consecutive
2003-06-20,116.40621368348738,2000-06-20,Train vs Synth,Embedded,Consecutive
2003-06-21,121.24601491286799,2020-06-18,Train vs Synth,Embedded,Consecutive
2004-06-01,150.2913324553061,2008-06-03,Train vs Synth,Embedded,Consecutive
2004-06-02,146.84486044444932,2000-06-10,Train vs Synth,Embedded,Consecutive
2004-06-03,121.05139540373719,2000-06-18,Train vs Synth,Embedded,Consecutive
2004-06-04,115.40865454736185,2005-06-19,Train vs Synth,Embedded,Consecutive
2004-06-05,130.69152336806303,2001-06-01,Train vs Synth,Embedded,Consecutive
2004-06-06,119.38090159530289,2002-06-15,Train vs Synth,Embedded,Consecutive
2004-06-07,97.07145442928659,2011-06-06,Train vs Synth,Embedded,Consecutive
2004-06-08,113.73177633615873,2004-06-21,Train vs Synth,Embedded,Consecutive
2004-06-09,97.31240772213529,2002-06-16,Train vs Synth,Embedded,Consecutive
2004-06-10,95.79928668962843,2004-06-01,Train vs Synth,Embedded,Consecutive
2004-06-11,115.26950490015592,2010-06-09,Train vs Synth,Embedded,Consecutive
2004-06-12,91.45451181163459,2004-06-01,Train vs Synth,Embedded,Consecutive
2004-06-13,188.22765682056573,1998-06-02,Train vs Synth,Embedded,Consecutive
2004-06-14,86.98806284453065,2020-06-20,Train vs Synth,Embedded,Consecutive
2004-06-15,153.40945727402777,2020-06-21,Train vs Synth,Embedded,Consecutive
2004-06-16,97.47490809752436,2019-06-12,Train vs Synth,Embedded,Consecutive
2004-06-17,144.3987305302658,2001-06-18,Train vs Synth,Embedded,Consecutive
2004-06-18,184.9363216258548,2003-06-08,Train vs Synth,Embedded,Consecutive
2004-06-19,153.5704134497218,1998-06-01,Train vs Synth,Embedded,Consecutive
2004-06-20,134.5962185972443,2012-06-08,Train vs Synth,Embedded,Consecutive
2004-06-21,166.60560014050967,2003-06-17,Train vs Synth,Embedded,Consecutive
2005-06-01,103.67864916206203,2016-06-05,Train vs Synth,Embedded,Consecutive
2005-06-02,103.64745373014694,2010-06-11,Train vs Synth,Embedded,Consecutive
2005-06-03,155.54251737415134,2018-06-09,Train vs Synth,Embedded,Consecutive
2005-06-04,143.17973964579969,2018-06-18,Train vs Synth,Embedded,Consecutive
2005-06-05,163.30875825558556,2011-06-12,Train vs Synth,Embedded,Consecutive
2005-06-06,111.90911946034306,2012-06-11,Train vs Synth,Embedded,Consecutive
2005-06-07,113.93949633821063,2016-06-09,Train vs Synth,Embedded,Consecutive
2005-06-08,121.6130715762241,2016-06-12,Train vs Synth,Embedded,Consecutive
2005-06-09,241.256021167426,2008-06-19,Train vs Synth,Embedded,Consecutive
2005-06-10,175.26691263659893,1998-06-10,Train vs Synth,Embedded,Consecutive
2005-06-13,182.36255633840713,2013-06-13,Train vs Synth,Embedded,Consecutive
2005-06-14,127.5183826115969,1999-06-09,Train vs Synth,Embedded,Consecutive
2005-06-15,110.26154770150667,2020-06-10,Train vs Synth,Embedded,Consecutive
2005-06-16,138.80006343512505,2020-06-01,Train vs Synth,Embedded,Consecutive
2005-06-17,173.1909390976819,2006-06-04,Train vs Synth,Embedded,Consecutive
2005-06-18,105.43954017490611,2011-06-10,Train vs Synth,Embedded,Consecutive
2005-06-19,98.69477755641101,2014-06-08,Train vs Synth,Embedded,Consecutive
2005-06-20,70.18039545293475,1999-06-02,Train vs Synth,Embedded,Consecutive
2005-06-21,90.73627214481296,2002-06-06,Train vs Synth,Embedded,Consecutive
2006-06-01,161.06951582381103,2012-06-21,Train vs Synth,Embedded,Consecutive
2006-06-02,86.75054702758084,1999-06-11,Train vs Synth,Embedded,Consecutive
2006-06-03,82.53831332437633,2019-06-12,Train vs Synth,Embedded,Consecutive
2006-06-04,84.00527098123678,2014-06-18,Train vs Synth,Embedded,Consecutive
2006-06-05,123.05078118038855,2014-06-08,Train vs Synth,Embedded,Consecutive
2006-06-06,153.77767621070996,2004-06-18,Train vs Synth,Embedded,Consecutive
2006-06-07,87.85222801907209,2005-06-17,Train vs Synth,Embedded,Consecutive
2006-06-08,99.08086886200722,2012-06-08,Train vs Synth,Embedded,Consecutive
2006-06-09,91.47183256251857,2008-06-18,Train vs Synth,Embedded,Consecutive
2006-06-10,109.60421823435837,2007-06-21,Train vs Synth,Embedded,Consecutive
2006-06-11,157.5220743197345,2001-06-13,Train vs Synth,Embedded,Consecutive
2006-06-12,178.9309640765687,2000-06-10,Train vs Synth,Embedded,Consecutive
2006-06-13,111.46175560114429,2002-06-20,Train vs Synth,Embedded,Consecutive
2006-06-14,93.25581313578297,2008-06-06,Train vs Synth,Embedded,Consecutive
2006-06-15,92.76175037200315,2005-06-05,Train vs Synth,Embedded,Consecutive
2006-06-16,131.47664938026853,2020-06-02,Train vs Synth,Embedded,Consecutive
2006-06-17,167.2537505989986,2004-06-03,Train vs Synth,Embedded,Consecutive
2006-06-18,166.57785664784205,2002-06-07,Train vs Synth,Embedded,Consecutive
2006-06-19,129.3319658028052,2015-06-13,Train vs Synth,Embedded,Consecutive
2006-06-20,94.18966532986111,2007-06-11,Train vs Synth,Embedded,Consecutive
2006-06-21,101.33887223044508,2010-06-19,Train vs Synth,Embedded,Consecutive
2007-06-01,193.78730681453226,1998-06-21,Train vs Synth,Embedded,Consecutive
2007-06-02,110.47154799060654,2013-06-13,Train vs Synth,Embedded,Consecutive
2007-06-03,108.24901571896957,1999-06-09,Train vs Synth,Embedded,Consecutive
2007-06-04,116.22036898595857,1999-06-09,Train vs Synth,Embedded,Consecutive
2007-06-05,112.7210656739455,2011-06-03,Train vs Synth,Embedded,Consecutive
2007-06-06,117.90626765222206,2017-06-20,Train vs Synth,Embedded,Consecutive
2007-06-07,197.20720522921883,2004-06-12,Train vs Synth,Embedded,Consecutive
2007-06-08,186.1207373398079,2015-06-17,Train vs Synth,Embedded,Consecutive
2007-06-09,98.16346813300483,2007-06-02,Train vs Synth,Embedded,Consecutive
2007-06-10,133.76142483469886,2000-06-07,Train vs Synth,Embedded,Consecutive
2007-06-11,97.04896121232483,2007-06-02,Train vs Synth,Embedded,Consecutive
2007-06-12,89.52585309533835,2020-06-18,Train vs Synth,Embedded,Consecutive
2007-06-13,133.5349597813246,2000-06-15,Train vs Synth,Embedded,Consecutive
2007-06-14,134.12045966241058,2002-06-20,Train vs Synth,Embedded,Consecutive
2007-06-15,109.55529457056397,2012-06-09,Train vs Synth,Embedded,Consecutive
2007-06-16,93.23043321144802,2002-06-20,Train vs Synth,Embedded,Consecutive
2007-06-17,89.99672145236693,2016-06-03,Train vs Synth,Embedded,Consecutive
2007-06-18,81.11317485263896,2004-06-20,Train vs Synth,Embedded,Consecutive
2007-06-19,101.99129496430882,2005-06-17,Train vs Synth,Embedded,Consecutive
2007-06-20,155.32181635427756,2003-06-09,Train vs Synth,Embedded,Consecutive
2007-06-21,96.24613616913675,2011-06-05,Train vs Synth,Embedded,Consecutive
2008-06-01,155.15326570380543,2012-06-08,Train vs Synth,Embedded,Consecutive
2008-06-02,112.82048848222907,2017-06-09,Train vs Synth,Embedded,Consecutive
2008-06-03,135.99236135948513,2016-06-12,Train vs Synth,Embedded,Consecutive
2008-06-04,168.75428026304547,2007-06-11,Train vs Synth,Embedded,Consecutive
2008-06-05,181.52677678844827,2018-06-13,Train vs Synth,Embedded,Consecutive
2008-06-06,182.59877725777457,2004-06-17,Train vs Synth,Embedded,Consecutive
2008-06-07,115.87857649163406,2008-06-08,Train vs Synth,Embedded,Consecutive
2008-06-08,126.15785816466229,2004-06-21,Train vs Synth,Embedded,Consecutive
2008-06-09,198.15547279145187,2018-06-17,Train vs Synth,Embedded,Consecutive
2008-06-10,99.95874023583096,2013-06-19,Train vs Synth,Embedded,Consecutive
2008-06-11,150.04209575565017,2008-06-14,Train vs Synth,Embedded,Consecutive
2008-06-12,134.71900218598282,2003-06-12,Train vs Synth,Embedded,Consecutive
2008-06-13,174.65351749017702,2015-06-15,Train vs Synth,Embedded,Consecutive
2008-06-14,89.14463324678817,2020-06-01,Train vs Synth,Embedded,Consecutive
2008-06-15,101.92922053406585,2011-06-05,Train vs Synth,Embedded,Consecutive
2008-06-16,179.73423895328241,2012-06-09,Train vs Synth,Embedded,Consecutive
2008-06-17,125.78728746670544,2006-06-04,Train vs Synth,Embedded,Consecutive
2008-06-18,152.34839308455273,2000-06-19,Train vs Synth,Embedded,Consecutive
2008-06-19,117.0635237617157,2000-06-03,Train vs Synth,Embedded,Consecutive
2008-06-20,91.56318966228007,2015-06-17,Train vs Synth,Embedded,Consecutive
2008-06-21,83.7875299240712,2000-06-17,Train vs Synth,Embedded,Consecutive
2009-06-01,91.16473461230372,2016-06-11,Train vs Synth,Embedded,Consecutive
2009-06-02,107.14882055389847,2014-06-12,Train vs Synth,Embedded,Consecutive
2009-06-03,195.76822114422808,1998-06-04,Train vs Synth,Embedded,Consecutive
2009-06-04,103.4865345108023,1998-06-04,Train vs Synth,Embedded,Consecutive
2009-06-05,89.32169602371302,2016-06-18,Train vs Synth,Embedded,Consecutive
2009-06-06,122.54513413362233,2017-06-17,Train vs Synth,Embedded,Consecutive
2009-06-07,112.63011872424258,2003-06-12,Train vs Synth,Embedded,Consecutive
2009-06-08,170.4495401310921,1999-06-16,Train vs Synth,Embedded,Consecutive
2009-06-09,141.384193561392,1998-06-07,Train vs Synth,Embedded,Consecutive
2009-06-10,136.02158051754222,2001-06-15,Train vs Synth,Embedded,Consecutive
2009-06-11,93.0818971528451,2005-06-18,Train vs Synth,Embedded,Consecutive
2009-06-12,119.60648685567747,2005-06-18,Train vs Synth,Embedded,Consecutive
2009-06-13,125.86947581618062,2003-06-08,Train vs Synth,Embedded,Consecutive
2009-06-14,141.73437482919334,2012-06-09,Train vs Synth,Embedded,Consecutive
2009-06-15,130.76357567678042,2012-06-11,Train vs Synth,Embedded,Consecutive
2009-06-16,147.52106838607304,2000-06-21,Train vs Synth,Embedded,Consecutive
2009-06-17,97.26518194301786,2001-06-21,Train vs Synth,Embedded,Consecutive
2009-06-18,102.98628340916663,2020-06-05,Train vs Synth,Embedded,Consecutive
2009-06-19,136.30200734679394,2007-06-17,Train vs Synth,Embedded,Consecutive
2009-06-20,137.75649737696725,2007-06-16,Train vs Synth,Embedded,Consecutive
2009-06-21,105.71458183073503,1999-06-04,Train vs Synth,Embedded,Consecutive
2010-06-01,94.11213313379979,2013-06-05,Train vs Synth,Embedded,Consecutive
2010-06-02,112.79038060167616,2013-06-09,Train vs Synth,Embedded,Consecutive
2010-06-03,114.40799784587409,2000-06-18,Train vs Synth,Embedded,Consecutive
2010-06-04,72.67595483338857,2020-06-18,Train vs Synth,Embedded,Consecutive
2010-06-05,88.28984863467294,2011-06-06,Train vs Synth,Embedded,Consecutive
2010-06-06,169.58668115656872,1998-06-01,Train vs Synth,Embedded,Consecutive
2010-06-07,149.53714220012927,2005-06-17,Train vs Synth,Embedded,Consecutive
2010-06-08,100.9876325614248,2007-06-11,Train vs Synth,Embedded,Consecutive
2010-06-09,167.0144689285192,2009-06-06,Train vs Synth,Embedded,Consecutive
2010-06-10,94.92499998812409,2020-06-18,Train vs Synth,Embedded,Consecutive
2010-06-11,119.50386799342277,2004-06-20,Train vs Synth,Embedded,Consecutive
2010-06-12,94.822628052725,2016-06-11,Train vs Synth,Embedded,Consecutive
2010-06-13,147.42687340886002,2013-06-07,Train vs Synth,Embedded,Consecutive
2010-06-14,174.4597875317213,2006-06-04,Train vs Synth,Embedded,Consecutive
2010-06-15,136.14067030900225,2020-06-09,Train vs Synth,Embedded,Consecutive
2010-06-16,101.7401745214091,2010-06-11,Train vs Synth,Embedded,Consecutive
2010-06-17,96.0849350594545,2007-06-11,Train vs Synth,Embedded,Consecutive
2010-06-18,93.5021436410636,2016-06-11,Train vs Synth,Embedded,Consecutive
2010-06-19,81.02778903054339,2011-06-06,Train vs Synth,Embedded,Consecutive
2010-06-20,91.19486249002864,2010-06-11,Train vs Synth,Embedded,Consecutive
2010-06-21,86.27012511228322,1998-06-16,Train vs Synth,Embedded,Consecutive
2011-06-01,96.73298674876716,1998-06-07,Train vs Synth,Embedded,Consecutive
2011-06-02,106.2067559624204,2007-06-11,Train vs Synth,Embedded,Consecutive
2011-06-03,103.43505435889811,2014-06-21,Train vs Synth,Embedded,Consecutive
2011-06-04,100.98170575929335,2007-06-21,Train vs Synth,Embedded,Consecutive
2011-06-05,99.74421106048423,2007-06-21,Train vs Synth,Embedded,Consecutive
2011-06-06,93.48221915990457,2007-06-21,Train vs Synth,Embedded,Consecutive
2011-06-07,94.88408745950083,2010-06-05,Train vs Synth,Embedded,Consecutive
2011-06-08,107.25056442180906,2010-06-05,Train vs Synth,Embedded,Consecutive
2011-06-09,147.78768973753702,2019-06-19,Train vs Synth,Embedded,Consecutive
2011-06-10,170.50529153538494,2014-06-21,Train vs Synth,Embedded,Consecutive
2011-06-11,141.1797843965472,1998-06-01,Train vs Synth,Embedded,Consecutive
2011-06-12,199.29158560376004,2005-06-20,Train vs Synth,Embedded,Consecutive
2011-06-13,117.6796078212392,2008-06-14,Train vs Synth,Embedded,Consecutive
2011-06-14,232.59263907911225,2003-06-17,Train vs Synth,Embedded,Consecutive
2011-06-15,129.07285102966333,1998-06-05,Train vs Synth,Embedded,Consecutive
2011-06-18,160.05638510101866,2012-06-08,Train vs Synth,Embedded,Consecutive
2011-06-19,189.69677030345287,2019-06-05,Train vs Synth,Embedded,Consecutive
2011-06-20,169.83756478833052,2008-06-16,Train vs Synth,Embedded,Consecutive
2011-06-21,175.59184764092407,2003-06-18,Train vs Synth,Embedded,Consecutive
2012-06-01,98.26102572348731,2016-06-05,Train vs Synth,Embedded,Consecutive
2012-06-02,100.33767076361785,2002-06-20,Train vs Synth,Embedded,Consecutive
2012-06-03,139.54206214792956,1999-06-03,Train vs Synth,Embedded,Consecutive
2012-06-04,128.85966655829094,2016-06-21,Train vs Synth,Embedded,Consecutive
2012-06-05,134.2582059120099,2005-06-17,Train vs Synth,Embedded,Consecutive
2012-06-06,124.88199142528303,2000-06-19,Train vs Synth,Embedded,Consecutive
2012-06-07,122.52644271807759,2000-06-07,Train vs Synth,Embedded,Consecutive
2012-06-08,102.63932421910735,2000-06-19,Train vs Synth,Embedded,Consecutive
2012-06-09,92.1234466186885,2020-06-14,Train vs Synth,Embedded,Consecutive
2012-06-10,119.50989277137187,2010-06-14,Train vs Synth,Embedded,Consecutive
2012-06-11,169.62798029326336,2012-06-16,Train vs Synth,Embedded,Consecutive
2012-06-12,134.7221092066388,2012-06-09,Train vs Synth,Embedded,Consecutive
2012-06-13,93.31281168762854,2020-06-01,Train vs Synth,Embedded,Consecutive
2012-06-14,86.99838018628334,2004-06-20,Train vs Synth,Embedded,Consecutive
2012-06-15,228.72177504877945,2003-06-06,Train vs Synth,Embedded,Consecutive
2012-06-16,128.91697259588145,1998-06-11,Train vs Synth,Embedded,Consecutive
2012-06-17,96.15143018451703,2008-06-18,Train vs Synth,Embedded,Consecutive
2012-06-18,103.6098453157013,2010-06-05,Train vs Synth,Embedded,Consecutive
2012-06-19,137.08633002978632,2010-06-05,Train vs Synth,Embedded,Consecutive
2012-06-20,106.24178193877934,2017-06-21,Train vs Synth,Embedded,Consecutive
2012-06-21,161.74056619921055,1998-06-13,Train vs Synth,Embedded,Consecutive
2013-06-01,149.7044869627828,2015-06-16,Train vs Synth,Embedded,Consecutive
2013-06-02,115.16939009473793,2015-06-17,Train vs Synth,Embedded,Consecutive
2013-06-03,96.91425400429993,2000-06-07,Train vs Synth,Embedded,Consecutive
2013-06-04,163.74600886781744,2002-06-05,Train vs Synth,Embedded,Consecutive
2013-06-05,185.3445944746474,2013-06-13,Train vs Synth,Embedded,Consecutive
2013-06-06,119.57228169933107,2015-06-17,Train vs Synth,Embedded,Consecutive
2013-06-07,91.42197377630227,1999-06-11,Train vs Synth,Embedded,Consecutive
2013-06-08,95.09382003256745,2001-06-19,Train vs Synth,Embedded,Consecutive
2013-06-09,135.5066420366602,2013-06-13,Train vs Synth,Embedded,Consecutive
2013-06-10,91.98329193985752,2020-06-12,Train vs Synth,Embedded,Consecutive
2013-06-11,103.7112747369135,2001-06-20,Train vs Synth,Embedded,Consecutive
2013-06-12,127.47174920137667,2017-06-17,Train vs Synth,Embedded,Consecutive
2013-06-13,142.9483340303623,2004-06-18,Train vs Synth,Embedded,Consecutive
2013-06-14,97.53679685341218,2003-06-04,Train vs Synth,Embedded,Consecutive
2013-06-15,108.89445112303365,2020-06-13,Train vs Synth,Embedded,Consecutive
2013-06-16,130.24599337584337,1999-06-02,Train vs Synth,Embedded,Consecutive
2013-06-17,147.8630941863828,2009-06-20,Train vs Synth,Embedded,Consecutive
2013-06-18,104.88853753791982,2002-06-20,Train vs Synth,Embedded,Consecutive
2013-06-19,88.98722034833399,2000-06-07,Train vs Synth,Embedded,Consecutive
2013-06-20,98.44472045407282,2004-06-20,Train vs Synth,Embedded,Consecutive
2013-06-21,99.81638182107154,2007-06-11,Train vs Synth,Embedded,Consecutive
2014-06-01,111.0630365245216,2004-06-20,Train vs Synth,Embedded,Consecutive
2014-06-02,162.57589775604146,2003-06-06,Train vs Synth,Embedded,Consecutive
2014-06-03,119.47686045306989,2004-06-19,Train vs Synth,Embedded,Consecutive
2014-06-04,108.82522955645378,2011-06-09,Train vs Synth,Embedded,Consecutive
2014-06-05,133.68626057494535,2000-06-02,Train vs Synth,Embedded,Consecutive
2014-06-06,160.10402843978025,2011-06-13,Train vs Synth,Embedded,Consecutive
2014-06-07,200.5551951278964,2007-06-18,Train vs Synth,Embedded,Consecutive
2014-06-08,113.30294020765199,1998-06-01,Train vs Synth,Embedded,Consecutive
2014-06-09,172.95424685331687,2009-06-21,Train vs Synth,Embedded,Consecutive
2014-06-10,172.7599217917308,1999-06-09,Train vs Synth,Embedded,Consecutive
2014-06-11,104.13436476368409,2000-06-11,Train vs Synth,Embedded,Consecutive
2014-06-12,191.8052515909644,2015-06-16,Train vs Synth,Embedded,Consecutive
2014-06-13,89.28805289374853,2016-06-05,Train vs Synth,Embedded,Consecutive
2014-06-14,114.64405300416256,2019-06-14,Train vs Synth,Embedded,Consecutive
2014-06-15,201.74762963175576,2013-06-03,Train vs Synth,Embedded,Consecutive
2014-06-16,101.83240178309892,2019-06-14,Train vs Synth,Embedded,Consecutive
2014-06-17,101.65100758698901,2015-06-03,Train vs Synth,Embedded,Consecutive
2014-06-18,104.6190234349373,2010-06-05,Train vs Synth,Embedded,Consecutive
2014-06-19,117.6360255373601,2019-06-16,Train vs Synth,Embedded,Consecutive
2014-06-20,109.15166580482644,2003-06-10,Train vs Synth,Embedded,Consecutive
2014-06-21,91.304316243799,2012-06-11,Train vs Synth,Embedded,Consecutive
2015-06-01,78.96054767008492,2000-06-20,Train vs Synth,Embedded,Consecutive
2015-06-02,93.60775874184209,2020-06-01,Train vs Synth,Embedded,Consecutive
2015-06-03,82.2195960081979,2011-06-06,Train vs Synth,Embedded,Consecutive
2015-06-04,88.13506604357784,2010-06-11,Train vs Synth,Embedded,Consecutive
2015-06-05,108.93279641471669,2019-06-12,Train vs Synth,Embedded,Consecutive
2015-06-06,83.4590101809009,2004-06-11,Train vs Synth,Embedded,Consecutive
2015-06-07,96.91084140685544,2018-06-05,Train vs Synth,Embedded,Consecutive
2015-06-08,153.38072153912773,2012-06-21,Train vs Synth,Embedded,Consecutive
2015-06-09,98.48871333387928,2016-06-07,Train vs Synth,Embedded,Consecutive
2015-06-10,96.00801748369001,2018-06-03,Train vs Synth,Embedded,Consecutive
2015-06-11,101.45347362697093,2016-06-11,Train vs Synth,Embedded,Consecutive
2015-06-12,172.3357990528215,2013-06-13,Train vs Synth,Embedded,Consecutive
2015-06-13,110.97102799153362,2011-06-05,Train vs Synth,Embedded,Consecutive
2015-06-14,90.47379433012954,2020-06-18,Train vs Synth,Embedded,Consecutive
2015-06-15,125.74062329474144,2007-06-18,Train vs Synth,Embedded,Consecutive
2015-06-16,103.31875485157101,1999-06-11,Train vs Synth,Embedded,Consecutive
2015-06-17,81.67399389584475,1999-06-02,Train vs Synth,Embedded,Consecutive
2015-06-18,148.4930855901548,2015-06-17,Train vs Synth,Embedded,Consecutive
2015-06-19,104.90369904590743,1999-06-11,Train vs Synth,Embedded,Consecutive
2015-06-20,98.92344830033619,2006-06-06,Train vs Synth,Embedded,Consecutive
2015-06-21,98.77976588597352,1998-06-18,Train vs Synth,Embedded,Consecutive
2016-06-01,125.32133085103419,1998-06-05,Train vs Synth,Embedded,Consecutive
2016-06-02,137.4839983596387,1998-06-05,Train vs Synth,Embedded,Consecutive
2016-06-03,96.29381153591429,2006-06-04,Train vs Synth,Embedded,Consecutive
2016-06-04,155.8054155579044,2012-06-16,Train vs Synth,Embedded,Consecutive
2016-06-05,121.6940096788041,2015-06-17,Train vs Synth,Embedded,Consecutive
2016-06-06,120.39693356404187,2011-06-03,Train vs Synth,Embedded,Consecutive
2016-06-07,110.71939907279656,2009-06-20,Train vs Synth,Embedded,Consecutive
2016-06-08,87.55215332317064,2013-06-05,Train vs Synth,Embedded,Consecutive
2016-06-09,92.69447234436166,2018-06-07,Train vs Synth,Embedded,Consecutive
2016-06-10,82.38546635054811,2002-06-16,Train vs Synth,Embedded,Consecutive
2016-06-11,95.97217453359134,2010-06-11,Train vs Synth,Embedded,Consecutive
2016-06-12,104.08369318279325,2016-06-03,Train vs Synth,Embedded,Consecutive
2016-06-13,104.07597944798688,1999-06-02,Train vs Synth,Embedded,Consecutive
2016-06-14,127.85117144303631,1998-06-11,Train vs Synth,Embedded,Consecutive
2016-06-15,88.535972658901,2013-06-19,Train vs Synth,Embedded,Consecutive
2016-06-16,125.3823320648788,2003-06-10,Train vs Synth,Embedded,Consecutive
2016-06-17,85.03695781220016,2013-06-17,Train vs Synth,Embedded,Consecutive
2016-06-18,162.46159108911644,2014-06-05,Train vs Synth,Embedded,Consecutive
2016-06-19,101.7546762052464,2002-06-08,Train vs Synth,Embedded,Consecutive
2016-06-20,91.21798306152537,2019-06-12,Train vs Synth,Embedded,Consecutive
2016-06-21,93.88560275289949,2012-06-11,Train vs Synth,Embedded,Consecutive
2017-06-01,129.1968356977073,2020-06-18,Train vs Synth,Embedded,Consecutive
2017-06-02,88.612120172065,2006-06-09,Train vs Synth,Embedded,Consecutive
2017-06-03,155.4508870386143,2000-06-19,Train vs Synth,Embedded,Consecutive
2017-06-04,111.12259635052646,1998-06-04,Train vs Synth,Embedded,Consecutive
2017-06-05,84.63801139039383,1998-06-04,Train vs Synth,Embedded,Consecutive
2017-06-06,106.89211286779539,2015-06-17,Train vs Synth,Embedded,Consecutive
2017-06-07,122.02331716370848,1998-06-01,Train vs Synth,Embedded,Consecutive
2017-06-08,91.70717560245367,2012-06-08,Train vs Synth,Embedded,Consecutive
2017-06-09,85.89740503054418,2016-06-18,Train vs Synth,Embedded,Consecutive
2017-06-10,90.00096954462504,2007-06-11,Train vs Synth,Embedded,Consecutive
2017-06-11,105.35971626962123,2010-06-05,Train vs Synth,Embedded,Consecutive
2017-06-12,103.28331717597047,2004-06-01,Train vs Synth,Embedded,Consecutive
2017-06-13,98.71602225222097,2001-06-21,Train vs Synth,Embedded,Consecutive
2017-06-14,123.24198540978657,2006-06-12,Train vs Synth,Embedded,Consecutive
2017-06-15,103.992442806359,2016-06-09,Train vs Synth,Embedded,Consecutive
2017-06-16,159.8559071234244,2020-06-18,Train vs Synth,Embedded,Consecutive
2017-06-17,90.93001555236356,2016-06-09,Train vs Synth,Embedded,Consecutive
2017-06-18,198.8089196492899,2015-06-16,Train vs Synth,Embedded,Consecutive
2017-06-19,94.59813913314159,2005-06-17,Train vs Synth,Embedded,Consecutive
2017-06-20,95.02218063120623,2009-06-02,Train vs Synth,Embedded,Consecutive
2017-06-21,91.23197289477606,2010-06-19,Train vs Synth,Embedded,Consecutive
2018-06-01,101.10994430430144,2000-06-07,Train vs Synth,Embedded,Consecutive
2018-06-02,178.9371131925739,2016-06-04,Train vs Synth,Embedded,Consecutive
2018-06-03,97.02854185858995,1998-06-04,Train vs Synth,Embedded,Consecutive
2018-06-04,98.93895772768664,2002-06-04,Train vs Synth,Embedded,Consecutive
2018-06-05,88.34818404915046,2000-06-21,Train vs Synth,Embedded,Consecutive
2018-06-06,91.71895941073635,2000-06-07,Train vs Synth,Embedded,Consecutive
2018-06-07,171.13792149888835,1998-06-11,Train vs Synth,Embedded,Consecutive
2018-06-08,81.95109510321114,2009-06-02,Train vs Synth,Embedded,Consecutive
2018-06-09,82.93693929248337,2016-06-09,Train vs Synth,Embedded,Consecutive
2018-06-10,80.68234051055083,2016-06-11,Train vs Synth,Embedded,Consecutive
2018-06-11,88.25948954942946,2016-06-11,Train vs Synth,Embedded,Consecutive
2018-06-12,145.51481448579545,2017-06-14,Train vs Synth,Embedded,Consecutive
2018-06-13,111.6625332016449,2019-06-12,Train vs Synth,Embedded,Consecutive
2018-06-14,90.10946638853474,2019-06-16,Train vs Synth,Embedded,Consecutive
2018-06-15,85.73902545637468,2016-06-11,Train vs Synth,Embedded,Consecutive
2018-06-16,93.60699812476072,2016-06-11,Train vs Synth,Embedded,Consecutive
2018-06-17,99.8911201678862,2004-06-20,Train vs Synth,Embedded,Consecutive
2018-06-18,91.00374514569943,2015-06-04,Train vs Synth,Embedded,Consecutive
2018-06-19,86.95368895875922,2008-06-11,Train vs Synth,Embedded,Consecutive
2018-06-20,158.8773838578078,2007-06-18,Train vs Synth,Embedded,Consecutive
2019-06-01,99.47577832657221,2007-06-01,Train vs Synth,Embedded,Consecutive
2019-06-02,103.71112796000115,2011-06-12,Train vs Synth,Embedded,Consecutive
2019-06-03,89.30348093348047,2019-06-12,Train vs Synth,Embedded,Consecutive
2019-06-04,146.3240206173266,1999-06-12,Train vs Synth,Embedded,Consecutive
2019-06-05,92.95622148864716,2020-06-12,Train vs Synth,Embedded,Consecutive
2019-06-06,140.7277695401173,2012-06-21,Train vs Synth,Embedded,Consecutive
2019-06-07,95.55041619466466,1998-06-04,Train vs Synth,Embedded,Consecutive
2019-06-08,102.3705840344753,2010-06-18,Train vs Synth,Embedded,Consecutive
2019-06-09,161.9217812194829,2012-06-16,Train vs Synth,Embedded,Consecutive
2019-06-10,137.16571509465504,2015-06-17,Train vs Synth,Embedded,Consecutive
2019-06-11,96.74038459104486,2016-06-18,Train vs Synth,Embedded,Consecutive
2019-06-12,172.798053101745,2007-06-18,Train vs Synth,Embedded,Consecutive
2019-06-13,111.33504399046454,2012-06-17,Train vs Synth,Embedded,Consecutive
2019-06-14,118.20173263530053,2004-06-20,Train vs Synth,Embedded,Consecutive
2019-06-15,171.49895341396277,2003-06-10,Train vs Synth,Embedded,Consecutive
2019-06-16,161.21881488516303,2015-06-16,Train vs Synth,Embedded,Consecutive
2019-06-17,90.6074952185103,1998-06-04,Train vs Synth,Embedded,Consecutive
2019-06-18,87.93075609306067,2007-06-02,Train vs Synth,Embedded,Consecutive
2019-06-19,144.24823902964613,2013-06-13,Train vs Synth,Embedded,Consecutive
2019-06-20,120.67561791591143,2011-06-05,Train vs Synth,Embedded,Consecutive
2019-06-21,135.17715160080743,2015-06-02,Train vs Synth,Embedded,Consecutive
2020-06-01,89.89751815677293,2020-06-18,Train vs Synth,Embedded,Consecutive
2020-06-02,83.80920225748521,2016-06-01,Train vs Synth,Embedded,Consecutive
2020-06-03,84.07233227462775,2008-06-11,Train vs Synth,Embedded,Consecutive
2020-06-04,99.62229544548812,2006-06-13,Train vs Synth,Embedded,Consecutive
2020-06-05,143.03554372330186,2019-06-12,Train vs Synth,Embedded,Consecutive
2020-06-06,91.50843399534061,2008-06-11,Train vs Synth,Embedded,Consecutive
2020-06-07,84.06416682464427,2010-06-11,Train vs Synth,Embedded,Consecutive
2020-06-08,111.77240104148167,2012-06-07,Train vs Synth,Embedded,Consecutive
2020-06-09,218.80607282563327,2007-06-06,Train vs Synth,Embedded,Consecutive
2020-06-10,348.68505163868974,2003-06-18,Train vs Synth,Embedded,Consecutive
2020-06-11,127.54842000044324,2009-06-10,Train vs Synth,Embedded,Consecutive
2020-06-12,103.2936529866324,2007-06-21,Train vs Synth,Embedded,Consecutive
2020-06-13,97.09464825019845,1999-06-04,Train vs Synth,Embedded,Consecutive
2020-06-14,89.9792566920581,2002-06-16,Train vs Synth,Embedded,Consecutive
2020-06-15,88.21505499169207,2002-06-16,Train vs Synth,Embedded,Consecutive
2020-06-16,88.63647615089236,2010-06-11,Train vs Synth,Embedded,Consecutive
2020-06-17,92.37364151034276,2004-06-20,Train vs Synth,Embedded,Consecutive
2020-06-18,108.2941146894969,2004-06-20,Train vs Synth,Embedded,Consecutive
2020-06-19,190.61279510570813,2014-06-05,Train vs Synth,Embedded,Consecutive
2020-06-20,104.34493880610351,2020-06-09,Train vs Synth,Embedded,Consecutive
2020-06-21,132.60723341338547,2000-06-07,Train vs Synth,Embedded,Consecutive
