date,es_train,es_synth,avg_wind_speed,es_diff,generator,synth_type
1994-06-01,76.55499057214035,82.71157998742532,5.174079168008431,6.156589415284969,No_Weather,Independent
1994-06-02,73.30442385689841,74.97759709652792,4.3926958333287,1.6731732396295058,No_Weather,Independent
1994-06-03,161.29285528134085,153.47518160104804,4.233190276080536,-7.817673680292813,No_Weather,Independent
1994-06-04,97.2534220766374,94.62774988797497,4.186313886216121,-2.625672188662435,No_Weather,Independent
1994-06-05,107.39031785227453,121.99285624815693,7.241473616328524,14.602538395882391,No_Weather,Independent
1994-06-06,159.41064195902368,148.52670843407097,5.11680693630542,-10.88393352495271,No_Weather,Independent
1994-06-07,114.27924689418816,119.88976775395147,6.672671530685498,5.610520859763312,No_Weather,Independent
1994-06-08,211.8624549827594,206.00280628815418,7.724572917156754,-5.859648694605227,No_Weather,Independent
1994-06-09,228.27122776454223,217.29303237592754,6.179847916298446,-10.978195388614694,No_Weather,Independent
1994-06-10,152.19009116029054,143.05446449048551,4.345248612595933,-9.13562666980502,No_Weather,Independent
1994-06-11,93.29950098160646,90.61416532399392,4.234724999508939,-2.6853356576125407,No_Weather,Independent
1994-06-12,79.26907582593483,87.35715838089558,5.632395832075042,8.08808255496075,No_Weather,Independent
1994-06-13,144.34116785566152,166.54781672399824,9.04054028011032,22.206648868336714,No_Weather,Independent
1994-06-14,215.9942100217374,238.6581714928951,11.221630559364966,22.663961471157705,No_Weather,Independent
1994-06-15,193.73870854255068,214.59768875463877,10.618949312302789,20.858980212088085,No_Weather,Independent
1994-06-16,175.6072835279425,193.07245109418326,10.079359025094242,17.46516756624075,No_Weather,Independent
1994-06-18,78.38505944500915,76.78506375293566,4.230090972325874,-1.5999956920734917,No_Weather,Independent
1994-06-19,93.13913508422601,88.28180994038698,3.9546159749229757,-4.857325143839034,No_Weather,Independent
1994-06-20,73.36107996297488,70.03872172357563,2.9828840296094588,-3.32235823939925,No_Weather,Independent
1994-06-21,88.29974064930605,81.7540881756546,3.5148368029751658,-6.545652473651444,No_Weather,Independent
1995-06-01,134.7643687751555,126.06722586538004,2.5143562479772523,-8.697142909775465,No_Weather,Independent
1995-06-03,118.84734831149242,111.49893608480534,4.527987495499348,-7.348412226687088,No_Weather,Independent
1995-06-04,120.43155249473139,124.2466388841444,6.092278478418785,3.815086389413011,No_Weather,Independent
1995-06-05,127.29163075147159,126.60970302895058,5.193716667054434,-0.6819277225210101,No_Weather,Independent
1995-06-06,91.21895950457647,95.68187845719444,5.278988891115598,4.462918952617969,No_Weather,Independent
1995-06-07,92.85129123403391,100.19865043743053,5.993875001764136,7.347359203396621,No_Weather,Independent
1995-06-08,183.74723208000745,179.2963421415799,7.600964595791372,-4.450889938427537,No_Weather,Independent
1995-06-09,225.7540759203418,222.96075228646774,8.525689578304691,-2.793323633874053,No_Weather,Independent
1995-06-10,244.13686066783856,233.29097096716416,5.534529169400525,-10.845889700674405,No_Weather,Independent
1995-06-11,233.60662278775027,223.42901107145045,5.1330437507894295,-10.177611716299822,No_Weather,Independent
1995-06-12,145.00272866852367,135.8307856103319,2.887049996904616,-9.171943058191772,No_Weather,Independent
1995-06-13,83.53379016833188,87.19094410665366,5.0027138924432935,3.657153938321784,No_Weather,Independent
1995-06-14,116.05640724136643,131.73217626279754,7.6838513831297695,15.675769021431108,No_Weather,Independent
1995-06-15,109.5475916631379,125.64511662180146,7.441861104634096,16.09752495866357,No_Weather,Independent
1995-06-16,84.46248378042296,96.17131215314859,6.30829584035608,11.708828372725634,No_Weather,Independent
1995-06-17,82.95203672925433,84.90938807925875,5.236539591020996,1.9573513500044157,No_Weather,Independent
1995-06-18,82.43407160371154,85.7746966832704,5.452481246656853,3.340625079558862,No_Weather,Independent
1995-06-19,71.6600424177071,75.93533282373349,4.949165974226256,4.275290406026386,No_Weather,Independent
1995-06-20,73.30668883909419,76.51250190330745,4.955419446859101,3.2058130642132596,No_Weather,Independent
1995-06-21,80.02184207387432,77.93535287894056,4.214841666445142,-2.086489194933762,No_Weather,Independent
1996-06-01,186.72649168551158,177.44567672511138,5.282075695714194,-9.280814960400193,No_Weather,Independent
1996-06-02,136.40865568971975,130.0873560176631,3.086253468423252,-6.321299672056654,No_Weather,Independent
1996-06-03,157.7783100380443,149.03806085097418,3.620672910867466,-8.740249187070134,No_Weather,Independent
1996-06-04,156.57695701726482,147.26844058896538,4.360381941331762,-9.308516428299441,No_Weather,Independent
1996-06-05,124.89661886519923,129.1955362794973,6.655003473493791,4.298917414298074,No_Weather,Independent
1996-06-06,210.37498506395298,203.85521903302381,5.932974307880643,-6.519766030929162,No_Weather,Independent
1996-06-07,273.0835410082055,264.0358671954456,6.330084731098702,-9.04767381275991,No_Weather,Independent
1996-06-08,260.9626883723821,248.98310518875977,5.953261108365329,-11.979583183622339,No_Weather,Independent
1996-06-09,174.07087632017846,163.49960029088604,3.5139666751027105,-10.57127602929242,No_Weather,Independent
1996-06-10,94.4129856743134,89.13819438163694,2.743564582760967,-5.274791292676468,No_Weather,Independent
1996-06-11,72.8464117822588,72.27776921369178,3.5628097224256123,-0.5686425685670145,No_Weather,Independent
1996-06-12,82.720554643134,80.14125190656205,3.54942777922583,-2.5793027365719468,No_Weather,Independent
1996-06-13,83.05799527153584,81.27844955343812,3.722746526698273,-1.7795457180977223,No_Weather,Independent
1996-06-14,87.31911979565476,86.53015140051167,3.4357784678952523,-0.7889683951430868,No_Weather,Independent
1996-06-15,87.84804345109407,81.89203443840083,3.7331701396447143,-5.956009012693244,No_Weather,Independent
1996-06-16,106.71288002908386,110.09038312563615,4.716563193976042,3.3775030965522888,No_Weather,Independent
1996-06-17,201.77753538632533,194.49956438253602,4.670782637202898,-7.277971003789304,No_Weather,Independent
1996-06-18,97.98440348048825,102.55401579832147,4.500180557287388,4.569612317833219,No_Weather,Independent
1996-06-19,152.1780379526515,148.985658998395,6.187337504244515,-3.1923789542564975,No_Weather,Independent
1996-06-20,135.27681914702237,136.86253054801594,7.0932624987429875,1.5857114009935742,No_Weather,Independent
1996-06-21,106.6655361331554,123.47256201691371,7.453672219316149,16.807025883758314,No_Weather,Independent
1997-06-01,128.99928185981906,119.57705101758225,2.4127881934348894,-9.422230842236814,No_Weather,Independent
1997-06-02,133.51045167548097,125.43307418006074,2.7823548624085017,-8.077377495420222,No_Weather,Independent
1997-06-03,129.3495963448908,122.0553042632051,2.486463890845573,-7.294292081685711,No_Weather,Independent
1997-06-04,154.3628254035769,147.79061433125375,4.431804164540439,-6.572211072323142,No_Weather,Independent
1997-06-06,103.53930714793515,95.06514376698823,2.90628888516997,-8.47416338094692,No_Weather,Independent
1997-06-07,103.1595608445042,97.51429301788087,2.990490970191441,-5.645267826623325,No_Weather,Independent
1997-06-08,115.55895682393194,108.02367035203667,3.8768958285658037,-7.535286471895262,No_Weather,Independent
1997-06-09,166.73185984694095,158.327325201611,4.815953471677166,-8.40453464532996,No_Weather,Independent
1997-06-10,157.3881835741588,148.41817715024533,4.223629167096487,-8.970006423913475,No_Weather,Independent
1997-06-11,85.89453724530608,83.9686122876679,3.508502080684747,-1.9259249576381876,No_Weather,Independent
1997-06-12,99.07421862092073,105.86624333228448,5.865596528765231,6.7920247113637515,No_Weather,Independent
1997-06-13,198.30096957134867,189.3290490860576,5.050572223795784,-8.971920485291065,No_Weather,Independent
1997-06-14,148.31708065854662,139.17917673133277,3.274218051611545,-9.137903927213841,No_Weather,Independent
1997-06-15,81.7932851368582,87.69386101403032,5.067351388931294,5.900575877172116,No_Weather,Independent
1997-06-16,180.57569987044457,171.22587453584126,4.77288749869914,-9.34982533460331,No_Weather,Independent
1997-06-17,171.34577453768526,160.3412085873792,4.069376390116911,-11.004565950306045,No_Weather,Independent
1997-06-18,102.8979868838137,103.39310834262366,4.68486597415888,0.4951214588099617,No_Weather,Independent
1997-06-19,98.34651814169686,113.64684696608731,6.951718064645941,15.300328824390448,No_Weather,Independent
1997-06-20,145.16696681899305,168.03064947910318,9.096412930980756,22.86368266011013,No_Weather,Independent
2021-06-01,157.0157666180151,148.71208746313053,3.3491250004205444,-8.303679154884577,No_Weather,Independent
2021-06-02,102.63827499795295,95.72626682112457,1.807226386126259,-6.91200817682838,No_Weather,Independent
2021-06-03,79.62560055073536,75.32261095516415,2.003666667857517,-4.302989595571205,No_Weather,Independent
2021-06-04,70.30318330775171,74.68339082711344,4.409765276437003,4.380207519361733,No_Weather,Independent
2021-06-05,70.22230828415113,73.57276663087444,4.523813891162468,3.3504583467233147,No_Weather,Independent
2021-06-06,74.08956072730965,76.34288177711446,4.6613555548919425,2.2533210498048106,No_Weather,Independent
2021-06-07,90.52592056974845,88.60030583746203,4.063436783709062,-1.9256147322864194,No_Weather,Independent
2021-06-08,91.02376273802443,87.12301619406483,3.7844756981564927,-3.900746543959599,No_Weather,Independent
2021-06-09,91.40542741171845,89.54718738546094,4.339934026532714,-1.858240026257505,No_Weather,Independent
2021-06-10,67.10872093718942,68.06430910787074,3.8649319481518565,0.9555881706813238,No_Weather,Independent
2021-06-11,73.43420033510665,82.53694258679488,5.4506597157981655,9.102742251688227,No_Weather,Independent
2021-06-12,176.73348541341267,165.1991285289512,4.681131247876,-11.53435688446146,No_Weather,Independent
2021-06-13,126.68051050496882,120.81919254777293,3.490947223475417,-5.861317957195894,No_Weather,Independent
2021-06-14,95.52603867295792,89.17006539793147,2.466404859641464,-6.355973275026457,No_Weather,Independent
2021-06-15,78.40347019008524,73.4604791859102,2.2371562502641225,-4.942991004175042,No_Weather,Independent
2021-06-16,69.56485307978213,69.52824681042148,3.4393305626801283,-0.03660626936064659,No_Weather,Independent
2021-06-17,85.86551585413167,89.83502278642169,4.953461111875034,3.9695069322900167,No_Weather,Independent
2021-06-18,102.06275240497024,115.13470110340725,6.625585420429699,13.071948698437012,No_Weather,Independent
2021-06-19,86.20664714418828,96.94208216336557,6.02727847165531,10.735435019177288,No_Weather,Independent
2021-06-20,122.19580796381061,138.20233276319655,7.4546145937509145,16.006524799385943,No_Weather,Independent
2021-06-21,230.4922995299964,222.0654158933198,6.159730549223932,-8.426883636676592,No_Weather,Independent
2022-06-01,186.3303428317867,178.62548157889384,4.657177778690439,-7.704861252892869,No_Weather,Independent
2022-06-02,168.43086561380812,160.0356143387252,3.5127222207478366,-8.395251275082927,No_Weather,Independent
2022-06-03,91.5912455861984,85.8990933911686,2.8335013929256463,-5.6921521950297915,No_Weather,Independent
2022-06-04,74.8880375499221,75.57226810196252,4.057101384374431,0.6842305520404182,No_Weather,Independent
2022-06-05,98.4189387139509,98.95354148444812,5.0700208351430005,0.53460277049723,No_Weather,Independent
2022-06-06,115.05086019426867,108.87591452273429,3.0312236122889096,-6.174945671534374,No_Weather,Independent
2022-06-07,117.10346798704003,110.96655150593031,3.7555159687168116,-6.136916481109722,No_Weather,Independent
2022-06-08,163.79355394571837,156.2017872196208,4.339998608310185,-7.591766726097575,No_Weather,Independent
2022-06-09,94.17669502282388,89.04427817436388,2.8985708320099586,-5.132416848459997,No_Weather,Independent
2022-06-10,103.82220155760044,100.5099372850608,4.093534725045573,-3.312264272539636,No_Weather,Independent
2022-06-11,70.85388096493702,73.3410094640389,4.293102779322187,2.4871284991018854,No_Weather,Independent
2022-06-12,96.2700688354708,106.20317956536795,6.22139999924435,9.933110729897152,No_Weather,Independent
2022-06-13,150.4077102348296,166.29206627439342,8.708739586008909,15.884356039563812,No_Weather,Independent
2022-06-14,157.6691777707568,181.1484454423572,9.54578681455717,23.47926767160041,No_Weather,Independent
2022-06-15,140.18184761239377,160.40045627207135,8.665968053208456,20.218608659677585,No_Weather,Independent
2022-06-16,80.48691469731259,90.70519585901829,5.826397219465843,10.218281161705704,No_Weather,Independent
2022-06-17,71.08608751670496,74.45560853075912,4.622611115997035,3.3695210140541576,No_Weather,Independent
2022-06-18,69.49097415398106,71.20820871669935,4.148799305616142,1.7172345627182892,No_Weather,Independent
2022-06-19,80.51594705451109,87.26764118190604,5.570963887870295,6.751694127394956,No_Weather,Independent
2022-06-20,90.02035935286708,103.65704911868275,6.7577090251776895,13.636689765815674,No_Weather,Independent
2022-06-21,96.29747906482393,105.76955611913607,6.354403469959897,9.472077054312138,No_Weather,Independent
2023-06-01,112.47130456694592,107.62563411457671,3.833254163535051,-4.845670452369205,No_Weather,Independent
2023-06-02,142.38955328718362,137.94872302093202,4.002388197307149,-4.440830266251595,No_Weather,Independent
2023-06-03,121.65883855044405,114.07318475980625,2.437448612362556,-7.585653790637792,No_Weather,Independent
2023-06-04,105.08302670990551,99.24880595243425,2.25904305498164,-5.8342207574712575,No_Weather,Independent
2023-06-05,155.5626399457434,146.9623952496265,2.9989062510223823,-8.600244696116903,No_Weather,Independent
2023-06-06,128.86881566015524,121.25269256439717,2.1444458340831476,-7.61612309575807,No_Weather,Independent
2023-06-07,111.56670377130646,104.37672673731564,2.1047215258269327,-7.189977033990829,No_Weather,Independent
2023-06-08,103.84098480693169,98.48690674925692,2.1108763899605676,-5.354078057674769,No_Weather,Independent
2023-06-09,106.13283412326433,100.33780195440926,2.471367359606339,-5.795032168855073,No_Weather,Independent
2023-06-10,158.4825636909564,151.29463417754928,4.330319443882507,-7.187929513407113,No_Weather,Independent
2023-06-11,206.4009069524074,195.70146966940453,4.7481125022801915,-10.69943728300288,No_Weather,Independent
2023-06-12,134.12339599300645,127.30982886033868,2.9617944444620243,-6.813567132667771,No_Weather,Independent
2023-06-13,98.62901446091246,93.07126368268513,2.344245833120979,-5.55775077822733,No_Weather,Independent
2023-06-14,130.74628897305377,123.59348046154938,2.4997402775550897,-7.152808511504389,No_Weather,Independent
2023-06-15,100.06295255871976,93.5235556584297,3.214396525518465,-6.539396900290058,No_Weather,Independent
2023-06-16,168.0937253693337,158.40564529911833,3.3779381958353802,-9.688080070215364,No_Weather,Independent
2023-06-17,126.14690268781231,120.30054126097158,3.775758336427506,-5.84636142684073,No_Weather,Independent
2023-06-18,181.35285652140743,171.29361044454262,4.132284720821503,-10.05924607686481,No_Weather,Independent
2023-06-19,96.2941363450154,94.05119239425045,4.086977080007366,-2.2429439507649533,No_Weather,Independent
2023-06-20,118.72833739012785,115.92395515243439,5.487624301844153,-2.80438223769346,No_Weather,Independent
2023-06-21,130.09325172444687,123.9928116561783,4.694576390832667,-6.100440068268568,No_Weather,Independent
2024-06-01,83.65882245039447,78.54065432051394,2.3474805544162867,-5.11816812988053,No_Weather,Independent
2024-06-02,111.56835411702448,111.95495943833237,5.605214579113664,0.38660532130788283,No_Weather,Independent
2024-06-03,114.75848159974228,111.84565742081662,4.488899311154267,-2.9128241789256606,No_Weather,Independent
2024-06-04,74.34203949437219,79.26709269600363,4.674506946239203,4.925053201631442,No_Weather,Independent
2024-06-05,144.8664996198218,133.64351997351426,3.3037958355568753,-11.22297964630755,No_Weather,Independent
2024-06-06,126.49589974304882,117.00317715983192,3.8762368051419225,-9.492722583216903,No_Weather,Independent
2024-06-07,108.67649858167627,109.41553056831819,5.432547218600944,0.739031986641919,No_Weather,Independent
2024-06-08,133.1789317406412,135.57154011101616,5.712251392322481,2.3926083703749725,No_Weather,Independent
2024-06-09,211.7567249288153,203.0208170877345,5.775027085095644,-8.735907841080774,No_Weather,Independent
2024-06-10,130.64571270649145,122.471403722877,3.751475003278921,-8.174308983614452,No_Weather,Independent
2024-06-11,77.93582222164724,76.31811608415833,3.089593054799159,-1.6177061374889092,No_Weather,Independent
2024-06-12,73.56096207873728,79.1606435247781,4.593762501039422,5.599681446040819,No_Weather,Independent
2024-06-13,87.88278875949788,99.35372700157393,5.78481666422965,11.470938242076045,No_Weather,Independent
2024-06-14,148.24815517358564,138.44299828126512,3.5187812489046677,-9.805156892320525,No_Weather,Independent
2024-06-15,81.06150665574924,90.50041304347937,5.764486805432356,9.438906387730128,No_Weather,Independent
2024-06-16,108.18200552207895,127.5357950304099,7.584623617596087,19.353789508330948,No_Weather,Independent
2024-06-17,127.86770705917746,144.799852511716,8.336614590883233,16.93214545253855,No_Weather,Independent
2024-06-18,197.0349197546837,219.82876973636527,10.823701388637232,22.793849981681575,No_Weather,Independent
2024-06-19,138.8257704158096,131.64592188030358,4.860870827134308,-7.179848535506011,No_Weather,Independent
2024-06-20,68.08238994215046,67.65196320588731,3.723666670007854,-0.43042673626314354,No_Weather,Independent
2024-06-21,79.67192828718515,90.05344443720807,5.732011802328938,10.381516150022918,No_Weather,Independent
2025-06-01,115.50581979191278,109.0422424965634,2.26530347196872,-6.463577295349381,No_Weather,Independent
2025-06-02,81.55941168946634,86.10400565422816,5.1028013854391245,4.544593964761816,No_Weather,Independent
2025-06-03,163.4286431096907,169.56221398780113,7.202834032020636,6.133570878110419,No_Weather,Independent
2025-06-04,222.0153883244385,210.18712057559506,4.995509026861829,-11.828267748843444,No_Weather,Independent
2025-06-05,105.30043685549319,99.83500022697811,3.1694375003920916,-5.465436628515079,No_Weather,Independent
2025-06-06,144.32367315905782,136.3652678462365,3.3348520863510203,-7.958405312821327,No_Weather,Independent
2025-06-07,208.09727420530885,200.40951785082976,5.450881947587349,-7.687756354479092,No_Weather,Independent
2025-06-08,131.55289648661176,126.78395119951384,3.616931249256912,-4.768945287097921,No_Weather,Independent
2025-06-09,176.2260720461653,166.97936539365796,3.4126513899051774,-9.246706652507356,No_Weather,Independent
2025-06-10,103.46848123177674,97.78858629023185,2.5790131939031884,-5.679894941544887,No_Weather,Independent
2025-06-11,83.60807241377628,83.19814248500663,3.8555875006209512,-0.4099299287696567,No_Weather,Independent
2025-06-12,84.63693273892827,80.41552263006389,3.8526513850963244,-4.221410108864376,No_Weather,Independent
2025-06-13,89.77380296174488,82.51535024879573,3.019093054884845,-7.2584527129491505,No_Weather,Independent
2025-06-14,142.41060261671345,137.92597854457662,5.164375689812005,-4.484624072136825,No_Weather,Independent
2025-06-15,115.7783459814342,110.29541523763106,3.7120569424800727,-5.482930743803138,No_Weather,Independent
2025-06-16,80.04892479909316,75.33156037286926,2.3108708321658553,-4.717364426223895,No_Weather,Independent
2025-06-17,138.70232296263038,140.97364065980966,6.598208329081535,2.2713176971792848,No_Weather,Independent
2025-06-18,161.48015434345535,155.67247870850778,5.390223613536613,-5.8076756349475716,No_Weather,Independent
2025-06-19,101.28429358335103,99.166554283294,3.608843054772447,-2.117739300057025,No_Weather,Independent
2025-06-20,115.86867303845204,130.08550035341764,7.009686111576045,14.216827314965599,No_Weather,Independent
2025-06-21,197.13739033797725,218.54367909317713,10.43589513533643,21.40628875519988,No_Weather,Independent
1994-06-01,76.55499057214035,66.63923279836462,5.174079168008431,-9.915757773775738,No_Weather,Consecutive
1994-06-02,73.30442385689841,77.65684646796026,4.3926958333287,4.352422611061854,No_Weather,Consecutive
1994-06-03,161.29285528134085,224.87369864503813,4.233190276080536,63.580843363697284,No_Weather,Consecutive
1994-06-04,97.2534220766374,117.67354699986203,4.186313886216121,20.42012492322462,No_Weather,Consecutive
1994-06-05,107.39031785227453,78.33332352332735,7.241473616328524,-29.056994328947184,No_Weather,Consecutive
1994-06-06,159.41064195902368,191.1055011402247,5.11680693630542,31.694859181201025,No_Weather,Consecutive
1994-06-07,114.27924689418816,105.86243064503634,6.672671530685498,-8.416816249151822,No_Weather,Consecutive
1994-06-08,211.8624549827594,249.1688249540128,7.724572917156754,37.30636997125339,No_Weather,Consecutive
1994-06-09,228.27122776454223,302.1343918742845,6.179847916298446,73.86316410974229,No_Weather,Consecutive
1994-06-10,152.19009116029054,207.77082615483914,4.345248612595933,55.58073499454861,No_Weather,Consecutive
1994-06-11,93.29950098160646,112.5804820034792,4.234724999508939,19.280981021872748,No_Weather,Consecutive
1994-06-12,79.26907582593483,64.20120657475456,5.632395832075042,-15.06786925118027,No_Weather,Consecutive
1994-06-13,144.34116785566152,99.11817470159079,9.04054028011032,-45.222993154070735,No_Weather,Consecutive
1994-06-14,215.9942100217374,164.01118866129252,11.221630559364966,-51.983021360444866,No_Weather,Consecutive
1994-06-15,193.73870854255068,146.31799859865242,10.618949312302789,-47.42070994389826,No_Weather,Consecutive
1994-06-16,175.6072835279425,137.64973176273995,10.079359025094242,-37.95755176520257,No_Weather,Consecutive
1994-06-18,78.38505944500915,93.57487373823415,4.230090972325874,15.189814293224998,No_Weather,Consecutive
1994-06-19,93.13913508422601,121.00582272588491,3.9546159749229757,27.8666876416589,No_Weather,Consecutive
1994-06-20,73.36107996297488,94.52159216402916,2.9828840296094588,21.160512201054274,No_Weather,Consecutive
1994-06-21,88.29974064930605,115.62719648621709,3.5148368029751658,27.327455836911042,No_Weather,Consecutive
1995-06-01,134.7643687751555,192.33041158334856,2.5143562479772523,57.56604280819306,No_Weather,Consecutive
1995-06-03,118.84734831149242,148.1099448296148,4.527987495499348,29.262596518122365,No_Weather,Consecutive
1995-06-04,120.43155249473139,113.7736444338571,6.092278478418785,-6.657908060874291,No_Weather,Consecutive
1995-06-05,127.29163075147159,134.52709794862164,5.193716667054434,7.235467197150058,No_Weather,Consecutive
1995-06-06,91.21895950457647,91.49926620201177,5.278988891115598,0.280306697435293,No_Weather,Consecutive
1995-06-07,92.85129123403391,81.27166111855712,5.993875001764136,-11.579630115476789,No_Weather,Consecutive
1995-06-08,183.74723208000745,200.4871287648412,7.600964595791372,16.739896684833752,No_Weather,Consecutive
1995-06-09,225.7540759203418,235.16833242730104,8.525689578304691,9.414256506959248,No_Weather,Consecutive
1995-06-10,244.13686066783856,325.03276041490386,5.534529169400525,80.8958997470653,No_Weather,Consecutive
1995-06-11,233.60662278775027,314.63398750672786,5.1330437507894295,81.0273647189776,No_Weather,Consecutive
1995-06-12,145.00272866852367,203.13912775165568,2.887049996904616,58.136399083132005,No_Weather,Consecutive
1995-06-13,83.53379016833188,83.72799406328315,5.0027138924432935,0.1942038949512721,No_Weather,Consecutive
1995-06-14,116.05640724136643,85.00811910583215,7.6838513831297695,-31.04828813553428,No_Weather,Consecutive
1995-06-15,109.5475916631379,78.39271403992015,7.441861104634096,-31.154877623217743,No_Weather,Consecutive
1995-06-16,84.46248378042296,62.90729519428777,6.30829584035608,-21.555188586135188,No_Weather,Consecutive
1995-06-17,82.95203672925433,81.08226014837084,5.236539591020996,-1.8697765808834959,No_Weather,Consecutive
1995-06-18,82.43407160371154,79.54632958430227,5.452481246656853,-2.8877420194092736,No_Weather,Consecutive
1995-06-19,71.6600424177071,69.00631646229564,4.949165974226256,-2.65372595541146,No_Weather,Consecutive
1995-06-20,73.30668883909419,72.83367813541062,4.955419446859101,-0.47301070368357045,No_Weather,Consecutive
1995-06-21,80.02184207387432,97.94620665913112,4.214841666445142,17.924364585256797,No_Weather,Consecutive
1996-06-01,186.72649168551158,238.76973667003534,5.282075695714194,52.04324498452377,No_Weather,Consecutive
1996-06-02,136.40865568971975,179.33195242719705,3.086253468423252,42.9232967374773,No_Weather,Consecutive
1996-06-03,157.7783100380443,219.78885664931897,3.620672910867466,62.01054661127466,No_Weather,Consecutive
1996-06-04,156.57695701726482,204.99696425628304,4.360381941331762,48.42000723901822,No_Weather,Consecutive
1996-06-05,124.89661886519923,115.92254897976821,6.655003473493791,-8.974069885431021,No_Weather,Consecutive
1996-06-06,210.37498506395298,256.3996516538527,5.932974307880643,46.02466658989971,No_Weather,Consecutive
1996-06-07,273.0835410082055,348.28158650180404,6.330084731098702,75.19804549359856,No_Weather,Consecutive
1996-06-08,260.9626883723821,343.7239294649754,5.953261108365329,82.76124109259331,No_Weather,Consecutive
1996-06-09,174.07087632017846,240.6340226019894,3.5139666751027105,66.56314628181093,No_Weather,Consecutive
1996-06-10,94.4129856743134,134.70602202047746,2.743564582760967,40.29303634616406,No_Weather,Consecutive
1996-06-11,72.8464117822588,88.76852784961346,3.5628097224256123,15.922116067354665,No_Weather,Consecutive
1996-06-12,82.720554643134,103.85164349852147,3.54942777922583,21.131088855387475,No_Weather,Consecutive
1996-06-13,83.05799527153584,103.08262091401244,3.722746526698273,20.024625642476593,No_Weather,Consecutive
1996-06-14,87.31911979565476,101.18005255115008,3.4357784678952523,13.860932755495327,No_Weather,Consecutive
1996-06-15,87.84804345109407,112.03101309205533,3.7331701396447143,24.18296964096126,No_Weather,Consecutive
1996-06-16,106.71288002908386,114.28389060069298,4.716563193976042,7.571010571609122,No_Weather,Consecutive
1996-06-17,201.77753538632533,249.92986515969284,4.670782637202898,48.15232977336751,No_Weather,Consecutive
1996-06-18,97.98440348048825,101.89960420365406,4.500180557287388,3.9152007231658104,No_Weather,Consecutive
1996-06-19,152.1780379526515,159.2238456517042,6.187337504244515,7.045807699052716,No_Weather,Consecutive
1996-06-20,135.27681914702237,133.2438423819768,7.0932624987429875,-2.032976765045561,No_Weather,Consecutive
1996-06-21,106.6655361331554,74.03768777174861,7.453672219316149,-32.62784836140679,No_Weather,Consecutive
1997-06-01,128.99928185981906,189.21195990901504,2.4127881934348894,60.21267804919597,No_Weather,Consecutive
1997-06-02,133.51045167548097,197.06213402549537,2.7823548624085017,63.5516823500144,No_Weather,Consecutive
1997-06-03,129.3495963448908,189.6551993225042,2.486463890845573,60.305602977613376,No_Weather,Consecutive
1997-06-04,154.3628254035769,205.78251011673586,4.431804164540439,51.41968471315897,No_Weather,Consecutive
1997-06-06,103.53930714793515,151.34830463896742,2.90628888516997,47.80899749103227,No_Weather,Consecutive
1997-06-07,103.1595608445042,143.72405973405137,2.990490970191441,40.56449888954717,No_Weather,Consecutive
1997-06-08,115.55895682393194,147.96552765681855,3.8768958285658037,32.406570832886615,No_Weather,Consecutive
1997-06-09,166.73185984694095,227.14748240637624,4.815953471677166,60.41562255943529,No_Weather,Consecutive
1997-06-10,157.3881835741588,225.78193395652676,4.223629167096487,68.39375038236795,No_Weather,Consecutive
1997-06-11,85.89453724530608,105.08928507225752,3.508502080684747,19.194747826951442,No_Weather,Consecutive
1997-06-12,99.07421862092073,97.26171718510449,5.865596528765231,-1.8125014358162446,No_Weather,Consecutive
1997-06-13,198.30096957134867,254.0698193935911,5.050572223795784,55.76884982224243,No_Weather,Consecutive
1997-06-14,148.31708065854662,209.7087256277179,3.274218051611545,61.391644969171296,No_Weather,Consecutive
1997-06-15,81.7932851368582,75.92235252707661,5.067351388931294,-5.87093260978159,No_Weather,Consecutive
1997-06-16,180.57569987044457,236.2666857218398,4.77288749869914,55.690985851395226,No_Weather,Consecutive
1997-06-17,171.34577453768526,232.5281803508268,4.069376390116911,61.18240581314154,No_Weather,Consecutive
1997-06-18,102.8979868838137,112.1789049661536,4.68486597415888,9.280918082339895,No_Weather,Consecutive
1997-06-19,98.34651814169686,67.46009604084998,6.951718064645941,-30.886422100846886,No_Weather,Consecutive
1997-06-20,145.16696681899305,102.889819433604,9.096412930980756,-42.27714738538904,No_Weather,Consecutive
2021-06-01,157.0157666180151,230.2295063505756,3.3491250004205444,73.2137397325605,No_Weather,Consecutive
2021-06-02,102.63827499795295,152.09852956557125,1.807226386126259,49.46025456761831,No_Weather,Consecutive
2021-06-03,79.62560055073536,115.34579287307801,2.003666667857517,35.720192322342655,No_Weather,Consecutive
2021-06-04,70.30318330775171,67.97203741238772,4.409765276437003,-2.3311458953639885,No_Weather,Consecutive
2021-06-05,70.22230828415113,69.06301833670244,4.523813891162468,-1.1592899474486842,No_Weather,Consecutive
2021-06-06,74.08956072730965,75.85443198354756,4.6613555548919425,1.7648712562379103,No_Weather,Consecutive
2021-06-07,90.52592056974845,112.13080053592415,4.063436783709062,21.6048799661757,No_Weather,Consecutive
2021-06-08,91.02376273802443,121.98788207989301,3.7844756981564927,30.96411934186858,No_Weather,Consecutive
2021-06-09,91.40542741171845,112.86599930089756,4.339934026532714,21.460571889179107,No_Weather,Consecutive
2021-06-10,67.10872093718942,78.88796513357357,3.8649319481518565,11.779244196384155,No_Weather,Consecutive
2021-06-11,73.43420033510665,62.907866652820786,5.4506597157981655,-10.526333682285866,No_Weather,Consecutive
2021-06-12,176.73348541341267,233.68649077650366,4.681131247876,56.953005363090995,No_Weather,Consecutive
2021-06-13,126.68051050496882,181.65485527753185,3.490947223475417,54.97434477256303,No_Weather,Consecutive
2021-06-14,95.52603867295792,143.93149610633895,2.466404859641464,48.40545743338103,No_Weather,Consecutive
2021-06-15,78.40347019008524,113.23285284728689,2.2371562502641225,34.82938265720165,No_Weather,Consecutive
2021-06-16,69.56485307978213,83.6170642036407,3.4393305626801283,14.05221112385857,No_Weather,Consecutive
2021-06-17,85.86551585413167,81.39715057805597,4.953461111875034,-4.468365276075701,No_Weather,Consecutive
2021-06-18,102.06275240497024,75.43763391837476,6.625585420429699,-26.625118486595483,No_Weather,Consecutive
2021-06-19,86.20664714418828,66.60533415497235,6.02727847165531,-19.601312989215927,No_Weather,Consecutive
2021-06-20,122.19580796381061,93.17450534043212,7.4546145937509145,-29.02130262337849,No_Weather,Consecutive
2021-06-21,230.4922995299964,288.82540694289133,6.159730549223932,58.33310741289495,No_Weather,Consecutive
2022-06-01,186.3303428317867,252.63557698525943,4.657177778690439,66.30523415347272,No_Weather,Consecutive
2022-06-02,168.43086561380812,243.29182752598217,3.5127222207478366,74.86096191217405,No_Weather,Consecutive
2022-06-03,91.5912455861984,132.4841668330084,2.8335013929256463,40.892921246810005,No_Weather,Consecutive
2022-06-04,74.8880375499221,80.88919383665015,4.057101384374431,6.0011562867280475,No_Weather,Consecutive
2022-06-05,98.4189387139509,107.33999663641129,5.0700208351430005,8.921057922460392,No_Weather,Consecutive
2022-06-06,115.05086019426867,157.99804692747244,3.0312236122889096,42.94718673320378,No_Weather,Consecutive
2022-06-07,117.10346798704003,161.22144975317616,3.7555159687168116,44.117981766136126,No_Weather,Consecutive
2022-06-08,163.79355394571837,226.43888005721215,4.339998608310185,62.64532611149377,No_Weather,Consecutive
2022-06-09,94.17669502282388,128.69852068632093,2.8985708320099586,34.521825663497054,No_Weather,Consecutive
2022-06-10,103.82220155760044,124.83225705127569,4.093534725045573,21.010055493675253,No_Weather,Consecutive
2022-06-11,70.85388096493702,77.68067660155236,4.293102779322187,6.826795636615344,No_Weather,Consecutive
2022-06-12,96.2700688354708,78.0450022633344,6.22139999924435,-18.2250665721364,No_Weather,Consecutive
2022-06-13,150.4077102348296,114.39686989554974,8.708739586008909,-36.010840339279866,No_Weather,Consecutive
2022-06-14,157.6691777707568,111.57670484100473,9.54578681455717,-46.09247292975206,No_Weather,Consecutive
2022-06-15,140.18184761239377,104.29712834401067,8.665968053208456,-35.884719268383094,No_Weather,Consecutive
2022-06-16,80.48691469731259,65.62000122592215,5.826397219465843,-14.866913471390433,No_Weather,Consecutive
2022-06-17,71.08608751670496,72.55548646312263,4.622611115997035,1.4693989464176695,No_Weather,Consecutive
2022-06-18,69.49097415398106,76.0394879785006,4.148799305616142,6.548513824519546,No_Weather,Consecutive
2022-06-19,80.51594705451109,69.82664530180793,5.570963887870295,-10.689301752703159,No_Weather,Consecutive
2022-06-20,90.02035935286708,65.04294710821478,6.7577090251776895,-24.9774122446523,No_Weather,Consecutive
2022-06-21,96.29747906482393,81.39725307989033,6.354403469959897,-14.900225984933599,No_Weather,Consecutive
2023-06-01,112.47130456694592,137.12050346412656,3.833254163535051,24.64919889718064,No_Weather,Consecutive
2023-06-02,142.38955328718362,178.0343549565926,4.002388197307149,35.64480166940899,No_Weather,Consecutive
2023-06-03,121.65883855044405,168.08478101381263,2.437448612362556,46.425942463368585,No_Weather,Consecutive
2023-06-04,105.08302670990551,159.19043145338537,2.25904305498164,54.10740474347986,No_Weather,Consecutive
2023-06-05,155.5626399457434,218.43728887229133,2.9989062510223823,62.874648926547934,No_Weather,Consecutive
2023-06-06,128.86881566015524,185.40554942258393,2.1444458340831476,56.536733762428696,No_Weather,Consecutive
2023-06-07,111.56670377130646,158.4746669644403,2.1047215258269327,46.90796319313384,No_Weather,Consecutive
2023-06-08,103.84098480693169,143.67126185413542,2.1108763899605676,39.83027704720374,No_Weather,Consecutive
2023-06-09,106.13283412326433,147.08915951360655,2.471367359606339,40.956325390342215,No_Weather,Consecutive
2023-06-10,158.4825636909564,198.9477588276746,4.330319443882507,40.465195136718194,No_Weather,Consecutive
2023-06-11,206.4009069524074,272.76355293047766,4.7481125022801915,66.36264597807025,No_Weather,Consecutive
2023-06-12,134.12339599300645,194.1908959924213,2.9617944444620243,60.06749999941485,No_Weather,Consecutive
2023-06-13,98.62901446091246,135.34236399940954,2.344245833120979,36.713349538497084,No_Weather,Consecutive
2023-06-14,130.74628897305377,186.96676138353274,2.4997402775550897,56.220472410478976,No_Weather,Consecutive
2023-06-15,100.06295255871976,134.766974174381,3.214396525518465,34.70402161566125,No_Weather,Consecutive
2023-06-16,168.0937253693337,229.44667156968927,3.3779381958353802,61.352946200355575,No_Weather,Consecutive
2023-06-17,126.14690268781231,167.78579420110856,3.775758336427506,41.638891513296244,No_Weather,Consecutive
2023-06-18,181.35285652140743,232.42358030554504,4.132284720821503,51.07072378413761,No_Weather,Consecutive
2023-06-19,96.2941363450154,109.6287154142691,4.086977080007366,13.334579069253692,No_Weather,Consecutive
2023-06-20,118.72833739012785,141.78243928074028,5.487624301844153,23.05410189061243,No_Weather,Consecutive
2023-06-21,130.09325172444687,169.33157258661578,4.694576390832667,39.238320862168905,No_Weather,Consecutive
2024-06-01,83.65882245039447,120.34840789494257,2.3474805544162867,36.6895854445481,No_Weather,Consecutive
2024-06-02,111.56835411702448,108.34085699968324,5.605214579113664,-3.227497117341244,No_Weather,Consecutive
2024-06-03,114.75848159974228,136.04996842358958,4.488899311154267,21.291486823847293,No_Weather,Consecutive
2024-06-04,74.34203949437219,72.27370224682602,4.674506946239203,-2.068337247546168,No_Weather,Consecutive
2024-06-05,144.8664996198218,205.80754954336362,3.3037958355568753,60.94104992354181,No_Weather,Consecutive
2024-06-06,126.49589974304882,168.14876391216785,3.8762368051419225,41.65286416911903,No_Weather,Consecutive
2024-06-07,108.67649858167627,115.87342376033638,5.432547218600944,7.196925178660109,No_Weather,Consecutive
2024-06-08,133.1789317406412,139.18968126766967,5.712251392322481,6.01074952702848,No_Weather,Consecutive
2024-06-09,211.7567249288153,277.8891618812238,5.775027085095644,66.13243695240851,No_Weather,Consecutive
2024-06-10,130.64571270649145,181.34961413570272,3.751475003278921,50.70390142921127,No_Weather,Consecutive
2024-06-11,77.93582222164724,102.52430315716828,3.089593054799159,24.588480935521034,No_Weather,Consecutive
2024-06-12,73.56096207873728,66.63364321002447,4.593762501039422,-6.927318868712803,No_Weather,Consecutive
2024-06-13,87.88278875949788,68.67965578889013,5.78481666422965,-19.203132970607754,No_Weather,Consecutive
2024-06-14,148.24815517358564,194.2663624364459,3.5187812489046677,46.018207262860244,No_Weather,Consecutive
2024-06-15,81.06150665574924,63.78227803190504,5.764486805432356,-17.279228623844205,No_Weather,Consecutive
2024-06-16,108.18200552207895,72.27822451989047,7.584623617596087,-35.90378100218848,No_Weather,Consecutive
2024-06-17,127.86770705917746,89.65327011731472,8.336614590883233,-38.21443694186274,No_Weather,Consecutive
2024-06-18,197.0349197546837,148.04081301220492,10.823701388637232,-48.99410674247878,No_Weather,Consecutive
2024-06-19,138.8257704158096,170.713362136358,4.860870827134308,31.887591720548414,No_Weather,Consecutive
2024-06-20,68.08238994215046,83.23982288195327,3.723666670007854,15.157432939802817,No_Weather,Consecutive
2024-06-21,79.67192828718515,62.082154196713645,5.732011802328938,-17.589774090471508,No_Weather,Consecutive
2025-06-01,115.50581979191278,158.1598023420766,2.26530347196872,42.65398255016382,No_Weather,Consecutive
2025-06-02,81.55941168946634,75.64344711004443,5.1028013854391245,-5.91596457942191,No_Weather,Consecutive
2025-06-03,163.4286431096907,154.9622708772979,7.202834032020636,-8.466372232392814,No_Weather,Consecutive
2025-06-04,222.0153883244385,297.5343092789682,4.995509026861829,75.51892095452968,No_Weather,Consecutive
2025-06-05,105.30043685549319,150.1205762800882,3.1694375003920916,44.820139424595,No_Weather,Consecutive
2025-06-06,144.32367315905782,189.0273026227406,3.3348520863510203,44.70362946368277,No_Weather,Consecutive
2025-06-07,208.09727420530885,253.1106825242262,5.450881947587349,45.01340831891736,No_Weather,Consecutive
2025-06-08,131.55289648661176,162.59823054526578,3.616931249256912,31.04533405865402,No_Weather,Consecutive
2025-06-09,176.2260720461653,238.477562959061,3.4126513899051774,62.25149091289569,No_Weather,Consecutive
2025-06-10,103.46848123177674,136.94891561083486,2.5790131939031884,33.480434379058124,No_Weather,Consecutive
2025-06-11,83.60807241377628,94.54290832284252,3.8555875006209512,10.934835909066237,No_Weather,Consecutive
2025-06-12,84.63693273892827,109.08863189942812,3.8526513850963244,24.451699160499857,No_Weather,Consecutive
2025-06-13,89.77380296174488,127.33135710914578,3.019093054884845,37.55755414740091,No_Weather,Consecutive
2025-06-14,142.41060261671345,173.51199632510549,5.164375689812005,31.101393708392038,No_Weather,Consecutive
2025-06-15,115.7783459814342,159.14683040479122,3.7120569424800727,43.36848442335702,No_Weather,Consecutive
2025-06-16,80.04892479909316,115.34763637336476,2.3108708321658553,35.29871157427161,No_Weather,Consecutive
2025-06-17,138.70232296263038,145.2892847185352,6.598208329081535,6.586961755904838,No_Weather,Consecutive
2025-06-18,161.48015434345535,183.2405530720863,5.390223613536613,21.760398728630946,No_Weather,Consecutive
2025-06-19,101.28429358335103,125.07067154667874,3.608843054772447,23.78637796332771,No_Weather,Consecutive
2025-06-20,115.86867303845204,85.51099826893724,7.009686111576045,-30.3576747695148,No_Weather,Consecutive
2025-06-21,197.13739033797725,148.19942328149858,10.43589513533643,-48.93796705647867,No_Weather,Consecutive
1994-06-01,76.55499057214035,98.06630170848396,5.174079168008431,21.511311136343608,Features,Independent
1994-06-02,73.30442385689841,85.90351286588162,4.3926958333287,12.599089008983213,Features,Independent
1994-06-03,161.29285528134085,129.2129319323106,4.233190276080536,-32.07992334903025,Features,Independent
1994-06-04,97.2534220766374,97.49736905651491,4.186313886216121,0.24394697987750646,Features,Independent
1994-06-05,107.39031785227453,142.08633060642023,7.241473616328524,34.6960127541457,Features,Independent
1994-06-06,159.41064195902368,144.40334575295105,5.11680693630542,-15.007296206072624,Features,Independent
1994-06-07,114.27924689418816,131.32888306475786,6.672671530685498,17.0496361705697,Features,Independent
1994-06-08,211.8624549827594,191.21036440838964,7.724572917156754,-20.652090574369765,Features,Independent
1994-06-09,228.27122776454223,190.53159968582958,6.179847916298446,-37.739628078712656,Features,Independent
1994-06-10,152.19009116029054,126.849635655864,4.345248612595933,-25.34045550442653,Features,Independent
1994-06-11,93.29950098160646,91.09825403882698,4.234724999508939,-2.201246942779477,Features,Independent
1994-06-12,79.26907582593483,104.8797706422666,5.632395832075042,25.610694816331772,Features,Independent
1994-06-13,144.34116785566152,193.941322197178,9.04054028011032,49.600154341516486,Features,Independent
1994-06-14,215.9942100217374,270.57835953645315,11.221630559364966,54.58414951471576,Features,Independent
1994-06-15,193.73870854255068,240.76818191182605,10.618949312302789,47.029473369275365,Features,Independent
1994-06-16,175.6072835279425,215.57614884540914,10.079359025094242,39.96886531746662,Features,Independent
1994-06-18,78.38505944500915,78.98190170659475,4.230090972325874,0.596842261585607,Features,Independent
1994-06-19,93.13913508422601,85.92308354136358,3.9546159749229757,-7.216051542862431,Features,Independent
1994-06-20,73.36107996297488,73.74300160483767,2.9828840296094588,0.3819216418627889,Features,Independent
1994-06-21,88.29974064930605,82.14741289008711,3.5148368029751658,-6.1523277592189345,Features,Independent
1995-06-01,134.7643687751555,110.14428647820301,2.5143562479772523,-24.62008229695249,Features,Independent
1995-06-03,118.84734831149242,108.26326960470865,4.527987495499348,-10.584078706783771,Features,Independent
1995-06-04,120.43155249473139,140.29377458021048,6.092278478418785,19.86222208547909,Features,Independent
1995-06-05,127.29163075147159,129.88894602248615,5.193716667054434,2.5973152710145655,Features,Independent
1995-06-06,91.21895950457647,103.73665379800107,5.278988891115598,12.517694293424597,Features,Independent
1995-06-07,92.85129123403391,120.47938330936347,5.993875001764136,27.628092075329562,Features,Independent
1995-06-08,183.74723208000745,177.09869989780776,7.600964595791372,-6.648532182199688,Features,Independent
1995-06-09,225.7540759203418,225.58929149571736,8.525689578304691,-0.164784424624429,Features,Independent
1995-06-10,244.13686066783856,203.24245270985637,5.534529169400525,-40.894407957982196,Features,Independent
1995-06-11,233.60662278775027,195.32156572902306,5.1330437507894295,-38.285057058727205,Features,Independent
1995-06-12,145.00272866852367,121.78587909125753,2.887049996904616,-23.216849577266146,Features,Independent
1995-06-13,83.53379016833188,95.99244431942117,5.0027138924432935,12.458654151089291,Features,Independent
1995-06-14,116.05640724136643,155.39057714908614,7.6838513831297695,39.33416990771971,Features,Independent
1995-06-15,109.5475916631379,146.5600016831778,7.441861104634096,37.01241002003991,Features,Independent
1995-06-16,84.46248378042296,114.53311046224036,6.30829584035608,30.0706266818174,Features,Independent
1995-06-17,82.95203672925433,95.59116375222783,5.236539591020996,12.639127022973497,Features,Independent
1995-06-18,82.43407160371154,96.85324361817982,5.452481246656853,14.419172014468273,Features,Independent
1995-06-19,71.6600424177071,88.70352111456359,4.949165974226256,17.043478696856482,Features,Independent
1995-06-20,73.30668883909419,88.69142030028445,4.955419446859101,15.384731461190256,Features,Independent
1995-06-21,80.02184207387432,79.17929428044485,4.214841666445142,-0.8425477934294747,Features,Independent
1996-06-01,186.72649168551158,158.1925633481879,5.282075695714194,-28.533928337323687,Features,Independent
1996-06-02,136.40865568971975,123.39552032307279,3.086253468423252,-13.013135366646964,Features,Independent
1996-06-03,157.7783100380443,129.21296597745743,3.620672910867466,-28.56534406058688,Features,Independent
1996-06-04,156.57695701726482,134.76468396705195,4.360381941331762,-21.812273050212866,Features,Independent
1996-06-05,124.89661886519923,144.59506269383263,6.655003473493791,19.6984438286334,Features,Independent
1996-06-06,210.37498506395298,188.06306525580231,5.932974307880643,-22.311919808150662,Features,Independent
1996-06-07,273.0835410082055,237.73102012689122,6.330084731098702,-35.35252088131426,Features,Independent
1996-06-08,260.9626883723821,220.6132762927943,5.953261108365329,-40.34941207958781,Features,Independent
1996-06-09,174.07087632017846,145.97328440908672,3.5139666751027105,-28.09759191109174,Features,Independent
1996-06-10,94.4129856743134,81.94032664656044,2.743564582760967,-12.472659027752968,Features,Independent
1996-06-11,72.8464117822588,77.00853792520141,3.5628097224256123,4.162126142942611,Features,Independent
1996-06-12,82.720554643134,80.99711032407197,3.54942777922583,-1.7234443190620254,Features,Independent
1996-06-13,83.05799527153584,81.78590777390986,3.722746526698273,-1.2720874976259893,Features,Independent
1996-06-14,87.31911979565476,90.14652703446214,3.4357784678952523,2.827407238807382,Features,Independent
1996-06-15,87.84804345109407,83.32872452478617,3.7331701396447143,-4.519318926307903,Features,Independent
1996-06-16,106.71288002908386,117.38082369710833,4.716563193976042,10.667943668024463,Features,Independent
1996-06-17,201.77753538632533,182.6935803330906,4.670782637202898,-19.083955053234718,Features,Independent
1996-06-18,97.98440348048825,113.54263242143554,4.500180557287388,15.558228940947288,Features,Independent
1996-06-19,152.1780379526515,156.1131221416149,6.187337504244515,3.935084188963401,Features,Independent
1996-06-20,135.27681914702237,142.67726266203135,7.0932624987429875,7.400443515008988,Features,Independent
1996-06-21,106.6655361331554,147.09926338765405,7.453672219316149,40.43372725449865,Features,Independent
1997-06-01,128.99928185981906,101.94052362695669,2.4127881934348894,-27.058758232862374,Features,Independent
1997-06-02,133.51045167548097,102.82669320074172,2.7823548624085017,-30.68375847473925,Features,Independent
1997-06-03,129.3495963448908,102.97751580379636,2.486463890845573,-26.372080541094448,Features,Independent
1997-06-04,154.3628254035769,128.45267285734434,4.431804164540439,-25.910152546232553,Features,Independent
1997-06-06,103.53930714793515,83.8078470191441,2.90628888516997,-19.731460128791042,Features,Independent
1997-06-07,103.1595608445042,89.78482366541041,2.990490970191441,-13.374737179093785,Features,Independent
1997-06-08,115.55895682393194,102.7256581086146,3.8768958285658037,-12.83329871531734,Features,Independent
1997-06-09,166.73185984694095,134.51452710427213,4.815953471677166,-32.217332742668816,Features,Independent
1997-06-10,157.3881835741588,125.40426549964207,4.223629167096487,-31.983918074516737,Features,Independent
1997-06-11,85.89453724530608,87.34547256985383,3.508502080684747,1.4509353245477428,Features,Independent
1997-06-12,99.07421862092073,114.06361045735565,5.865596528765231,14.989391836434919,Features,Independent
1997-06-13,198.30096957134867,171.285918894441,5.050572223795784,-27.015050676907663,Features,Independent
1997-06-14,148.31708065854662,121.81417730573253,3.274218051611545,-26.502903352814087,Features,Independent
1997-06-15,81.7932851368582,102.87748665507621,5.067351388931294,21.08420151821801,Features,Independent
1997-06-16,180.57569987044457,152.0655340737432,4.77288749869914,-28.510165796701358,Features,Independent
1997-06-17,171.34577453768526,144.81268672929946,4.069376390116911,-26.5330878083858,Features,Independent
1997-06-18,102.8979868838137,115.63804714056911,4.68486597415888,12.740060256755413,Features,Independent
1997-06-19,98.34651814169686,136.79761705810319,6.951718064645941,38.45109891640632,Features,Independent
1997-06-20,145.16696681899305,196.4414910813167,9.096412930980756,51.274524262323666,Features,Independent
2021-06-01,157.0157666180151,122.09994917860843,3.3491250004205444,-34.91581743940668,Features,Independent
2021-06-02,102.63827499795295,84.25641923129359,1.807226386126259,-18.381855766659356,Features,Independent
2021-06-03,79.62560055073536,70.47889298062378,2.003666667857517,-9.146707570111573,Features,Independent
2021-06-04,70.30318330775171,89.46279169196802,4.409765276437003,19.159608384216313,Features,Independent
2021-06-05,70.22230828415113,83.81257005786244,4.523813891162468,13.590261773711319,Features,Independent
2021-06-06,74.08956072730965,85.39078902571393,4.6613555548919425,11.301228298404283,Features,Independent
2021-06-07,90.52592056974845,85.62734571521614,4.063436783709062,-4.898574854532313,Features,Independent
2021-06-08,91.02376273802443,81.50639167479918,3.7844756981564927,-9.517371063225255,Features,Independent
2021-06-09,91.40542741171845,86.25318372379812,4.339934026532714,-5.152243687920333,Features,Independent
2021-06-10,67.10872093718942,72.36078433961796,3.8649319481518565,5.252063402428547,Features,Independent
2021-06-11,73.43420033510665,96.93848499266196,5.4506597157981655,23.504284657555303,Features,Independent
2021-06-12,176.73348541341267,148.19726600406682,4.681131247876,-28.536219409345847,Features,Independent
2021-06-13,126.68051050496882,101.68913828795664,3.490947223475417,-24.991372217012184,Features,Independent
2021-06-14,95.52603867295792,76.37234083686508,2.466404859641464,-19.153697836092846,Features,Independent
2021-06-15,78.40347019008524,69.43465658570369,2.2371562502641225,-8.968813604381552,Features,Independent
2021-06-16,69.56485307978213,76.83314321522505,3.4393305626801283,7.268290135442925,Features,Independent
2021-06-17,85.86551585413167,107.46678930860614,4.953461111875034,21.601273454474466,Features,Independent
2021-06-18,102.06275240497024,139.73397054313568,6.625585420429699,37.67121813816544,Features,Independent
2021-06-19,86.20664714418828,116.92158336634327,6.02727847165531,30.71493622215499,Features,Independent
2021-06-20,122.19580796381061,164.42533468395243,7.4546145937509145,42.22952672014182,Features,Independent
2021-06-21,230.4922995299964,199.56127385962685,6.159730549223932,-30.931025670369536,Features,Independent
2022-06-01,186.3303428317867,151.47259593533806,4.657177778690439,-34.857746896448646,Features,Independent
2022-06-02,168.43086561380812,134.56380818839244,3.5127222207478366,-33.86705742541568,Features,Independent
2022-06-03,91.5912455861984,78.0293268854899,2.8335013929256463,-13.561918700708503,Features,Independent
2022-06-04,74.8880375499221,86.55236116104041,4.057101384374431,11.664323611118306,Features,Independent
2022-06-05,98.4189387139509,101.19249128261737,5.0700208351430005,2.7735525686664744,Features,Independent
2022-06-06,115.05086019426867,97.46452077353254,3.0312236122889096,-17.586339420736124,Features,Independent
2022-06-07,117.10346798704003,98.79108617906405,3.7555159687168116,-18.31238180797598,Features,Independent
2022-06-08,163.79355394571837,131.46758345466964,4.339998608310185,-32.325970491048736,Features,Independent
2022-06-09,94.17669502282388,85.0913747502338,2.8985708320099586,-9.085320272590081,Features,Independent
2022-06-10,103.82220155760044,99.97190257069414,4.093534725045573,-3.850298986906296,Features,Independent
2022-06-11,70.85388096493702,80.48795180764762,4.293102779322187,9.6340708427106,Features,Independent
2022-06-12,96.2700688354708,127.00390459976484,6.22139999924435,30.733835764294042,Features,Independent
2022-06-13,150.4077102348296,195.91872185383937,8.708739586008909,45.511011619009764,Features,Independent
2022-06-14,157.6691777707568,210.44851182470904,9.54578681455717,52.779334053952255,Features,Independent
2022-06-15,140.18184761239377,187.33747653017804,8.665968053208456,47.15562891778427,Features,Independent
2022-06-16,80.48691469731259,108.4898426721532,5.826397219465843,28.002927974840617,Features,Independent
2022-06-17,71.08608751670496,85.9740166255549,4.622611115997035,14.887929108849931,Features,Independent
2022-06-18,69.49097415398106,77.72856655476784,4.148799305616142,8.237592400786781,Features,Independent
2022-06-19,80.51594705451109,100.75889465758806,5.570963887870295,20.24294760307697,Features,Independent
2022-06-20,90.02035935286708,124.53393463560633,6.7577090251776895,34.513575282739254,Features,Independent
2022-06-21,96.29747906482393,126.90607319027009,6.354403469959897,30.60859412544616,Features,Independent
2023-06-01,112.47130456694592,107.4681837857284,3.833254163535051,-5.003120781217518,Features,Independent
2023-06-02,142.38955328718362,128.42209840376086,4.002388197307149,-13.96745488342276,Features,Independent
2023-06-03,121.65883855044405,106.1773495601744,2.437448612362556,-15.48148899026964,Features,Independent
2023-06-04,105.08302670990551,81.62174037628128,2.25904305498164,-23.46128633362423,Features,Independent
2023-06-05,155.5626399457434,128.16967550030415,2.9989062510223823,-27.392964445439247,Features,Independent
2023-06-06,128.86881566015524,105.09736489152533,2.1444458340831476,-23.771450768629904,Features,Independent
2023-06-07,111.56670377130646,94.9463049166369,2.1047215258269327,-16.62039885466956,Features,Independent
2023-06-08,103.84098480693169,90.87517959831399,2.1108763899605676,-12.965805208617695,Features,Independent
2023-06-09,106.13283412326433,93.52222891859225,2.471367359606339,-12.610605204672083,Features,Independent
2023-06-10,158.4825636909564,143.39819798203047,4.330319443882507,-15.08436570892593,Features,Independent
2023-06-11,206.4009069524074,173.92080698754057,4.7481125022801915,-32.48009996486684,Features,Independent
2023-06-12,134.12339599300645,108.39172995994534,2.9617944444620243,-25.731666033061117,Features,Independent
2023-06-13,98.62901446091246,86.80697338514992,2.344245833120979,-11.822041075762542,Features,Independent
2023-06-14,130.74628897305377,106.37214214369732,2.4997402775550897,-24.374146829356448,Features,Independent
2023-06-15,100.06295255871976,89.10885294926666,3.214396525518465,-10.954099609453095,Features,Independent
2023-06-16,168.0937253693337,139.94655537184093,3.3779381958353802,-28.147169997492767,Features,Independent
2023-06-17,126.14690268781231,110.19476989378924,3.775758336427506,-15.952132794023072,Features,Independent
2023-06-18,181.35285652140743,159.19777124568446,4.132284720821503,-22.155085275722968,Features,Independent
2023-06-19,96.2941363450154,97.72484327851163,4.086977080007366,1.430706933496225,Features,Independent
2023-06-20,118.72833739012785,111.0570768013115,5.487624301844153,-7.671260588816352,Features,Independent
2023-06-21,130.09325172444687,111.60498355563382,4.694576390832667,-18.48826816881305,Features,Independent
2024-06-01,83.65882245039447,73.36253908328717,2.3474805544162867,-10.296283367107293,Features,Independent
2024-06-02,111.56835411702448,125.33747274875299,5.605214579113664,13.769118631728503,Features,Independent
2024-06-03,114.75848159974228,109.72303728539927,4.488899311154267,-5.03544431434301,Features,Independent
2024-06-04,74.34203949437219,90.70251670608346,4.674506946239203,16.36047721171127,Features,Independent
2024-06-05,144.8664996198218,116.82242197766607,3.3037958355568753,-28.04407764215574,Features,Independent
2024-06-06,126.49589974304882,106.30064180372324,3.8762368051419225,-20.195257939325586,Features,Independent
2024-06-07,108.67649858167627,115.63284856424565,5.432547218600944,6.956349982569378,Features,Independent
2024-06-08,133.1789317406412,146.4094539002494,5.712251392322481,13.2305221596082,Features,Independent
2024-06-09,211.7567249288153,176.6510857078714,5.775027085095644,-35.105639220943885,Features,Independent
2024-06-10,130.64571270649145,109.75197088952771,3.751475003278921,-20.89374181696374,Features,Independent
2024-06-11,77.93582222164724,75.29105905358907,3.089593054799159,-2.6447631680581765,Features,Independent
2024-06-12,73.56096207873728,96.41631433844731,4.593762501039422,22.85535225971003,Features,Independent
2024-06-13,87.88278875949788,120.47545084031236,5.78481666422965,32.59266208081448,Features,Independent
2024-06-14,148.24815517358564,128.35846527250504,3.5187812489046677,-19.8896899010806,Features,Independent
2024-06-15,81.06150665574924,110.15169396414095,5.764486805432356,29.090187308391705,Features,Independent
2024-06-16,108.18200552207895,152.3778032904085,7.584623617596087,44.195797768329555,Features,Independent
2024-06-17,127.86770705917746,168.91639339579956,8.336614590883233,41.0486863366221,Features,Independent
2024-06-18,197.0349197546837,248.6628990871477,10.823701388637232,51.62797933246401,Features,Independent
2024-06-19,138.8257704158096,124.98300893335465,4.860870827134308,-13.842761482454932,Features,Independent
2024-06-20,68.08238994215046,71.24966589303753,3.723666670007854,3.167275950887074,Features,Independent
2024-06-21,79.67192828718515,110.93806029703126,5.732011802328938,31.266132009846103,Features,Independent
2025-06-01,115.50581979191278,99.65386247339643,2.26530347196872,-15.851957318516355,Features,Independent
2025-06-02,81.55941168946634,98.267996509096207,5.1028013854391245,16.708584819629863,Features,Independent
2025-06-03,163.4286431096907,182.81846471432948,7.202834032020636,19.38982160463877,Features,Independent
2025-06-04,222.0153883244385,186.73572752251715,4.995509026861829,-35.27966080192135,Features,Independent
2025-06-05,105.30043685549319,88.24013497060622,3.1694375003920916,-17.060301884886968,Features,Independent
2025-06-06,144.32367315905782,124.243315430103,3.3348520863510203,-20.080357728954823,Features,Independent
2025-06-07,208.09727420530885,191.1476325044079,5.450881947587349,-16.94964170090094,Features,Independent
2025-06-08,131.55289648661176,125.38884326406469,3.616931249256912,-6.164053222547068,Features,Independent
2025-06-09,176.2260720461653,148.44361605397876,3.4126513899051774,-27.782455992186556,Features,Independent
2025-06-10,103.46848123177674,97.90660725145327,2.5790131939031884,-5.561873980323469,Features,Independent
2025-06-11,83.60807241377628,87.83524912230826,3.8555875006209512,4.227176708531971,Features,Independent
2025-06-12,84.63693273892827,77.8222543831227,3.8526513850963244,-6.814678355805569,Features,Independent
2025-06-13,89.77380296174488,76.8057931333235,3.019093054884845,-12.968009828421373,Features,Independent
2025-06-14,142.41060261671345,130.1135382810428,5.164375689812005,-12.297064335670655,Features,Independent
2025-06-15,115.7783459814342,97.05184494831076,3.7120569424800727,-18.72650103312344,Features,Independent
2025-06-16,80.04892479909316,72.0873335449551,2.3108708321658553,-7.961591254138057,Features,Independent
2025-06-17,138.70232296263038,142.78180434486598,6.598208329081535,4.079481382235599,Features,Independent
2025-06-18,161.48015434345535,158.99822640157709,5.390223613536613,-2.4819279418782685,Features,Independent
2025-06-19,101.28429358335103,98.2840094738205,3.608843054772447,-3.0002841095305257,Features,Independent
2025-06-20,115.86867303845204,156.81253945092578,7.009686111576045,40.94386641247374,Features,Independent
2025-06-21,197.13739033797725,250.43984892034706,10.43589513533643,53.30245858236981,Features,Independent
1994-06-01,76.55499057214035,70.8467450017048,5.174079168008431,-5.708245570435551,Features,Consecutive
1994-06-02,73.30442385689841,71.73588113902345,4.3926958333287,-1.568542717874962,Features,Consecutive
1994-06-03,161.29285528134085,171.93536367373758,4.233190276080536,10.642508392396735,Features,Consecutive
1994-06-04,97.2534220766374,99.21323023512277,4.186313886216121,1.9598081584853588,Features,Consecutive
1994-06-05,107.39031785227453,98.67385153290134,7.241473616328524,-8.716466319373197,Features,Consecutive
1994-06-06,159.41064195902368,162.70957478006312,5.11680693630542,3.2989328210394433,Features,Consecutive
1994-06-07,114.27924689418816,106.39200462509653,6.672671530685498,-7.8872422690916295,Features,Consecutive
1994-06-08,211.8624549827594,207.30553016870994,7.724572917156754,-4.5569248140494665,Features,Consecutive
1994-06-09,228.27122776454223,240.37376764018865,6.179847916298446,12.102539875646414,Features,Consecutive
1994-06-10,152.19009116029054,158.02924636499966,4.345248612595933,5.8391552047091295,Features,Consecutive
1994-06-11,93.29950098160646,91.56499641968641,4.234724999508939,-1.7345045619200476,Features,Consecutive
1994-06-12,79.26907582593483,72.63495526546062,5.632395832075042,-6.634120560474216,Features,Consecutive
1994-06-13,144.34116785566152,137.0426711373363,9.04054028011032,-7.298496718325225,Features,Consecutive
1994-06-14,215.9942100217374,210.5480385736389,11.221630559364966,-5.446171448098482,Features,Consecutive
1994-06-15,193.73870854255068,183.89017819765786,10.618949312302789,-9.848530344892822,Features,Consecutive
1994-06-16,175.6072835279425,164.0446219127229,10.079359025094242,-11.56266161521961,Features,Consecutive
1994-06-18,78.38505944500915,73.74600305423714,4.230090972325874,-4.639056390772012,Features,Consecutive
1994-06-19,93.13913508422601,93.40979156680537,3.9546159749229757,0.27065648257935493,Features,Consecutive
1994-06-20,73.36107996297488,76.35415214966677,2.9828840296094588,2.99307218669189,Features,Consecutive
1994-06-21,88.29974064930605,91.31027642684687,3.5148368029751658,3.0105357775408237,Features,Consecutive
1995-06-01,134.7643687751555,145.94921902804924,2.5143562479772523,11.184850252893739,Features,Consecutive
1995-06-03,118.84734831149242,121.13285977193529,4.527987495499348,2.285511460442862,Features,Consecutive
1995-06-04,120.43155249473139,119.52498325069608,6.092278478418785,-0.9065692440353104,Features,Consecutive
1995-06-05,127.29163075147159,125.37474739404185,5.193716667054434,-1.9168833574297395,Features,Consecutive
1995-06-06,91.21895950457647,85.35108222576592,5.278988891115598,-5.867877278810553,Features,Consecutive
1995-06-07,92.85129123403391,91.6797945235824,5.993875001764136,-1.1714967104515068,Features,Consecutive
1995-06-08,183.74723208000745,178.30176506953626,7.600964595791372,-5.445467010471191,Features,Consecutive
1995-06-09,225.7540759203418,222.157687042377,8.525689578304691,-3.5963888779647846,Features,Consecutive
1995-06-10,244.13686066783856,261.30858679698576,5.534529169400525,17.171726129147203,Features,Consecutive
1995-06-11,233.60662278775027,252.6456569111465,5.1330437507894295,19.03903412339622,Features,Consecutive
1995-06-12,145.00272866852367,157.17592116477044,2.887049996904616,12.17319249624677,Features,Consecutive
1995-06-13,83.53379016833188,77.30296615533037,5.0027138924432935,-6.230824013001509,Features,Consecutive
1995-06-14,116.05640724136643,108.27203471769589,7.6838513831297695,-7.784372523670541,Features,Consecutive
1995-06-15,109.5475916631379,101.02034710662228,7.441861104634096,-8.527244556515612,Features,Consecutive
1995-06-16,84.46248378042296,76.14522524191521,6.30829584035608,-8.317258538507744,Features,Consecutive
1995-06-17,82.95203672925433,76.27283033821705,5.236539591020996,-6.679206391037283,Features,Consecutive
1995-06-18,82.43407160371154,74.89321692179045,5.452481246656853,-7.54085468192109,Features,Consecutive
1995-06-19,71.6600424177071,67.74983121415481,4.949165974226256,-3.9102112035522936,Features,Consecutive
1995-06-20,73.30668883909419,68.89870646950702,4.955419446859101,-4.407982369587174,Features,Consecutive
1995-06-21,80.02184207387432,75.94298822681738,4.214841666445142,-4.078853847056948,Features,Consecutive
1996-06-01,186.72649168551158,194.05683040428067,5.282075695714194,7.330338718769099,Features,Consecutive
1996-06-02,136.40865568971975,148.5008570682133,3.086253468423252,12.092201378493542,Features,Consecutive
1996-06-03,157.7783100380443,165.6674212165275,3.620672910867466,7.8891111784831764,Features,Consecutive
1996-06-04,156.57695701726482,157.60907854681932,4.360381941331762,1.0321215295545016,Features,Consecutive
1996-06-05,124.89661886519923,122.43854884996684,6.655003473493791,-2.458070015232394,Features,Consecutive
1996-06-06,210.37498506395298,218.3445634763894,5.932974307880643,7.9695784124364195,Features,Consecutive
1996-06-07,273.0835410082055,292.69873034928696,6.330084731098702,19.615189341081475,Features,Consecutive
1996-06-08,260.9626883723821,278.3647882907042,5.953261108365329,17.402099918322108,Features,Consecutive
1996-06-09,174.07087632017846,189.29902010920705,3.5139666751027105,15.228143789028593,Features,Consecutive
1996-06-10,94.4129856743134,98.82677561589001,2.743564582760967,4.41378994157661,Features,Consecutive
1996-06-11,72.8464117822588,73.33689013857624,3.5628097224256123,0.4904783563174391,Features,Consecutive
1996-06-12,82.720554643134,81.98590112072837,3.54942777922583,-0.7346535224056225,Features,Consecutive
1996-06-13,83.05799527153584,82.4628157958691,3.722746526698273,-0.5951794756667397,Features,Consecutive
1996-06-14,87.31911979565476,89.15753881506585,3.4357784678952523,1.8384190194110914,Features,Consecutive
1996-06-15,87.84804345109407,88.1345089715743,3.7331701396447143,0.28646552048023466,Features,Consecutive
1996-06-16,106.71288002908386,108.43403261739418,4.716563193976042,1.7211525883103178,Features,Consecutive
1996-06-17,201.77753538632533,212.6301376707052,4.670782637202898,10.852602284379884,Features,Consecutive
1996-06-18,97.98440348048825,102.8318028880533,4.500180557287388,4.8473994075650495,Features,Consecutive
1996-06-19,152.1780379526515,150.6417812427124,6.187337504244515,-1.5362567099390958,Features,Consecutive
1996-06-20,135.27681914702237,125.13225361732678,7.0932624987429875,-10.144565529695583,Features,Consecutive
1996-06-21,106.6655361331554,100.76896689720145,7.453672219316149,-5.896569235953947,Features,Consecutive
1997-06-01,128.99928185981906,138.25830912843014,2.4127881934348894,9.259027268611078,Features,Consecutive
1997-06-02,133.51045167548097,140.95648779620495,2.7823548624085017,7.4460361207239885,Features,Consecutive
1997-06-03,129.3495963448908,138.4804483852542,2.486463890845573,9.13085204036338,Features,Consecutive
1997-06-04,154.3628254035769,155.42131354115304,4.431804164540439,1.0584881375761483,Features,Consecutive
1997-06-06,103.53930714793515,107.47315665070083,2.90628888516997,3.933849502765682,Features,Consecutive
1997-06-07,103.1595608445042,108.68194637166756,2.990490970191441,5.522385527163365,Features,Consecutive
1997-06-08,115.55895682393194,115.57161844582875,3.8768958285658037,0.01266162189681097,Features,Consecutive
1997-06-09,166.73185984694095,171.3811678189776,4.815953471677166,4.649307972036638,Features,Consecutive
1997-06-10,157.3881835741588,166.15232621497324,4.223629167096487,8.764142640814441,Features,Consecutive
1997-06-11,85.89453724530608,88.68120070082632,3.508502080684747,2.786663455520241,Features,Consecutive
1997-06-12,99.07421862092073,94.74703650970828,5.865596528765231,-4.327182111212451,Features,Consecutive
1997-06-13,198.30096957134867,210.8792653498242,5.050572223795784,12.578295778475535,Features,Consecutive
1997-06-14,148.31708065854662,158.5919190959791,3.274218051611545,10.274838437432493,Features,Consecutive
1997-06-15,81.7932851368582,79.81632571865087,5.067351388931294,-1.9769594182073291,Features,Consecutive
1997-06-16,180.57569987044457,190.63305149289948,4.77288749869914,10.057351622454917,Features,Consecutive
1997-06-17,171.34577453768526,183.38120872164563,4.069376390116911,12.035434183960376,Features,Consecutive
1997-06-18,102.8979868838137,108.3526965303004,4.68486597415888,5.454709646486705,Features,Consecutive
1997-06-19,98.34651814169686,92.69143493400746,6.951718064645941,-5.655083207689401,Features,Consecutive
1997-06-20,145.16696681899305,140.35015647556946,9.096412930980756,-4.816810343423583,Features,Consecutive
2021-06-01,157.0157666180151,170.18733487374283,3.3491250004205444,13.17156825572772,Features,Consecutive
2021-06-02,102.63827499795295,111.31406265474781,1.807226386126259,8.675787656794867,Features,Consecutive
2021-06-03,79.62560055073536,85.40614932948124,2.003666667857517,5.780548778745882,Features,Consecutive
2021-06-04,70.30318330775171,69.5112990590596,4.409765276437003,-0.7918842486921136,Features,Consecutive
2021-06-05,70.22230828415113,64.92678182537519,4.523813891162468,-5.295526458775939,Features,Consecutive
2021-06-06,74.08956072730965,67.58249541406606,4.6613555548919425,-6.5070653132435865,Features,Consecutive
2021-06-07,90.52592056974845,86.1041590243995,4.063436783709062,-4.421761545348957,Features,Consecutive
2021-06-08,91.02376273802443,89.34637667253888,3.7844756981564927,-1.6773860654855497,Features,Consecutive
2021-06-09,91.40542741171845,86.70225654878966,4.339934026532714,-4.703170862928786,Features,Consecutive
2021-06-10,67.10872093718942,64.25437874998393,3.8649319481518565,-2.8543421872054893,Features,Consecutive
2021-06-11,73.43420033510665,65.43512466031858,5.4506597157981655,-7.999075674788074,Features,Consecutive
2021-06-12,176.73348541341267,186.94663051912232,4.681131247876,10.213145105709657,Features,Consecutive
2021-06-13,126.68051050496882,131.0687007946368,3.490947223475417,4.388190289667989,Features,Consecutive
2021-06-14,95.52603867295792,101.09205895281478,2.466404859641464,5.566020279856858,Features,Consecutive
2021-06-15,78.40347019008524,83.38656567586504,2.2371562502641225,4.983095485779799,Features,Consecutive
2021-06-16,69.56485307978213,72.48858499283686,3.4393305626801283,2.9237319130547377,Features,Consecutive
2021-06-17,85.86551585413167,88.47360830998356,4.953461111875034,2.6080924558518888,Features,Consecutive
2021-06-18,102.06275240497024,100.97942342681928,6.625585420429699,-1.0833289781509592,Features,Consecutive
2021-06-19,86.20664714418828,82.43050512441438,6.02727847165531,-3.7761420197739,Features,Consecutive
2021-06-20,122.19580796381061,122.21128955518653,7.4546145937509145,0.015481591375916537,Features,Consecutive
2021-06-21,230.4922995299964,243.3602455363909,6.159730549223932,12.867946006394504,Features,Consecutive
2022-06-01,186.3303428317867,199.0826188353862,4.657177778690439,12.75227600359949,Features,Consecutive
2022-06-02,168.43086561380812,182.17376688647153,3.5127222207478366,13.742901272663403,Features,Consecutive
2022-06-03,91.5912455861984,94.83529523919547,2.8335013929256463,3.2440496529970773,Features,Consecutive
2022-06-04,74.8880375499221,74.7384143430166,4.057101384374431,-0.14962320690550257,Features,Consecutive
2022-06-05,98.4189387139509,94.80726403078144,5.0700208351430005,-3.611674683169454,Features,Consecutive
2022-06-06,115.05086019426867,121.0624208302823,3.0312236122889096,6.011560636013641,Features,Consecutive
2022-06-07,117.10346798704003,122.92316610946399,3.7555159687168116,5.819698122423958,Features,Consecutive
2022-06-08,163.79355394571837,170.43517934079836,4.339998608310185,6.641625395079984,Features,Consecutive
2022-06-09,94.17669502282388,98.77133232801667,2.8985708320099586,4.594637305192791,Features,Consecutive
2022-06-10,103.82220155760044,104.33553281858396,4.093534725045573,0.5133312609835201,Features,Consecutive
2022-06-11,70.85388096493702,67.77311407608038,4.293102779322187,-3.080766888856644,Features,Consecutive
2022-06-12,96.2700688354708,95.45548787792289,6.22139999924435,-0.8145809575479035,Features,Consecutive
2022-06-13,150.4077102348296,148.0477258526194,8.708739586008909,-2.3599843822102002,Features,Consecutive
2022-06-14,157.6691777707568,152.5286832944065,9.54578681455717,-5.140494476350284,Features,Consecutive
2022-06-15,140.18184761239377,136.229332238499,8.665968053208456,-3.952515373894755,Features,Consecutive
2022-06-16,80.48691469731259,76.92473734111009,5.826397219465843,-3.562177356202497,Features,Consecutive
2022-06-17,71.08608751670496,67.35188804586879,4.622611115997035,-3.734199470836174,Features,Consecutive
2022-06-18,69.49097415398106,65.67348192111861,4.148799305616142,-3.817492232862449,Features,Consecutive
2022-06-19,80.51594705451109,71.88441986237031,5.570963887870295,-8.63152719214078,Features,Consecutive
2022-06-20,90.02035935286708,81.72918087660996,6.7577090251776895,-8.291178476257116,Features,Consecutive
2022-06-21,96.29747906482393,94.30398010319017,6.354403469959897,-1.9934989616337617,Features,Consecutive
2023-06-01,112.47130456694592,113.87522763252484,3.833254163535051,1.4039230655789225,Features,Consecutive
2023-06-02,142.38955328718362,146.804577753635,4.002388197307149,4.415024466451371,Features,Consecutive
2023-06-03,121.65883855044405,133.01598971208028,2.437448612362556,11.357151161636239,Features,Consecutive
2023-06-04,105.08302670990551,112.94058919442251,2.25904305498164,7.857562484517004,Features,Consecutive
2023-06-05,155.5626399457434,169.31707556536827,2.9989062510223823,13.754435619624871,Features,Consecutive
2023-06-06,128.86881566015524,140.09144045336086,2.1444458340831476,11.222624793205625,Features,Consecutive
2023-06-07,111.56670377130646,121.48235840171121,2.1047215258269327,9.915654630404745,Features,Consecutive
2023-06-08,103.84098480693169,113.76988514909742,2.1108763899605676,9.928900342165733,Features,Consecutive
2023-06-09,106.13283412326433,114.23575495644378,2.471367359606339,8.102920833179454,Features,Consecutive
2023-06-10,158.4825636909564,166.94849407812927,4.330319443882507,8.465930387172875,Features,Consecutive
2023-06-11,206.4009069524074,220.84150097770242,4.7481125022801915,14.440594025295013,Features,Consecutive
2023-06-12,134.12339599300645,142.60074179691418,2.9617944444620243,8.477345803907724,Features,Consecutive
2023-06-13,98.62901446091246,105.59036608891371,2.344245833120979,6.961351628001253,Features,Consecutive
2023-06-14,130.74628897305377,142.86614480812824,2.4997402775550897,12.119855835074475,Features,Consecutive
2023-06-15,100.06295255871976,101.16875661852505,3.214396525518465,1.105804059805294,Features,Consecutive
2023-06-16,168.0937253693337,181.16420183185767,3.3779381958353802,13.07047646252397,Features,Consecutive
2023-06-17,126.14690268781231,132.92031367553676,3.775758336427506,6.773410987724446,Features,Consecutive
2023-06-18,181.35285652140743,195.17026803089544,4.132284720821503,13.81741150948801,Features,Consecutive
2023-06-19,96.2941363450154,92.60815500437035,4.086977080007366,-3.685981340645057,Features,Consecutive
2023-06-20,118.72833739012785,112.18929005752885,5.487624301844153,-6.539047332598997,Features,Consecutive
2023-06-21,130.09325172444687,128.25872595403234,4.694576390832667,-1.8345257704145297,Features,Consecutive
2024-06-01,83.65882245039447,88.47283532029276,2.3474805544162867,4.814012869898292,Features,Consecutive
2024-06-02,111.56835411702448,110.40104117055678,5.605214579113664,-1.1673129464677032,Features,Consecutive
2024-06-03,114.75848159974228,113.10952564830266,4.488899311154267,-1.6489559514396177,Features,Consecutive
2024-06-04,74.34203949437219,69.36116276039705,4.674506946239203,-4.980876733975137,Features,Consecutive
2024-06-05,144.8664996198218,157.89966763657947,3.3037958355568753,13.033168016757656,Features,Consecutive
2024-06-06,126.49589974304882,127.46571105082596,3.8762368051419225,0.9698113077771353,Features,Consecutive
2024-06-07,108.67649858167627,104.74483287204355,5.432547218600944,-3.9316657096327248,Features,Consecutive
2024-06-08,133.1789317406412,135.24270392651147,5.712251392322481,2.0637721858702776,Features,Consecutive
2024-06-09,211.7567249288153,222.4105583729131,5.775027085095644,10.653833444097813,Features,Consecutive
2024-06-10,130.64571270649145,137.11497787898674,3.751475003278921,6.469265172495284,Features,Consecutive
2024-06-11,77.93582222164724,79.98066523322915,3.089593054799159,2.0448430115819036,Features,Consecutive
2024-06-12,73.56096207873728,74.2326561666966,4.593762501039422,0.6716940879593238,Features,Consecutive
2024-06-13,87.88278875949788,88.08824022920929,5.78481666422965,0.20545146971140582,Features,Consecutive
2024-06-14,148.24815517358564,158.4541683929553,3.5187812489046677,10.206013219369652,Features,Consecutive
2024-06-15,81.06150665574924,75.8439860929022,5.764486805432356,-5.217520562847042,Features,Consecutive
2024-06-16,108.18200552207895,102.10363728769833,7.584623617596087,-6.078368234380619,Features,Consecutive
2024-06-17,127.86770705917746,118.0021810855596,8.336614590883233,-9.865525973617864,Features,Consecutive
2024-06-18,197.0349197546837,189.5833727951171,10.823701388637232,-7.451546959566599,Features,Consecutive
2024-06-19,138.8257704158096,144.6096138271671,4.860870827134308,5.783843411357509,Features,Consecutive
2024-06-20,68.08238994215046,65.3863286013124,3.723666670007854,-2.6960613408380567,Features,Consecutive
2024-06-21,79.67192828718515,76.38002682224253,5.732011802328938,-3.291901464942626,Features,Consecutive
2025-06-01,115.50581979191278,124.36000823064948,2.26530347196872,8.8541884387367,Features,Consecutive
2025-06-02,81.55941168946634,73.87345105099583,5.1028013854391245,-7.685960638470519,Features,Consecutive
2025-06-03,163.4286431096907,160.42952841044843,7.202834032020636,-2.999114699242284,Features,Consecutive
2025-06-04,222.0153883244385,237.77690967283576,4.995509026861829,15.761521348397252,Features,Consecutive
2025-06-05,105.30043685549319,108.82798440380326,3.1694375003920916,3.527547548310068,Features,Consecutive
2025-06-06,144.32367315905782,152.73074367147973,3.3348520863510203,8.40707051242191,Features,Consecutive
2025-06-07,208.09727420530885,219.34984592679643,5.450881947587349,11.252571721487584,Features,Consecutive
2025-06-08,131.55289648661176,138.2689596100334,3.616931249256912,6.716063123421634,Features,Consecutive
2025-06-09,176.2260720461653,191.1953094347723,3.4126513899051774,14.969237388606984,Features,Consecutive
2025-06-10,103.46848123177674,112.58802399008816,2.5790131939031884,9.119542758311425,Features,Consecutive
2025-06-11,83.60807241377628,81.82098592238945,3.8555875006209512,-1.7870864913868303,Features,Consecutive
2025-06-12,84.63693273892827,81.3747238586162,3.8526513850963244,-3.262208880312059,Features,Consecutive
2025-06-13,89.77380296174488,91.67580085696595,3.019093054884845,1.901997895221072,Features,Consecutive
2025-06-14,142.41060261671345,142.5809265001376,5.164375689812005,0.17032388342414606,Features,Consecutive
2025-06-15,115.7783459814342,116.41960188599064,3.7120569424800727,0.641255904556445,Features,Consecutive
2025-06-16,80.04892479909316,86.95109365078066,2.3108708321658553,6.902168851687506,Features,Consecutive
2025-06-17,138.70232296263038,133.62480133961014,6.598208329081535,-5.077521623020232,Features,Consecutive
2025-06-18,161.48015434345535,169.1415638585853,5.390223613536613,7.661409515129947,Features,Consecutive
2025-06-19,101.28429358335103,104.46583512139306,3.608843054772447,3.181541538042026,Features,Consecutive
2025-06-20,115.86867303845204,116.01199822277174,7.009686111576045,0.14332518431969277,Features,Consecutive
2025-06-21,197.13739033797725,193.95592034819623,10.43589513533643,-3.1814699897810215,Features,Consecutive
1994-06-01,76.55499057214035,77.70402032041622,5.174079168008431,1.149029748275865,Embedded,Independent
1994-06-02,73.30442385689841,68.84114093435767,4.3926958333287,-4.463282922540742,Embedded,Independent
1994-06-03,161.29285528134085,162.9866916579963,4.233190276080536,1.6938363766554403,Embedded,Independent
1994-06-04,97.2534220766374,101.34374891782105,4.186313886216121,4.090326841183639,Embedded,Independent
1994-06-05,107.39031785227453,113.52212002194523,7.241473616328524,6.131802169670692,Embedded,Independent
1994-06-06,159.41064195902368,162.42735601875154,5.11680693630542,3.0167140597278603,Embedded,Independent
1994-06-07,114.27924689418816,122.32812972618532,6.672671530685498,8.048882831997162,Embedded,Independent
1994-06-08,211.8624549827594,217.1708952462816,7.724572917156754,5.308440263522186,Embedded,Independent
1994-06-09,228.27122776454223,236.18736957106466,6.179847916298446,7.9161418065224325,Embedded,Independent
1994-06-10,152.19009116029054,158.79627541538218,4.345248612595933,6.606184255091648,Embedded,Independent
1994-06-11,93.29950098160646,99.09214413123956,4.234724999508939,5.792643149633108,Embedded,Independent
1994-06-12,79.26907582593483,81.75307160728582,5.632395832075042,2.483995781350984,Embedded,Independent
1994-06-13,144.34116785566152,150.99475924416652,9.04054028011032,6.653591388504992,Embedded,Independent
1994-06-14,215.9942100217374,224.6006600071724,11.221630559364966,8.606449985435006,Embedded,Independent
1994-06-15,193.73870854255068,202.8889250526629,10.618949312302789,9.150216510112216,Embedded,Independent
1994-06-16,175.6072835279425,184.13797790032697,10.079359025094242,8.53069437238446,Embedded,Independent
1994-06-18,78.38505944500915,77.87100822611367,4.230090972325874,-0.5140512188954744,Embedded,Independent
1994-06-19,93.13913508422601,94.89633864328798,3.9546159749229757,1.7572035590619635,Embedded,Independent
1994-06-20,73.36107996297488,70.04248163922216,2.9828840296094588,-3.318598323752724,Embedded,Independent
1994-06-21,88.29974064930605,83.07377213572161,3.5148368029751658,-5.225968513584434,Embedded,Independent
1995-06-01,134.7643687751555,131.4109980853945,2.5143562479772523,-3.353370689760993,Embedded,Independent
1995-06-03,118.84734831149242,120.81677943177698,4.527987495499348,1.969431120284554,Embedded,Independent
1995-06-04,120.43155249473139,117.41933555632286,6.092278478418785,-3.0122169384085282,Embedded,Independent
1995-06-05,127.29163075147159,124.10013237975801,5.193716667054434,-3.1914983717135783,Embedded,Independent
1995-06-06,91.21895950457647,95.12009513269561,5.278988891115598,3.9011356281191354,Embedded,Independent
1995-06-07,92.85129123403391,90.28414374276781,5.993875001764136,-2.5671474912660983,Embedded,Independent
1995-06-08,183.74723208000745,188.28921245194203,7.600964595791372,4.541980371934585,Embedded,Independent
1995-06-09,225.7540759203418,234.70674225447675,8.525689578304691,8.95266633413496,Embedded,Independent
1995-06-10,244.13686066783856,248.32255049537662,5.534529169400525,4.185689827538056,Embedded,Independent
1995-06-11,233.60662278775027,234.8409076871547,5.1330437507894295,1.2342848994044289,Embedded,Independent
1995-06-12,145.00272866852367,143.8584201063499,2.887049996904616,-1.1443085621737623,Embedded,Independent
1995-06-13,83.53379016833188,88.05997802210982,5.0027138924432935,4.526187853777941,Embedded,Independent
1995-06-14,116.05640724136643,120.91724279463546,7.6838513831297695,4.860835553269027,Embedded,Independent
1995-06-15,109.5475916631379,115.98739237277547,7.441861104634096,6.439800709637581,Embedded,Independent
1995-06-16,84.46248378042296,86.19572002943602,6.30829584035608,1.7332362490130606,Embedded,Independent
1995-06-17,82.95203672925433,85.48891013249727,5.236539591020996,2.536873403242936,Embedded,Independent
1995-06-18,82.43407160371154,85.69369965322332,5.452481246656853,3.2596280495117753,Embedded,Independent
1995-06-19,71.6600424177071,71.89582588926993,4.949165974226256,0.23578347156282575,Embedded,Independent
1995-06-20,73.30668883909419,72.70569753793762,4.955419446859101,-0.6009913011565686,Embedded,Independent
1995-06-21,80.02184207387432,80.61548310393573,4.214841666445142,0.5936410300614057,Embedded,Independent
1996-06-01,186.72649168551158,186.1913372877642,5.282075695714194,-0.5351543977473625,Embedded,Independent
1996-06-02,136.40865568971975,128.09332816159665,3.086253468423252,-8.315327528123106,Embedded,Independent
1996-06-03,157.7783100380443,161.19832727497402,3.620672910867466,3.4200172369297093,Embedded,Independent
1996-06-04,156.57695701726482,164.04420510608247,4.360381941331762,7.467248088817655,Embedded,Independent
1996-06-05,124.89661886519923,127.23772972713374,6.655003473493791,2.34111086193451,Embedded,Independent
1996-06-06,210.37498506395298,205.1246151727679,5.932974307880643,-5.250369891185073,Embedded,Independent
1996-06-07,273.0835410082055,270.3755373336741,6.330084731098702,-2.708003674531369,Embedded,Independent
1996-06-08,260.9626883723821,264.0760825351817,5.953261108365329,3.1133941627995796,Embedded,Independent
1996-06-09,174.07087632017846,172.60525579566763,3.5139666751027105,-1.4656205245108254,Embedded,Independent
1996-06-10,94.4129856743134,93.08223299063633,2.743564582760967,-1.3307526836770762,Embedded,Independent
1996-06-11,72.8464117822588,73.07863575358118,3.5628097224256123,0.2322239713223837,Embedded,Independent
1996-06-12,82.720554643134,76.57948653936768,3.54942777922583,-6.141068103766315,Embedded,Independent
1996-06-13,83.05799527153584,79.48816407626248,3.722746526698273,-3.569831195273366,Embedded,Independent
1996-06-14,87.31911979565476,85.91857570345422,3.4357784678952523,-1.4005440922005334,Embedded,Independent
1996-06-15,87.84804345109407,83.26717209517827,3.7331701396447143,-4.580871355915804,Embedded,Independent
1996-06-16,106.71288002908386,100.96743071331437,4.716563193976042,-5.745449315769491,Embedded,Independent
1996-06-17,201.77753538632533,197.50748830039248,4.670782637202898,-4.270047085932845,Embedded,Independent
1996-06-18,97.98440348048825,92.95042643741888,4.500180557287388,-5.03397704306937,Embedded,Independent
1996-06-19,152.1780379526515,155.02471926879383,6.187337504244515,2.8466813161423374,Embedded,Independent
1996-06-20,135.27681914702237,144.259399876038,7.0932624987429875,8.982580729015638,Embedded,Independent
1996-06-21,106.6655361331554,109.15979130866572,7.453672219316149,2.494255175510318,Embedded,Independent
1997-06-01,128.99928185981906,129.6647115000654,2.4127881934348894,0.6654296402463444,Embedded,Independent
1997-06-02,133.51045167548097,134.9683094266316,2.7823548624085017,1.457857751150641,Embedded,Independent
1997-06-03,129.3495963448908,130.6779650826589,2.486463890845573,1.3283687377680735,Embedded,Independent
1997-06-04,154.3628254035769,157.53885992176498,4.431804164540439,3.1760345181880894,Embedded,Independent
1997-06-06,103.53930714793515,102.5796618275669,2.90628888516997,-0.9596453203682529,Embedded,Independent
1997-06-07,103.1595608445042,100.30664616770358,2.990490970191441,-2.852914676800623,Embedded,Independent
1997-06-08,115.55895682393194,117.10590760379762,3.8768958285658037,1.546950779865682,Embedded,Independent
1997-06-09,166.73185984694095,174.2936506260669,4.815953471677166,7.561790779125943,Embedded,Independent
1997-06-10,157.3881835741588,165.49654459231806,4.223629167096487,8.108361018159258,Embedded,Independent
1997-06-11,85.89453724530608,83.91474756922298,3.508502080684747,-1.9797896760831009,Embedded,Independent
1997-06-12,99.07421862092073,102.27995904472249,5.865596528765231,3.205740423801757,Embedded,Independent
1997-06-13,198.30096957134867,192.66266485105365,5.050572223795784,-5.638304720295025,Embedded,Independent
1997-06-14,148.31708065854662,154.96390405137458,3.274218051611545,6.646823392827969,Embedded,Independent
1997-06-15,81.7932851368582,81.86063828748655,5.067351388931294,0.06735315062834957,Embedded,Independent
1997-06-16,180.57569987044457,181.57076107149635,4.77288749869914,0.995061201051783,Embedded,Independent
1997-06-17,171.34577453768526,170.29673251692145,4.069376390116911,-1.0490420207638067,Embedded,Independent
1997-06-18,102.8979868838137,94.3230587554902,4.68486597415888,-8.574928128323506,Embedded,Independent
1997-06-19,98.34651814169686,99.57333213360113,6.951718064645941,1.2268139919042653,Embedded,Independent
1997-06-20,145.16696681899305,149.8554602346852,9.096412930980756,4.6884934156921645,Embedded,Independent
2021-06-01,157.0157666180151,159.99558529009244,3.3491250004205444,2.9798186720773288,Embedded,Independent
2021-06-02,102.63827499795295,100.46621779612732,1.807226386126259,-2.1720572018256235,Embedded,Independent
2021-06-03,79.62560055073536,74.89965296374501,2.003666667857517,-4.725947586990344,Embedded,Independent
2021-06-04,70.30318330775171,66.6370722672203,4.409765276437003,-3.666111040531405,Embedded,Independent
2021-06-05,70.22230828415113,69.51197412722993,4.523813891162468,-0.7103341569211921,Embedded,Independent
2021-06-06,74.08956072730965,76.57817435201,4.6613555548919425,2.488613624700349,Embedded,Independent
2021-06-07,90.52592056974845,93.57728955908894,4.063436783709062,3.0513689893404887,Embedded,Independent
2021-06-08,91.02376273802443,93.86425833023614,3.7844756981564927,2.8404955922117097,Embedded,Independent
2021-06-09,91.40542741171845,95.23619069666935,4.339934026532714,3.830763284950905,Embedded,Independent
2021-06-10,67.10872093718942,66.43524037641899,3.8649319481518565,-0.6734805607704288,Embedded,Independent
2021-06-11,73.43420033510665,73.5409620869147,5.4506597157981655,0.10676175180805103,Embedded,Independent
2021-06-12,176.73348541341267,177.05925049769883,4.681131247876,0.3257650842861608,Embedded,Independent
2021-06-13,126.68051050496882,133.34016092797356,3.490947223475417,6.659650423004734,Embedded,Independent
2021-06-14,95.52603867295792,97.02267029195178,2.466404859641464,1.4966316189938595,Embedded,Independent
2021-06-15,78.40347019008524,73.71582631322255,2.2371562502641225,-4.687643876862694,Embedded,Independent
2021-06-16,69.56485307978213,63.809782651609,3.4393305626801283,-5.755070428173127,Embedded,Independent
2021-06-17,85.86551585413167,80.065056353236,4.953461111875034,-5.80045950089567,Embedded,Independent
2021-06-18,102.06275240497024,100.75158856976091,6.625585420429699,-1.311163835209328,Embedded,Independent
2021-06-19,86.20664714418828,83.74859123316577,6.02727847165531,-2.4580559110225124,Embedded,Independent
2021-06-20,122.19580796381061,120.15025608492539,7.4546145937509145,-2.0455518788852203,Embedded,Independent
2021-06-21,230.4922995299964,232.43399276314926,6.159730549223932,1.9416932331528756,Embedded,Independent
2022-06-01,186.3303428317867,187.3199316464174,4.657177778690439,0.9895888146306788,Embedded,Independent
2022-06-02,168.43086561380812,174.58971758856813,3.5127222207478366,6.158851974760012,Embedded,Independent
2022-06-03,91.5912455861984,95.73641036522778,2.8335013929256463,4.145164779029386,Embedded,Independent
2022-06-04,74.8880375499221,73.24307353810502,4.057101384374431,-1.6449640118170805,Embedded,Independent
2022-06-05,98.4189387139509,101.60837955327128,5.0700208351430005,3.1894408393203832,Embedded,Independent
2022-06-06,115.05086019426867,112.79661151895294,3.0312236122889096,-2.254248675315722,Embedded,Independent
2022-06-07,117.10346798704003,119.96314182076532,3.7555159687168116,2.8596738337252816,Embedded,Independent
2022-06-08,163.79355394571837,166.1119369073781,4.339998608310185,2.3183829616597222,Embedded,Independent
2022-06-09,94.17669502282388,98.12034141228872,2.8985708320099586,3.9436463894648455,Embedded,Independent
2022-06-10,103.82220155760044,101.78388041072967,4.093534725045573,-2.0383211468707714,Embedded,Independent
2022-06-11,70.85388096493702,73.12412592013689,4.293102779322187,2.270244955199871,Embedded,Independent
2022-06-12,96.2700688354708,95.04641013888485,6.22139999924435,-1.223658696585943,Embedded,Independent
2022-06-13,150.4077102348296,151.6999497074014,8.708739586008909,1.2922394725717936,Embedded,Independent
2022-06-14,157.6691777707568,163.3042417184928,9.54578681455717,5.6350639477360005,Embedded,Independent
2022-06-15,140.18184761239377,142.30583009732362,8.665968053208456,2.1239824849298543,Embedded,Independent
2022-06-16,80.48691469731259,77.20949766142445,5.826397219465843,-3.277417035888135,Embedded,Independent
2022-06-17,71.08608751670496,68.04548264734936,4.622611115997035,-3.0406048693556045,Embedded,Independent
2022-06-18,69.49097415398106,68.91830000902306,4.148799305616142,-0.5726741449580004,Embedded,Independent
2022-06-19,80.51594705451109,83.74700295055507,5.570963887870295,3.2310558960439835,Embedded,Independent
2022-06-20,90.02035935286708,92.59103645644481,6.7577090251776895,2.5706771035777365,Embedded,Independent
2022-06-21,96.29747906482393,93.12814374613791,6.354403469959897,-3.1693353186860236,Embedded,Independent
2023-06-01,112.47130456694592,108.29044862857174,3.833254163535051,-4.1808559383741795,Embedded,Independent
2023-06-02,142.38955328718362,145.6218166547493,4.002388197307149,3.232263367565679,Embedded,Independent
2023-06-03,121.65883855044405,120.62988246474308,2.437448612362556,-1.028956085700969,Embedded,Independent
2023-06-04,105.08302670990551,105.6045013460344,2.25904305498164,0.521474636128886,Embedded,Independent
2023-06-05,155.5626399457434,158.21992460316108,2.9989062510223823,2.6572846574176765,Embedded,Independent
2023-06-06,128.86881566015524,129.63973749416354,2.1444458340831476,0.7709218340083055,Embedded,Independent
2023-06-07,111.56670377130646,110.48115950124665,2.1047215258269327,-1.0855442700598132,Embedded,Independent
2023-06-08,103.84098480693169,99.64656863764881,2.1108763899605676,-4.194416169282874,Embedded,Independent
2023-06-09,106.13283412326433,103.29988978421517,2.471367359606339,-2.8329443390491633,Embedded,Independent
2023-06-10,158.4825636909564,153.19813781349467,4.330319443882507,-5.284425877461729,Embedded,Independent
2023-06-11,206.4009069524074,202.47707182661884,4.7481125022801915,-3.923835125788571,Embedded,Independent
2023-06-12,134.12339599300645,137.8362855392836,2.9617944444620243,3.712889546277154,Embedded,Independent
2023-06-13,98.62901446091246,96.28083753474499,2.344245833120979,-2.3481769261674685,Embedded,Independent
2023-06-14,130.74628897305377,128.48641909239964,2.4997402775550897,-2.259869880654122,Embedded,Independent
2023-06-15,100.06295255871976,105.16912373804644,3.214396525518465,5.1061711793266795,Embedded,Independent
2023-06-16,168.0937253693337,167.46129690676548,3.3779381958353802,-0.632428462568214,Embedded,Independent
2023-06-17,126.14690268781231,128.65961334401976,3.775758336427506,2.512710656207446,Embedded,Independent
2023-06-18,181.35285652140743,176.35627677760897,4.132284720821503,-4.996579743798463,Embedded,Independent
2023-06-19,96.2941363450154,100.21435234351091,4.086977080007366,3.9202159984955074,Embedded,Independent
2023-06-20,118.72833739012785,126.96211440457967,5.487624301844153,8.233777014451817,Embedded,Independent
2023-06-21,130.09325172444687,131.67089885437628,4.694576390832667,1.577647129929403,Embedded,Independent
2024-06-01,83.65882245039447,82.77000755319884,2.3474805544162867,-0.8888148971956298,Embedded,Independent
2024-06-02,111.56835411702448,109.26683165027805,5.605214579113664,-2.301522466746434,Embedded,Independent
2024-06-03,114.75848159974228,111.39470013744031,4.488899311154267,-3.363781462301972,Embedded,Independent
2024-06-04,74.34203949437219,75.4660304733828,4.674506946239203,1.123990979010614,Embedded,Independent
2024-06-05,144.8664996198218,145.40089974165733,3.3037958355568753,0.5344001218355174,Embedded,Independent
2024-06-06,126.49589974304882,125.86931728572424,3.8762368051419225,-0.626582457324588,Embedded,Independent
2024-06-07,108.67649858167627,116.12240575687912,5.432547218600944,7.445907175202848,Embedded,Independent
2024-06-08,133.1789317406412,125.52214204650102,5.712251392322481,-7.656789694140173,Embedded,Independent
2024-06-09,211.7567249288153,216.36687034523692,5.775027085095644,4.610145416421631,Embedded,Independent
2024-06-10,130.64571270649145,136.85467798552753,3.751475003278921,6.208965279036079,Embedded,Independent
2024-06-11,77.93582222164724,77.05553502460174,3.089593054799159,-0.8802871970455044,Embedded,Independent
2024-06-12,73.56096207873728,70.8048731867184,4.593762501039422,-2.75608889201888,Embedded,Independent
2024-06-13,87.88278875949788,85.531116259725,5.78481666422965,-2.3516724997728886,Embedded,Independent
2024-06-14,148.24815517358564,146.37693057390067,3.5187812489046677,-1.8712245996849788,Embedded,Independent
2024-06-15,81.06150665574924,83.16045450027374,5.764486805432356,2.0989478445245027,Embedded,Independent
2024-06-16,108.18200552207895,111.81629025099522,7.584623617596087,3.6342847289162705,Embedded,Independent
2024-06-17,127.86770705917746,135.10157402830583,8.336614590883233,7.233866969128371,Embedded,Independent
2024-06-18,197.0349197546837,205.57022643701993,10.823701388637232,8.535306682336227,Embedded,Independent
2024-06-19,138.8257704158096,132.6838826899421,4.860870827134308,-6.141887725867491,Embedded,Independent
2024-06-20,68.08238994215046,68.60644168698451,3.723666670007854,0.524051744834054,Embedded,Independent
2024-06-21,79.67192828718515,79.27986615589455,5.732011802328938,-0.39206213129060075,Embedded,Independent
2025-06-01,115.50581979191278,110.79503736367664,2.26530347196872,-4.7107824282361435,Embedded,Independent
2025-06-02,81.55941168946634,86.44319317504926,5.1028013854391245,4.883781485582915,Embedded,Independent
2025-06-03,163.4286431096907,164.54543229364072,7.202834032020636,1.1167891839500044,Embedded,Independent
2025-06-04,222.0153883244385,227.91206375250943,4.995509026861829,5.896675428070921,Embedded,Independent
2025-06-05,105.30043685549319,109.3413547873119,3.1694375003920916,4.040917931818711,Embedded,Independent
2025-06-06,144.32367315905782,142.00167740872723,3.3348520863510203,-2.3219957503305864,Embedded,Independent
2025-06-07,208.09727420530885,200.37867243693768,5.450881947587349,-7.7186017683711725,Embedded,Independent
2025-06-08,131.55289648661176,127.16076641488584,3.616931249256912,-4.392130071725916,Embedded,Independent
2025-06-09,176.2260720461653,172.19909902844694,3.4126513899051774,-4.026973017718376,Embedded,Independent
2025-06-10,103.46848123177674,99.33417768529486,2.5790131939031884,-4.134303546481874,Embedded,Independent
2025-06-11,83.60807241377628,81.91287186979008,3.8555875006209512,-1.6952005439862035,Embedded,Independent
2025-06-12,84.63693273892827,83.87896387013285,3.8526513850963244,-0.757968868795416,Embedded,Independent
2025-06-13,89.77380296174488,88.57499400722077,3.019093054884845,-1.198808954524111,Embedded,Independent
2025-06-14,142.41060261671345,144.2777208067842,5.164375689812005,1.8671181900707552,Embedded,Independent
2025-06-15,115.7783459814342,117.97960763352327,3.7120569424800727,2.201261652089073,Embedded,Independent
2025-06-16,80.04892479909316,78.14254770796873,2.3108708321658553,-1.9063770911244262,Embedded,Independent
2025-06-17,138.70232296263038,145.57299297382934,6.598208329081535,6.870670011198968,Embedded,Independent
2025-06-18,161.48015434345535,156.89403285063395,5.390223613536613,-4.586121492821405,Embedded,Independent
2025-06-19,101.28429358335103,102.9233170799761,3.608843054772447,1.6390234966250716,Embedded,Independent
2025-06-20,115.86867303845204,115.52309704116095,7.009686111576045,-0.34557599729109256,Embedded,Independent
2025-06-21,197.13739033797725,202.15837836293377,10.43589513533643,5.020988024956523,Embedded,Independent
1994-06-01,76.55499057214035,70.30189007024144,5.174079168008431,-6.253100501898913,Embedded,Consecutive
1994-06-02,73.30442385689841,67.6984861605929,4.3926958333287,-5.605937696305503,Embedded,Consecutive
1994-06-03,161.29285528134085,193.03137877345017,4.233190276080536,31.738523492109323,Embedded,Consecutive
1994-06-04,97.2534220766374,107.20081500945476,4.186313886216121,9.947392932817351,Embedded,Consecutive
1994-06-05,107.39031785227453,102.75703990182795,7.241473616328524,-4.633277950446583,Embedded,Consecutive
1994-06-06,159.41064195902368,178.32660184217764,5.11680693630542,18.91595988315396,Embedded,Consecutive
1994-06-07,114.27924689418816,120.81325293885224,6.672671530685498,6.534006044664082,Embedded,Consecutive
1994-06-08,211.8624549827594,238.26900900285284,7.724572917156754,26.406554020093438,Embedded,Consecutive
1994-06-09,228.27122776454223,272.6902762967027,6.179847916298446,44.419048532160446,Embedded,Consecutive
1994-06-10,152.19009116029054,182.19562933207226,4.345248612595933,30.005538171781723,Embedded,Consecutive
1994-06-11,93.29950098160646,105.74415334423564,4.234724999508939,12.444652362629185,Embedded,Consecutive
1994-06-12,79.26907582593483,75.6868312804455,5.632395832075042,-3.5822445454893312,Embedded,Consecutive
1994-06-13,144.34116785566152,132.49937375051974,9.04054028011032,-11.841794105141787,Embedded,Consecutive
1994-06-14,215.9942100217374,201.16944684788842,11.221630559364966,-14.824763173848964,Embedded,Consecutive
1994-06-15,193.73870854255068,184.6179823871634,10.618949312302789,-9.120726155387274,Embedded,Consecutive
1994-06-16,175.6072835279425,173.01385329132222,10.079359025094242,-2.593430236620293,Embedded,Consecutive
1994-06-18,78.38505944500915,84.98460533362523,4.230090972325874,6.599545888616078,Embedded,Consecutive
1994-06-19,93.13913508422601,109.63568232915144,3.9546159749229757,16.496547244925424,Embedded,Consecutive
1994-06-20,73.36107996297488,76.77200394462379,2.9828840296094588,3.4109239816489065,Embedded,Consecutive
1994-06-21,88.29974064930605,96.04236371485963,3.5148368029751658,7.7426230655535875,Embedded,Consecutive
1995-06-01,134.7643687751555,154.12325332023983,2.5143562479772523,19.358884545084322,Embedded,Consecutive
1995-06-03,118.84734831149242,135.50109274537863,4.527987495499348,16.653744433886203,Embedded,Consecutive
1995-06-04,120.43155249473139,111.68370439284787,6.092278478418785,-8.74784810188352,Embedded,Consecutive
1995-06-05,127.29163075147159,128.96634718848122,5.193716667054434,1.6747164370096357,Embedded,Consecutive
1995-06-06,91.21895950457647,94.67198975129533,5.278988891115598,3.4530302467188534,Embedded,Consecutive
1995-06-07,92.85129123403391,84.68975565099963,5.993875001764136,-8.16153558303428,Embedded,Consecutive
1995-06-08,183.74723208000745,201.1050532387527,7.600964595791372,17.357821158745253,Embedded,Consecutive
1995-06-09,225.7540759203418,241.70036539984187,8.525689578304691,15.94628947950008,Embedded,Consecutive
1995-06-10,244.13686066783856,285.0469015447913,5.534529169400525,40.910040876952735,Embedded,Consecutive
1995-06-11,233.60662278775027,271.02036246595776,5.1330437507894295,37.41373967820749,Embedded,Consecutive
1995-06-12,145.00272866852367,163.06115794171023,2.887049996904616,18.05842927318656,Embedded,Consecutive
1995-06-13,83.53379016833188,86.79794975008265,5.0027138924432935,3.264159581750775,Embedded,Consecutive
1995-06-14,116.05640724136643,109.44723915302346,7.6838513831297695,-6.609168088342969,Embedded,Consecutive
1995-06-15,109.5475916631379,104.73940544211753,7.441861104634096,-4.808186221020364,Embedded,Consecutive
1995-06-16,84.46248378042296,75.73455730021264,6.30829584035608,-8.727926480210314,Embedded,Consecutive
1995-06-17,82.95203672925433,85.30942335923713,5.236539591020996,2.3573866299827984,Embedded,Consecutive
1995-06-18,82.43407160371154,86.06259001845832,5.452481246656853,3.628518414746779,Embedded,Consecutive
1995-06-19,71.6600424177071,70.29096177181331,4.949165974226256,-1.3690806458937885,Embedded,Consecutive
1995-06-20,73.30668883909419,72.41882219884586,4.955419446859101,-0.8878666402483333,Embedded,Consecutive
1995-06-21,80.02184207387432,88.4227692157023,4.214841666445142,8.400927141827978,Embedded,Consecutive
1996-06-01,186.72649168551158,212.8510390739097,5.282075695714194,26.124547388398128,Embedded,Consecutive
1996-06-02,136.40865568971975,145.05132057502294,3.086253468423252,8.64266488530319,Embedded,Consecutive
1996-06-03,157.7783100380443,182.31001922063479,3.620672910867466,24.531709182590475,Embedded,Consecutive
1996-06-04,156.57695701726482,182.38972554135057,4.360381941331762,25.812768524085755,Embedded,Consecutive
1996-06-05,124.89661886519923,128.00121041165318,6.655003473493791,3.104591546453946,Embedded,Consecutive
1996-06-06,210.37498506395298,227.543372055002,5.932974307880643,17.168386991049033,Embedded,Consecutive
1996-06-07,273.0835410082055,302.45669014663764,6.330084731098702,29.373149138432154,Embedded,Consecutive
1996-06-08,260.9626883723821,299.6537912757182,5.953261108365329,38.691102903336116,Embedded,Consecutive
1996-06-09,174.07087632017846,197.34661920039918,3.5139666751027105,23.27574288022072,Embedded,Consecutive
1996-06-10,94.4129856743134,108.29836819106815,2.743564582760967,13.885382516754746,Embedded,Consecutive
1996-06-11,72.8464117822588,76.87868906996219,3.5628097224256123,4.032277287703394,Embedded,Consecutive
1996-06-12,82.720554643134,84.39319543585192,3.54942777922583,1.672640792717928,Embedded,Consecutive
1996-06-13,83.05799527153584,87.39592129748554,3.722746526698273,4.337926025949699,Embedded,Consecutive
1996-06-14,87.31911979565476,87.82629575183698,3.4357784678952523,0.5071759561822233,Embedded,Consecutive
1996-06-15,87.84804345109407,94.26960545414103,3.7331701396447143,6.421562003046958,Embedded,Consecutive
1996-06-16,106.71288002908386,100.29443789615702,4.716563193976042,-6.418442132926842,Embedded,Consecutive
1996-06-17,201.77753538632533,213.07184976411395,4.670782637202898,11.294314377788623,Embedded,Consecutive
1996-06-18,97.98440348048825,88.33777333596744,4.500180557287388,-9.646630144520813,Embedded,Consecutive
1996-06-19,152.1780379526515,154.40341007352868,6.187337504244515,2.225372120877182,Embedded,Consecutive
1996-06-20,135.27681914702237,148.50450137607982,7.0932624987429875,13.22768222905745,Embedded,Consecutive
1996-06-21,106.6655361331554,96.37757372481308,7.453672219316149,-10.287962408342324,Embedded,Consecutive
1997-06-01,128.99928185981906,153.2083393370923,2.4127881934348894,24.209057477273234,Embedded,Consecutive
1997-06-02,133.51045167548097,162.55479072574065,2.7823548624085017,29.04433905025968,Embedded,Consecutive
1997-06-03,129.3495963448908,154.8020226425901,2.486463890845573,25.452426297699276,Embedded,Consecutive
1997-06-04,154.3628254035769,177.250919067552,4.431804164540439,22.8880936639751,Embedded,Consecutive
1997-06-06,103.53930714793515,123.82264243180468,2.90628888516997,20.283335283869533,Embedded,Consecutive
1997-06-07,103.1595608445042,114.32968766424109,2.990490970191441,11.170126819736893,Embedded,Consecutive
1997-06-08,115.55895682393194,131.51321080716986,3.8768958285658037,15.954253983237919,Embedded,Consecutive
1997-06-09,166.73185984694095,203.61694647198004,4.815953471677166,36.885086625039094,Embedded,Consecutive
1997-06-10,157.3881835741588,197.20315111490322,4.223629167096487,39.81496754074442,Embedded,Consecutive
1997-06-11,85.89453724530608,91.42161024870798,3.508502080684747,5.527073003401895,Embedded,Consecutive
1997-06-12,99.07421862092073,103.17982937684921,5.865596528765231,4.105610755928481,Embedded,Consecutive
1997-06-13,198.30096957134867,219.71603143617523,5.050572223795784,21.415061864826555,Embedded,Consecutive
1997-06-14,148.31708065854662,176.54930643052558,3.274218051611545,28.23222577197896,Embedded,Consecutive
1997-06-15,81.7932851368582,77.62172936020521,5.067351388931294,-4.171555776652994,Embedded,Consecutive
1997-06-16,180.57569987044457,205.81128749903087,4.77288749869914,25.235587628586302,Embedded,Consecutive
1997-06-17,171.34577453768526,193.34720475661243,4.069376390116911,22.00143021892717,Embedded,Consecutive
1997-06-18,102.8979868838137,93.21153741312737,4.68486597415888,-9.686449470686327,Embedded,Consecutive
1997-06-19,98.34651814169686,83.14174402057496,6.951718064645941,-15.2047741211219,Embedded,Consecutive
1997-06-20,145.16696681899305,131.65670891261908,9.096412930980756,-13.510257906373965,Embedded,Consecutive
2021-06-01,157.0157666180151,193.93848507311407,3.3491250004205444,36.92271845509896,Embedded,Consecutive
2021-06-02,102.63827499795295,116.98668408831459,1.807226386126259,14.348409090361642,Embedded,Consecutive
2021-06-03,79.62560055073536,87.03310465987703,2.003666667857517,7.407504109141669,Embedded,Consecutive
2021-06-04,70.30318330775171,58.31370359690051,4.409765276437003,-11.9894797108512,Embedded,Consecutive
2021-06-05,70.22230828415113,64.65825236091167,4.523813891162468,-5.564055923239451,Embedded,Consecutive
2021-06-06,74.08956072730965,74.89769794028787,4.6613555548919425,0.8081372129782238,Embedded,Consecutive
2021-06-07,90.52592056974845,100.53213267789191,4.063436783709062,10.006212108143458,Embedded,Consecutive
2021-06-08,91.02376273802443,108.16568395820697,3.7844756981564927,17.14192122018254,Embedded,Consecutive
2021-06-09,91.40542741171845,104.36144747071278,4.339934026532714,12.956020058994326,Embedded,Consecutive
2021-06-10,67.10872093718942,70.13335689083236,3.8649319481518565,3.0246359536429424,Embedded,Consecutive
2021-06-11,73.43420033510665,66.13056718313747,5.4506597157981655,-7.30363315196918,Embedded,Consecutive
2021-06-12,176.73348541341267,204.74015588592403,4.681131247876,28.00667047251136,Embedded,Consecutive
2021-06-13,126.68051050496882,157.11966099496493,3.490947223475417,30.43915048999611,Embedded,Consecutive
2021-06-14,95.52603867295792,116.95072198040195,2.466404859641464,21.424683307444027,Embedded,Consecutive
2021-06-15,78.40347019008524,86.8457348934909,2.2371562502641225,8.442264703405655,Embedded,Consecutive
2021-06-16,69.56485307978213,65.907873379337,3.4393305626801283,-3.6569797004451203,Embedded,Consecutive
2021-06-17,85.86551585413167,71.31404332477827,4.953461111875034,-14.551472529353404,Embedded,Consecutive
2021-06-18,102.06275240497024,81.5072203841229,6.625585420429699,-20.555532020847338,Embedded,Consecutive
2021-06-19,86.20664714418828,70.25235990841465,6.02727847165531,-15.954287235773634,Embedded,Consecutive
2021-06-20,122.19580796381061,103.50296996127274,7.4546145937509145,-18.69283800253787,Embedded,Consecutive
2021-06-21,230.4922995299964,261.96634542078897,6.159730549223932,31.47404589079258,Embedded,Consecutive
2022-06-01,186.3303428317867,218.5781873006402,4.657177778690439,32.247844468853486,Embedded,Consecutive
2022-06-02,168.43086561380812,204.8154481896595,3.5127222207478366,36.38458257585137,Embedded,Consecutive
2022-06-03,91.5912455861984,110.28513920602005,2.8335013929256463,18.69389361982165,Embedded,Consecutive
2022-06-04,74.8880375499221,72.56104095907016,4.057101384374431,-2.326996590851948,Embedded,Consecutive
2022-06-05,98.4189387139509,104.99887050290685,5.0700208351430005,6.57993178895596,Embedded,Consecutive
2022-06-06,115.05086019426867,133.59551112662217,3.0312236122889096,18.544650932353505,Embedded,Consecutive
2022-06-07,117.10346798704003,139.5728695510827,3.7555159687168116,22.46940156404267,Embedded,Consecutive
2022-06-08,163.79355394571837,193.88793530517034,4.339998608310185,30.094381359451972,Embedded,Consecutive
2022-06-09,94.17669502282388,108.99762723058991,2.8985708320099586,14.820932207766035,Embedded,Consecutive
2022-06-10,103.82220155760044,113.17198505728366,4.093534725045573,9.349783499683227,Embedded,Consecutive
2022-06-11,70.85388096493702,75.09153045784267,4.293102779322187,4.237649492905646,Embedded,Consecutive
2022-06-12,96.2700688354708,85.03515598162959,6.22139999924435,-11.234912853841209,Embedded,Consecutive
2022-06-13,150.4077102348296,131.57646009799407,8.708739586008909,-18.831250136835536,Embedded,Consecutive
2022-06-14,157.6691777707568,142.256249343258,9.54578681455717,-15.412928427498798,Embedded,Consecutive
2022-06-15,140.18184761239377,125.54500138918051,8.665968053208456,-14.636846223213254,Embedded,Consecutive
2022-06-16,80.48691469731259,70.17439886011393,5.826397219465843,-10.31251583719866,Embedded,Consecutive
2022-06-17,71.08608751670496,66.24899741043306,4.622611115997035,-4.837090106271901,Embedded,Consecutive
2022-06-18,69.49097415398106,70.61051231875273,4.148799305616142,1.1195381647716687,Embedded,Consecutive
2022-06-19,80.51594705451109,78.70130357472648,5.570963887870295,-1.814643479784607,Embedded,Consecutive
2022-06-20,90.02035935286708,82.36256720293737,6.7577090251776895,-7.657792149929705,Embedded,Consecutive
2022-06-21,96.29747906482393,85.52469305497847,6.354403469959897,-10.772786009845461,Embedded,Consecutive
2023-06-01,112.47130456694592,114.01532985447317,3.833254163535051,1.5440252875272478,Embedded,Consecutive
2023-06-02,142.38955328718362,154.9754955031159,4.002388197307149,12.585942215932278,Embedded,Consecutive
2023-06-03,121.65883855044405,134.4348893586856,2.437448612362556,12.776050808241564,Embedded,Consecutive
2023-06-04,105.08302670990551,128.15797940633104,2.25904305498164,23.074952696425527,Embedded,Consecutive
2023-06-05,155.5626399457434,179.90985014535005,2.9989062510223823,24.34721019960665,Embedded,Consecutive
2023-06-06,128.86881566015524,149.84928047519952,2.1444458340831476,20.980464815044286,Embedded,Consecutive
2023-06-07,111.56670377130646,124.74943326026421,2.1047215258269327,13.182729488957747,Embedded,Consecutive
2023-06-08,103.84098480693169,110.29590720569747,2.1108763899605676,6.454922398765788,Embedded,Consecutive
2023-06-09,106.13283412326433,113.3052734373636,2.471367359606339,7.172439314099265,Embedded,Consecutive
2023-06-10,158.4825636909564,173.19129208456144,4.330319443882507,14.708728393605043,Embedded,Consecutive
2023-06-11,206.4009069524074,231.58547958228064,4.7481125022801915,25.18457262987323,Embedded,Consecutive
2023-06-12,134.12339599300645,161.9461958528256,2.9617944444620243,27.822799859819156,Embedded,Consecutive
2023-06-13,98.62901446091246,105.34234553509516,2.344245833120979,6.713331074182705,Embedded,Consecutive
2023-06-14,130.74628897305377,151.6142013671672,2.4997402775550897,20.867912394113432,Embedded,Consecutive
2023-06-15,100.06295255871976,115.82661659137732,3.214396525518465,15.763664032657559,Embedded,Consecutive
2023-06-16,168.0937253693337,192.58277533945204,3.3779381958353802,24.489049970118344,Embedded,Consecutive
2023-06-17,126.14690268781231,144.32268197593874,3.775758336427506,18.17577928812642,Embedded,Consecutive
2023-06-18,181.35285652140743,197.39961030352663,4.132284720821503,16.046753782119197,Embedded,Consecutive
2023-06-19,96.2941363450154,98.20421588283425,4.086977080007366,1.910079537818845,Embedded,Consecutive
2023-06-20,118.72833739012785,138.80810316079635,5.487624301844153,20.0797657706685,Embedded,Consecutive
2023-06-21,130.09325172444687,152.65614428911937,4.694576390832667,22.562892564672495,Embedded,Consecutive
2024-06-01,83.65882245039447,94.60146497928802,2.3474805544162867,10.942642528893558,Embedded,Consecutive
2024-06-02,111.56835411702448,105.12632308793378,5.605214579113664,-6.4420310290907,Embedded,Consecutive
2024-06-03,114.75848159974228,120.06627814476083,4.488899311154267,5.307796545018547,Embedded,Consecutive
2024-06-04,74.34203949437219,69.55285138756527,4.674506946239203,-4.789188106806918,Embedded,Consecutive
2024-06-05,144.8664996198218,172.5247713875442,3.3037958355568753,27.658271767722397,Embedded,Consecutive
2024-06-06,126.49589974304882,140.8160091618035,3.8762368051419225,14.320109418754669,Embedded,Consecutive
2024-06-07,108.67649858167627,119.1933850236842,5.432547218600944,10.51688644200793,Embedded,Consecutive
2024-06-08,133.1789317406412,121.25238468690587,5.712251392322481,-11.92654705373532,Embedded,Consecutive
2024-06-09,211.7567249288153,245.98947011176216,5.775027085095644,34.23274518294687,Embedded,Consecutive
2024-06-10,130.64571270649145,158.2410337666106,3.751475003278921,27.595321060119147,Embedded,Consecutive
2024-06-11,77.93582222164724,83.64410964137947,3.089593054799159,5.70828741973223,Embedded,Consecutive
2024-06-12,73.56096207873728,61.471939237968385,4.593762501039422,-12.089022840768891,Embedded,Consecutive
2024-06-13,87.88278875949788,72.55250293100649,5.78481666422965,-15.330285828491398,Embedded,Consecutive
2024-06-14,148.24815517358564,164.91740412458563,3.5187812489046677,16.669248950999986,Embedded,Consecutive
2024-06-15,81.06150665574924,72.48627829693679,5.764486805432356,-8.575228358812453,Embedded,Consecutive
2024-06-16,108.18200552207895,95.1691385057213,7.584623617596087,-13.012867016357646,Embedded,Consecutive
2024-06-17,127.86770705917746,121.41748987599213,8.336614590883233,-6.45021718318533,Embedded,Consecutive
2024-06-18,197.0349197546837,185.72448525027647,10.823701388637232,-11.310434504407226,Embedded,Consecutive
2024-06-19,138.8257704158096,152.815312363867,4.860870827134308,13.989541948057422,Embedded,Consecutive
2024-06-20,68.08238994215046,72.90067723859677,3.723666670007854,4.818287296446314,Embedded,Consecutive
2024-06-21,79.67192828718515,69.58702973366546,5.732011802328938,-10.084898553519693,Embedded,Consecutive
2025-06-01,115.50581979191278,123.82758463026134,2.26530347196872,8.321764838348557,Embedded,Consecutive
2025-06-02,81.55941168946634,80.50493204898807,5.1028013854391245,-1.0544796404782772,Embedded,Consecutive
2025-06-03,163.4286431096907,154.79601131279395,7.202834032020636,-8.63263179689676,Embedded,Consecutive
2025-06-04,222.0153883244385,258.39498968066283,4.995509026861829,36.37960135622433,Embedded,Consecutive
2025-06-05,105.30043685549319,126.14175883401033,3.1694375003920916,20.841321978517144,Embedded,Consecutive
2025-06-06,144.32367315905782,164.75563511586574,3.3348520863510203,20.431961956807925,Embedded,Consecutive
2025-06-07,208.09727420530885,222.13580996456528,5.450881947587349,14.038535759256433,Embedded,Consecutive
2025-06-08,131.55289648661176,128.7029151821709,3.616931249256912,-2.8499813044408597,Embedded,Consecutive
2025-06-09,176.2260720461653,198.72040300697324,3.4126513899051774,22.49433096080793,Embedded,Consecutive
2025-06-10,103.46848123177674,105.53439911853833,2.5790131939031884,2.0659178867615964,Embedded,Consecutive
2025-06-11,83.60807241377628,81.64933160251427,3.8555875006209512,-1.9587408112620182,Embedded,Consecutive
2025-06-12,84.63693273892827,96.13274713924606,3.8526513850963244,11.495814400317798,Embedded,Consecutive
2025-06-13,89.77380296174488,104.22311357425936,3.019093054884845,14.44931061251448,Embedded,Consecutive
2025-06-14,142.41060261671345,160.6270761443725,5.164375689812005,18.216473527659048,Embedded,Consecutive
2025-06-15,115.7783459814342,137.3930514383968,3.7120569424800727,21.61470545696261,Embedded,Consecutive
2025-06-16,80.04892479909316,89.98292540134379,2.3108708321658553,9.934000602250634,Embedded,Consecutive
2025-06-17,138.70232296263038,151.39609726456752,6.598208329081535,12.69377430193714,Embedded,Consecutive
2025-06-18,161.48015434345535,166.82157545158225,5.390223613536613,5.3414211081268945,Embedded,Consecutive
2025-06-19,101.28429358335103,106.46946240821374,3.608843054772447,5.185168824862714,Embedded,Consecutive
2025-06-20,115.86867303845204,99.5912390604859,7.009686111576045,-16.27743397796614,Embedded,Consecutive
2025-06-21,197.13739033797725,177.57157295185397,10.43589513533643,-19.565817386123285,Embedded,Consecutive
