date,hour,es_train,es_synth,avg_wind_speed,es_diff
1994-06-01,0,17.693226192273652,19.324430618998836,6.443666648864746,1.6312044267251835
1994-06-02,0,16.944583923270233,16.032978034823945,7.945316672325133,-0.9116058884462888
1994-06-03,0,14.37774132445993,15.562885066229494,5.156816697120666,1.185143741769565
1994-06-04,0,44.1843298059233,51.469654372540674,5.674200018246968,7.285324566617376
1994-06-05,0,14.087282826407343,13.325649356151626,6.766583331425984,-0.7616334702557168
1994-06-06,0,30.2207331452876,31.644791416472497,10.246999963124596,1.4240582711848973
1994-06-07,0,25.06063178623523,28.743628548120856,6.858250006039937,3.682996761885626
1994-06-08,0,31.46102356608024,34.207841925159826,9.527833366394045,2.7468183590795867
1994-06-09,0,70.62604930746238,79.54702099469664,9.956500037511189,8.920971687234257
1994-06-10,0,41.15283985893271,48.297382710117205,5.618699979782104,7.144542851184497
1994-06-11,0,24.223092072899927,28.21750310036553,5.525966628392537,3.9944110274656026
1994-06-12,0,16.90830694761485,18.138619670277915,6.900549983978271,1.230312722663065
1994-06-13,0,27.62341905145877,27.921756352780793,10.17883335749308,0.29833730132202163
1994-06-14,0,29.968090119969528,27.79846701759112,10.294333314895626,-2.1696231023784094
1994-06-15,0,43.4194678000967,42.702073205314974,12.62600003878276,-0.7173945947817231
1994-06-16,0,34.475903533929625,34.90414490002348,11.279666694005329,0.4282413660938573
1994-06-18,0,20.512757386266973,21.694670114700177,8.216033379236857,1.181912728433204
1994-06-19,0,29.156338424339882,33.08421802304579,7.530900017420451,3.9278795987059105
1994-06-20,0,13.237851570914888,13.531881182565325,5.252066695690155,0.29402961165043706
1994-06-21,0,12.250401049314316,12.27457170610251,5.443716669082642,0.024170656788193412
1995-06-01,0,32.717489900785324,37.93740136661357,3.3340500076611836,5.219911465828247
1995-06-03,0,15.819780208808698,17.220529947035676,6.112516633669535,1.4007497382269776
1995-06-04,0,29.45887742277556,31.933298280049403,9.083583299318947,2.4744208572738415
1995-06-05,0,38.68956395580133,38.19146392847797,10.175183427333831,-0.49810002732336045
1995-06-06,0,12.753623768289916,11.399671631102212,4.031849992275238,-1.3539521371877044
1995-06-07,0,14.535052809539561,15.144287403447333,6.418950001398722,0.6092345939077717
1995-06-08,0,15.15797831702329,14.079578251722037,7.435716676712037,-1.0784000653012527
1995-06-09,0,42.70111450347346,47.878753406879866,9.526666673024492,5.177638903406404
1995-06-10,0,30.554849618950673,29.75376309880571,3.8865666548411046,-0.8010865201449633
1995-06-11,0,45.614188203383534,52.243393930418904,4.73913334608078,6.6292057270353695
1995-06-12,0,50.752567167402006,56.223574754068665,4.7511833230654394,5.4710075866666585
1995-06-13,0,23.57364627475629,27.76117527420826,4.760650018850962,4.18752899945197
1995-06-14,0,17.686344552229958,18.581810666357345,7.521883312861124,0.8954661141273874
1995-06-15,0,17.38844841501506,16.30113729586559,8.072099995613097,-1.0873111191494687
1995-06-16,0,17.276428585210173,16.210634495855256,8.103283381462097,-1.0657940893549167
1995-06-17,0,17.07616967675718,17.372427594361096,7.698783365885417,0.29625791760391706
1995-06-18,0,22.520148895450458,24.417348196742406,8.189983328183493,1.8971993012919484
1995-06-19,0,16.72392147738128,17.453995617274924,7.446866663297017,0.7300741398936452
1995-06-20,0,14.89044681810623,15.345367242572603,6.878683360417684,0.4549204244663727
1995-06-21,0,13.568414599657924,13.741577519825487,6.454899994532267,0.17316292016756307
1996-06-01,0,15.533476889718461,15.599100467227391,7.275733359654745,0.06562357750893
1996-06-02,0,31.03880541386663,35.676468243106626,2.9229166567325593,4.637662829239996
1996-06-03,0,49.49020054560525,55.70737627142388,5.000733323891957,6.217175725818635
1996-06-04,0,53.07216776185281,61.09212169476113,6.735950001080831,8.019953932908322
1996-06-05,0,46.75972696911009,51.9265069900833,10.245166667302449,5.166780020973206
1996-06-06,0,21.190160367689767,17.762373490063897,8.055333344141639,-3.42778687762587
1996-06-07,0,43.19841229207199,44.23546593681418,3.677066695690155,1.037053644742187
1996-06-08,0,70.88195537269675,76.89405331927942,7.546916667620342,6.012097946582671
1996-06-09,0,47.88411011955492,54.973810625582104,5.303316680590312,7.089700506027185
1996-06-10,0,35.478709161027595,41.286337140594526,4.165066687266032,5.807627979566931
1996-06-11,0,20.60451806871968,21.38159504910708,1.744633332143228,0.7770769803873989
1996-06-12,0,11.352402625611884,10.336712935935434,5.057883326212565,-1.0156896896764493
1996-06-13,0,14.076245060195173,15.135442197040614,4.925733331839243,1.059197136845441
1996-06-14,0,31.067542881049267,27.69903371372185,4.775849978129069,-3.3685091673274172
1996-06-15,0,11.655629317945792,10.944740107863584,5.6959333419799805,-0.7108892100822075
1996-06-16,0,15.228735247814452,16.313216743292312,4.554033358891805,1.0844814954778599
1996-06-17,0,74.98505865743095,80.12637505541538,8.160899941126507,5.141316397984426
1996-06-18,0,25.08700022172499,22.903291222193612,2.9787500063578287,-2.183708999531376
1996-06-19,0,27.6044240022558,23.33833311668683,6.040200026830037,-4.266090885568971
1996-06-20,0,20.13185123839595,21.211750299634264,8.066833360989888,1.079899061238315
1996-06-21,0,27.270625840734983,27.895356517054484,10.048333390553795,0.6247306763195013
1997-06-01,0,37.001135712838604,42.78831628978601,3.7821166634559633,5.7871805769474065
1997-06-02,0,33.39836915017621,39.3143996106548,4.3104833205540976,5.916030460478595
1997-06-03,0,40.523091749923665,46.591061073742324,4.018899981180827,6.067969323818659
1997-06-04,0,27.66313401961919,31.748071735974133,2.6825833261013035,4.084937716354943
1997-06-06,0,21.00887103820717,24.437780602609276,4.116399999459584,3.4289095644021046
1997-06-07,0,18.47201856305006,21.126040823914845,4.294649990399678,2.654022260864785
1997-06-08,0,14.33317562566469,15.025154605130819,3.3858333428700766,0.6919789794661284
1997-06-09,0,14.60996281473675,14.498515812424824,4.904633331298828,-0.11144700231192672
1997-06-10,0,36.75378202773912,43.42013988198548,5.96648333867391,6.666357854246357
1997-06-11,0,26.30652758273631,30.62729411289529,6.207599997520447,4.320766530158977
1997-06-12,0,12.51734584271001,10.376939995721724,4.974549988905588,-2.140405846988287
1997-06-13,0,12.49867446182633,11.62809207447052,5.977199999491374,-0.8705823873558103
1997-06-14,0,51.74232289986719,56.771461072565884,4.830600003401439,5.029138172698694
1997-06-15,0,18.184610172298587,20.44184759586224,5.376449990272523,2.2572374235636516
1997-06-16,0,16.496379019066172,13.765072969290397,7.531216637293498,-2.7313060497757746
1997-06-17,0,53.71324500149332,60.88336096740191,7.25468334754308,7.170115965908593
1997-06-18,0,24.481327016507986,28.47234247058874,5.2815666675567625,3.9910154540807525
1997-06-19,0,19.233242972701664,15.748801115585447,7.357749994595846,-3.4844418571162166
1997-06-20,0,20.26767134348543,18.45627903637232,8.521250017484029,-1.8113923071131097
2021-06-01,0,28.588395328532716,33.35775114953191,3.6231833577156056,4.769355820999191
2021-06-02,0,28.678212562207452,31.384574815378837,1.434799994031588,2.7063622531713847
2021-06-03,0,20.134413948044585,22.455913720019115,2.612550002336502,2.32149977197453
2021-06-04,0,15.764385701420256,13.289128640857118,3.837049984931946,-2.4752570605631377
2021-06-05,0,12.270251427108878,10.702266263558688,5.816716678937277,-1.5679851635501905
2021-06-06,0,14.374994541029029,15.31335805960752,5.365266648928324,0.9383635185784911
2021-06-07,0,16.264594676853772,13.395540989663818,5.330466643969218,-2.869053687189954
2021-06-08,0,16.966668529923627,19.183169104847753,4.828800014654795,2.216500574924126
2021-06-09,0,12.890231392699686,11.684482157833532,4.5381166458129885,-1.205749234866154
2021-06-10,0,12.964661525619537,12.502639147453923,5.323166688283285,-0.46202237816561365
2021-06-11,0,11.894819409307143,11.057735699910044,5.549100001653035,-0.8370837093970991
2021-06-12,0,15.205590881983223,16.194015775606648,6.318266661961873,0.9884248936234243
2021-06-13,0,23.96030164263387,28.044982199302506,3.9127833286921185,4.084680556668637
2021-06-14,0,19.457412417344504,22.100476053272924,3.2902666568756107,2.6430636359284208
2021-06-15,0,15.754672883455616,17.14303134134966,3.506233330567677,1.3883584578940429
2021-06-16,0,13.384769336518627,12.142847837007384,3.645100013415019,-1.2419214995112426
2021-06-17,0,11.979453832412457,10.299613521239078,4.808916664123535,-1.679840311173379
2021-06-18,0,16.124166645980242,12.465188444498917,6.077766672770183,-3.6589782014813252
2021-06-19,0,18.487561959384575,15.304855325749752,7.803983338673909,-3.1827066336348224
2021-06-20,0,16.55682545436053,15.243779747039941,7.938900057474772,-1.3130457073205903
2021-06-21,0,27.27643848033016,23.16144067346649,8.887050024668373,-4.11499780686367
2022-06-01,0,14.162802047342094,13.352341579149911,5.587766647338868,-0.8104604681921828
2022-06-02,0,48.0332518323101,55.21922729279784,5.341150033473968,7.1859754604877395
2022-06-03,0,25.8160658333115,30.073527455632526,3.557366677125295,4.257461622321024
2022-06-04,0,19.201136316126583,22.050886120617708,4.982983346780141,2.8497498044911254
2022-06-05,0,12.400339525899323,11.433111989113602,5.834883348147074,-0.967227536785721
2022-06-06,0,14.187369246723652,15.360689374872951,4.811100006103516,1.1733201281492995
2022-06-07,0,14.504472715967854,14.641472439163078,3.076149976253509,0.13699972319522402
2022-06-08,0,14.177433492482375,14.98180663460042,4.205516664187114,0.8043731421180453
2022-06-09,0,33.27711206133952,38.778574742199154,3.8256166537602745,5.501462680859632
2022-06-10,0,12.288317208769232,10.836504762683315,5.122883355617523,-1.451812446085917
2022-06-11,0,16.028256576873996,17.759536380881404,3.938700008392334,1.731279804007407
2022-06-12,0,15.83940344500385,13.27173812798264,7.180066672960917,-2.567665317021209
2022-06-13,0,16.660605109593906,13.419416658315416,7.121383349100748,-3.2411884512784894
2022-06-14,0,32.26582282447055,31.534016996373385,10.909166669845584,-0.731805828097162
2022-06-15,0,24.022611963581266,23.18808185092863,9.51024990081787,-0.8345301126526365
2022-06-16,0,20.552886705187785,19.793612501544604,8.72543336550395,-0.7592742036431801
2022-06-17,0,12.717899156062874,11.40797370426905,6.0276999791463215,-1.3099254517938235
2022-06-18,0,12.515159610214528,12.080920161627699,5.912700009346008,-0.4342394485868297
2022-06-19,0,12.45028956666361,11.437535858593048,5.951866658528646,-1.0127537080705622
2022-06-20,0,16.788715672350758,16.993719772180572,7.682899967829386,0.20500409982981438
2022-06-21,0,20.323269388244736,20.152274724916527,8.688633298873901,-0.17099466332820867
2023-06-01,0,34.50693496081142,30.90282660500603,5.5352333068847654,-3.6041083558053906
2023-06-02,0,22.581966527367403,23.913477314995152,2.482050011058648,1.3315107876277494
2023-06-03,0,40.31820042117536,46.33752600372236,4.020649985472361,6.019325582546998
2023-06-04,0,15.406158451686974,15.0348394366242,2.7160500109195707,-0.37131901506277387
2023-06-05,0,30.46777427590551,33.107820680725766,1.4163999994595844,2.640046404820257
2023-06-06,0,42.46632257215181,45.8712555019825,3.280216654141744,3.404932929830693
2023-06-07,0,24.49207002324137,26.500438033112648,2.5513000058631103,2.008368009871276
2023-06-08,0,28.22416205331322,26.477595426494606,3.82483334740003,-1.7465666268186126
2023-06-09,0,28.300800127617595,28.616641939073954,1.1022333289186161,0.3158418114563588
2023-06-10,0,27.801023896830753,31.84728220608252,2.883466674884161,4.046258309251769
2023-06-11,0,24.41041335368809,21.865450126334725,3.3871999740600582,-2.5449632273533638
2023-06-12,0,49.910971163095056,57.73633508589748,6.2422499815622965,7.825363922802424
2023-06-13,0,30.21885966007817,26.698634979072434,4.956933299700419,-3.520224681005736
2023-06-14,0,19.755214174574004,19.341584397408123,1.462166667977969,-0.41362977716588034
2023-06-15,0,38.229794578810086,42.253038811838024,2.881999983390172,4.023244233027938
2023-06-16,0,18.071153170116904,20.639314995606757,4.765900011857351,2.5681618254898524
2023-06-17,0,31.721647012803576,35.453312496704584,2.180883330727617,3.7316654839010077
2023-06-18,0,13.137717973119177,12.230889623562664,3.787250010172526,-0.9068283495565126
2023-06-19,0,31.724815152559625,32.03908248261402,1.7895499964555102,0.31426733005439544
2023-06-20,0,16.26402286895242,18.13717192164823,5.395516641934712,1.8731490526958083
2023-06-21,0,20.30252966078199,23.14774624350019,6.016266663869222,2.8452165827182014
2024-06-01,0,21.05971163598367,20.712316587381192,1.3715666606013353,-0.34739504860247905
2024-06-02,0,13.057610396165327,13.018510639213613,5.083399995168051,-0.03909975695171397
2024-06-03,0,12.307925498269174,11.87259080209554,5.7855499903361,-0.4353346961736335
2024-06-04,0,20.8604981432653,18.92839421185452,2.6510000268618263,-1.9321039314107793
2024-06-05,0,12.2769858609613,11.851636447488136,5.055166681607564,-0.4253494134731639
2024-06-06,0,11.939306739778655,11.341534886595934,4.60736665725708,-0.5977718531827207
2024-06-07,0,35.30193469741603,41.688453633530784,5.534549983342489,6.386518936114754
2024-06-08,0,13.218016373758207,12.524257521397853,6.7451499700546265,-0.6937588523603537
2024-06-09,0,19.41160868901328,17.06941606296932,4.0682500084241235,-2.3421926260439605
2024-06-10,0,51.79249431455435,59.74939450344651,7.885950032869974,7.956900188892163
2024-06-11,0,12.911745948995428,12.720762571070455,3.9371333400408437,-0.19098337792497233
2024-06-12,0,12.322389779234218,10.934271213247232,4.443533317248026,-1.3881185659869857
2024-06-13,0,16.111792829243807,12.792111574056133,7.017749969164531,-3.3196812551876747
2024-06-14,0,17.22457524957849,13.49627060085501,6.776899973551433,-3.72830464872348
2024-06-15,0,21.294485143678262,24.475735031846344,5.87218333085378,3.1812498881680824
2024-06-16,0,18.2037080109677,18.19491507901707,8.190466650327046,-0.008792931950630134
2024-06-17,0,23.8076635856378,23.603710525780247,9.472366690635683,-0.20395305985755385
2024-06-18,0,35.24602498589532,35.10607876293173,11.41166669527689,-0.13994622296358727
2024-06-19,0,29.148014247687467,28.019423331509056,10.374500004450477,-1.1285909161784105
2024-06-20,0,12.409668229019534,11.854655272609353,4.255816662311554,-0.5550129564101809
2024-06-21,0,13.911800171534157,14.579898373273327,5.874900023142497,0.6680982017391699
2025-06-01,0,22.486098900803935,19.80517253091946,3.408133327960968,-2.6809263698844745
2025-06-02,0,17.37981142739935,18.607081241024755,2.480116663376491,1.227269813625405
2025-06-03,0,14.818705812747883,15.464452906045093,6.6864833037058515,0.64574709329721
2025-06-04,0,81.91165386206121,88.90319499871067,9.190933314959207,6.9915411366494595
2025-06-05,0,22.170517135259946,25.62399765748663,3.5999833345413204,3.453480522226684
2025-06-06,0,16.718278238730033,18.77727996237319,4.267966647942861,2.0590017236431564
2025-06-07,0,25.737546522928515,28.394476518845902,1.6753833303848906,2.6569299959173875
2025-06-08,0,32.01702586292339,31.52396840629807,2.2956999937693277,-0.4930574566253192
2025-06-09,0,32.42071426086275,37.99567596663174,4.172116688887279,5.574961705768985
2025-06-10,0,41.6534616225282,44.74176200629712,3.0951666593551637,3.0883003837689245
2025-06-11,0,14.414837866642198,11.69945620162424,4.6132499774297075,-2.715381665017958
2025-06-12,0,14.483215653244375,14.546942896084762,6.5092333157857265,0.06372724284038611
2025-06-13,0,18.603801630113264,21.268041056475877,5.278166635831197,2.664239426362613
2025-06-14,0,19.512510664577544,22.379534159886642,5.081766664981842,2.8670234953090983
2025-06-15,0,29.15732715346284,34.47476155155479,4.5637000123659766,5.317434398091951
2025-06-16,0,23.9037553577686,27.29428428337385,2.7465833405653632,3.3905289256052527
2025-06-17,0,15.444352260168433,12.991417142812264,4.101933324337006,-2.4529351173561693
2025-06-18,0,21.525993140490353,22.555822345428137,8.192050043741864,1.0298292049377835
2025-06-19,0,38.47798536504496,39.78329067710547,2.741133318344752,1.3053053120605114
2025-06-20,0,13.195090381276184,12.264693201696662,6.699733360608419,-0.9303971795795221
2025-06-21,0,38.4024861453002,34.97255731854001,10.968500010172528,-3.4299288267601895
1994-06-01,2,8.909010544600598,10.181681289224993,3.8935166716575624,1.2726707446243957
1994-06-02,2,8.52738529504277,7.86247587911285,4.706016651789347,-0.6649094159299196
1994-06-03,2,8.516521216850322,9.076823941805543,4.782566674550374,0.5603027249552213
1994-06-04,2,25.043648611250156,28.949755912404992,3.3054333329200745,3.9061073011548366
1994-06-05,2,11.497474770986784,13.519454271116096,5.584400010108947,2.021979500129312
1994-06-06,2,65.98066371693264,69.45396293681884,8.442216666539514,3.4732992198862007
1994-06-07,2,11.117536903438967,13.402536578777301,5.030266666412354,2.2849996753383337
1994-06-08,2,29.4139666360648,33.052093960909716,8.590583316485086,3.638127324844916
1994-06-09,2,44.378369736933365,50.59130966967881,6.721883328755696,6.212939932745442
1994-06-10,2,33.05025565868628,38.52759322807526,5.089816697438558,5.477337569388979
1994-06-11,2,15.068003747016618,18.058833776596362,3.3970166802406307,2.990830029579744
1994-06-12,2,7.786188268238373,8.250346450999693,4.192249997456868,0.46415818276132015
1994-06-13,2,20.54378306840065,20.97655177991204,7.770949999491375,0.4327687115113896
1994-06-14,2,26.227482986481363,25.673994832678975,8.631166672706604,-0.5534881538023875
1994-06-15,2,30.06905114442771,30.753614746978766,9.263333304723103,0.6845636025510551
1994-06-16,2,28.033182137750202,30.55765876895425,8.763733347256977,2.524476631204049
1994-06-18,2,9.909822301401096,11.917710944381287,4.541749974091847,2.007888642980191
1994-06-19,2,11.976622171623863,14.357488063021716,5.24806665579478,2.3808658913978533
1994-06-20,2,11.193071166001946,9.99305186034751,2.7029999911785128,-1.2000193056544362
1994-06-21,2,8.686508853864048,9.83822427318902,4.439199980099996,1.1517154193249723
1995-06-01,2,24.25453950125052,26.770409226377456,2.3233666628599168,2.5158697251269366
1995-06-03,2,14.393478771886365,17.312737121464874,3.944933331012726,2.9192583495785094
1995-06-04,2,16.167121009118468,19.629180935221154,4.111116703351339,3.462059926102686
1995-06-05,2,15.06074466794518,13.069309450519416,3.831849988301595,-1.9914352174257637
1995-06-06,2,22.71619858347306,20.53926586403303,2.5574333290259044,-2.1769327194400283
1995-06-07,2,10.935278465668524,13.332949240141243,4.790766676266989,2.3976707744727186
1995-06-08,2,16.93855329523361,18.77175007715503,6.886966689427694,1.8331967819214192
1995-06-09,2,78.95482403054146,81.58667698192373,8.736933362483981,2.631852951382271
1995-06-10,2,38.55007526272027,39.20828211732393,3.070316690206528,0.6582068546036624
1995-06-11,2,36.119888429340634,37.73435768635515,2.970233345031738,1.6144692570145196
1995-06-12,2,24.6821045055003,26.485949483784193,1.6578500121831887,1.8038449782838946
1995-06-13,2,10.160640106928913,11.573807608373702,4.049350015322368,1.4131675014447893
1995-06-14,2,12.603948186593051,14.939900549108255,5.746616665522258,2.3359523625152043
1995-06-15,2,9.638390611285267,10.342222925671006,5.421150008837383,0.703832314385739
1995-06-16,2,11.041876779492316,11.204521178887223,5.728883345921834,0.1626443993949067
1995-06-17,2,8.121941745956903,8.726412299567823,4.697366674741109,0.6044705536109198
1995-06-18,2,11.452894759230464,14.03533216783428,4.958583347002666,2.582437408603816
1995-06-19,2,9.138516018584973,10.736382108288542,4.260683365662893,1.5978660897035688
1995-06-20,2,8.562517596345302,9.720404115938774,4.728783337275187,1.1578865195934718
1995-06-21,2,8.469339886648068,9.642621009739468,4.4060666600863145,1.1732811230913995
1996-06-01,2,19.18217584543236,22.43856758844129,6.665183353424071,3.2563917430089298
1996-06-02,2,11.234348477824462,10.767511549464714,2.1050666689872743,-0.4668369283597471
1996-06-03,2,37.8693528993332,41.1880020107165,3.7622833410898853,3.3186491113833014
1996-06-04,2,25.38515384178823,26.99880828237764,1.6074333320061367,1.6136544405894107
1996-06-05,2,54.42061391829809,58.667799708223825,8.774533327420553,4.247185789925737
1996-06-06,2,23.16304605861596,23.359726484537514,8.20583328406016,0.19668042592155288
1996-06-07,2,22.55205060618779,19.68285202466583,2.4807999908924105,-2.8691985815219603
1996-06-08,2,52.25351439260271,55.26123710698498,5.475066717465719,3.0077227143822682
1996-06-09,2,30.65327960802871,32.710209916949594,2.3835500200589497,2.056930308920883
1996-06-10,2,15.919840484622853,19.52915039272261,4.416033319632212,3.609309908099757
1996-06-11,2,15.235564234239462,18.59351819033976,4.3731666644414275,3.3579539561002996
1996-06-12,2,11.496742739534781,9.716547000431362,5.339466667175293,-1.7801957391034193
1996-06-13,2,12.54234423330199,13.37017949738727,6.1671000003814695,0.8278352640852802
1996-06-14,2,14.601955962429798,13.52867509263265,1.8376499950885776,-1.0732808697971485
1996-06-15,2,8.469660228355359,9.153235232682334,3.697083322207133,0.6835750043269755
1996-06-16,2,9.14013150636615,7.601019049783101,4.143233354886374,-1.539112456583048
1996-06-17,2,44.47505611376921,40.2788368837643,6.6103999972343415,-4.196219230004914
1996-06-18,2,24.172339724622347,19.8565294106896,4.1082499901453655,-4.315810313932747
1996-06-19,2,98.52403237243531,95.89499760936917,11.934533325831095,-2.6290347630661444
1996-06-20,2,13.967461641854506,16.864278886332915,5.562983361879984,2.8968172444784095
1996-06-21,2,14.73501212402278,16.06016394755164,6.5272000153859455,1.3251518235288593
1997-06-01,2,28.548826522895425,32.46514790402588,3.304000000158945,3.9163213811304587
1997-06-02,2,15.91867498134566,18.365704493477207,2.9391333341598513,2.4470295121315466
1997-06-03,2,27.44871127543398,31.320608810024606,3.2325833201408387,3.8718975345906266
1997-06-04,2,8.10991626892238,8.217522443406615,3.3977666576703385,0.1076061744842356
1997-06-06,2,16.509364677404996,20.30581269777353,4.266316648324331,3.7964480203685333
1997-06-07,2,12.20479947788763,14.464235710491256,3.2666000247001645,2.259436232603626
1997-06-08,2,17.89725749670439,21.426278796281277,3.4611999948819476,3.529021299576886
1997-06-09,2,14.467302082442274,16.69411664940277,2.7850833157698314,2.2268145669604955
1997-06-10,2,25.77543972499774,30.244771350212307,3.8284000039100645,4.4693316252145685
1997-06-11,2,12.091907704545978,12.743485469102204,2.3754333396752676,0.651577764556226
1997-06-12,2,9.253758470805892,10.748991915823556,4.27488333384196,1.4952334450176643
1997-06-13,2,9.360199301081373,10.86885912168168,4.582900023460388,1.5086598206003075
1997-06-14,2,32.288868402930945,32.059651842957805,2.232199996709824,-0.22921655997313906
1997-06-15,2,11.241957805252397,13.187980609436835,4.14169998963674,1.9460228041844374
1997-06-16,2,8.345197294925953,8.29076685997661,4.645900003115337,-0.0544304349493423
1997-06-17,2,40.21330799803737,39.89978077997024,4.854699991146723,-0.31352721806712935
1997-06-18,2,8.876394750535816,9.434176916064292,4.623583332697551,0.5577821655284758
1997-06-19,2,14.557041510860138,12.797637797191584,6.203566678365071,-1.7594037136685543
1997-06-20,2,22.341102468431757,21.879080894319753,8.012500015894572,-0.4620215741120042
2021-06-01,2,29.9801934847331,34.66019931008951,4.091183316707611,4.68000582535641
2021-06-02,2,17.93167220814955,18.015825111185162,0.6599666664842518,0.08415290303561207
2021-06-03,2,7.997525710631336,7.345465583301067,3.8824333508809405,-0.6520601273302695
2021-06-04,2,9.50036166574457,7.98589467734422,3.137799990177154,-1.5144669884003505
2021-06-05,2,9.016953319046898,7.848798069954125,4.6931833306948345,-1.1681552490927736
2021-06-06,2,8.91775597501383,10.135058146514975,3.8240000049273184,1.2173021715011458
2021-06-07,2,10.226775836968201,9.406004910899107,2.6728166580200194,-0.8207709260690947
2021-06-08,2,11.192395544345946,13.410400418475358,3.713633326689402,2.218004874129413
2021-06-09,2,8.75324304859646,8.065866876341012,3.1135499954223635,-0.6873761722554477
2021-06-10,2,9.737532211846752,8.790669082202225,4.492716666062673,-0.9468631296445267
2021-06-11,2,8.995997502684691,8.275633086267092,4.820199998219808,-0.7203644164175991
2021-06-12,2,19.663544950464015,22.842455001976656,6.850016713142395,3.1789100515126414
2021-06-13,2,14.257023170985455,16.634922828278437,2.835283335049947,2.377899657292982
2021-06-14,2,17.234519842224273,20.88188439897313,3.7276999870936076,3.647364556748858
2021-06-15,2,8.198390902851326,7.939664955004282,3.7098166743914285,-0.2587259478470436
2021-06-16,2,7.772258324776839,7.094207086800715,4.005416683355967,-0.6780512379761241
2021-06-17,2,8.278855392256894,7.349326731454443,4.420316672325135,-0.9295286608024504
2021-06-18,2,15.8784575567785,12.887927704085783,5.865466634432475,-2.990529852692717
2021-06-19,2,12.631225360601782,11.130833963549481,5.855799984931945,-1.5003913970523008
2021-06-20,2,12.349307923097953,10.97683620072862,5.832449984550476,-1.3724717223693332
2021-06-21,2,30.039747961027473,25.995370269032886,7.893783338864644,-4.044377691994587
2022-06-01,2,14.52937403458725,12.401024383229661,4.736516650517782,-2.1283496513575884
2022-06-02,2,31.05202318761627,34.073170511206115,3.003366672992706,3.021147323589844
2022-06-03,2,20.96820711180662,24.20766704693467,2.8206166625022884,3.2394599351280498
2022-06-04,2,10.262037090623561,10.436131325321448,3.280650003751119,0.1740942346978862
2022-06-05,2,8.503578512118683,9.114118240280604,4.823933323224385,0.6105397281619211
2022-06-06,2,17.629910047033768,20.944875608443095,5.854333341121674,3.314965561409327
2022-06-07,2,7.647781970282434,7.707276124204807,3.9408333460489913,0.05949415392237256
2022-06-08,2,8.112369485212039,7.99563253990522,4.276133330663046,-0.116736945306819
2022-06-09,2,19.815148100185922,21.0787585657506,1.23619999786218,1.2636104655646783
2022-06-10,2,8.437705241809496,8.53803618593858,4.692766650517782,0.10033094412908383
2022-06-11,2,12.097590072509792,14.38366662188486,3.5355000217755634,2.2860765493750677
2022-06-12,2,12.414382895784023,10.30847634806446,5.478899987538655,-2.105906547719563
2022-06-13,2,15.842171044770033,15.471834157696119,6.863933332761129,-0.37033688707391477
2022-06-14,2,19.264784613678025,18.946083667071196,7.479033327102661,-0.31870094660682824
2022-06-15,2,21.09633152622056,21.51733028448609,7.853066635131836,0.42099875826552946
2022-06-16,2,15.432677303181968,14.225874048284386,6.5796499967575075,-1.2068032548975829
2022-06-17,2,10.5144830632909,10.0649703187553,5.499600005149841,-0.44951274453559975
2022-06-18,2,9.025974183327595,8.57206863539318,5.0290166378021235,-0.45390554793441495
2022-06-19,2,8.242236782414295,9.173600372624762,3.860866689682007,0.9313635902104664
2022-06-20,2,10.18348835317827,11.27945339983686,5.468483328819274,1.0959650466585913
2022-06-21,2,13.161325835583831,13.742348939890086,6.333933345476787,0.5810231043062544
2023-06-01,2,19.152395570591352,15.968940398990863,4.634066689014435,-3.183455171600489
2023-06-02,2,48.956844916058586,46.28075839482018,4.842600011313333,-2.6760865212384033
2023-06-03,2,28.75299921661579,31.33487083918958,2.5453166743119553,2.5818716225737894
2023-06-04,2,8.970975521650786,9.475570423841269,3.125916663805644,0.5045949021904832
2023-06-05,2,31.14450263301817,31.454071254681768,2.020133340358733,0.30956862166359755
2023-06-06,2,31.293723539811197,29.581122370768835,2.433416670560837,-1.7126011690423617
2023-06-07,2,34.65916942247784,33.95995064512128,2.657916673024495,-0.6992187773565561
2023-06-08,2,20.364914849852113,16.38865647629304,3.9012333472569787,-3.976258373559073
2023-06-09,2,15.789631506201395,13.032123593814475,2.9311499774456027,-2.75750791238692
2023-06-10,2,13.91709368262827,16.756056617655812,4.0894500056902565,2.838962935027542
2023-06-11,2,14.19323865593757,11.80382916643265,2.482066675027211,-2.3894094895049207
2023-06-12,2,28.965776946071138,32.95298651003543,3.3985500057538354,3.987209563964292
2023-06-13,2,26.199697923106832,23.254307759061117,2.609366659323374,-2.9453901640457154
2023-06-14,2,14.72496730060898,13.76894200688427,1.2817333191633222,-0.9560252937247107
2023-06-15,2,26.69156772207947,28.98634106174465,2.1953166604042056,2.2947733396651806
2023-06-16,2,86.08104991654673,84.6518724452538,8.922883319854733,-1.429177471292931
2023-06-17,2,11.175774035059739,12.533829507175586,2.897633326053619,1.358055472115847
2023-06-18,2,10.870496066123405,10.17853003218059,3.8023333191871647,-0.6919660339428155
2023-06-19,2,21.58974719328789,19.15865561893177,1.8023666650056838,-2.4310915743561203
2023-06-20,2,11.831165948404816,14.535904616954088,4.1372166752815245,2.704738668549272
2023-06-21,2,14.511823789258955,17.770981190150476,5.395383334159852,3.259157400891521
2024-06-01,2,16.308814030075595,17.998381305098032,1.906900000572205,1.689567275022437
2024-06-02,2,9.886687367187033,11.39201770683648,4.561366697152455,1.505330339649447
2024-06-03,2,9.4455113090138,10.807512079303972,4.874549996852875,1.362000770290173
2024-06-04,2,10.702759213040576,9.645602015878804,2.4141666611035664,-1.0571571971617715
2024-06-05,2,28.55508918453212,31.031574326746583,3.080216689904531,2.476485142214461
2024-06-06,2,10.081696642545204,7.8940617274187765,3.875616669654846,-2.187634915126427
2024-06-07,2,25.022877677716394,29.62478605867766,3.9965833624204,4.601908380961266
2024-06-08,2,15.551235476069635,15.220962899115701,6.800633351008097,-0.3302725769539343
2024-06-09,2,9.273051837963799,7.615918081946589,3.5881500045458474,-1.6571337560172097
2024-06-10,2,29.401719165527012,34.505582373717075,4.743149991830189,5.103863208190063
2024-06-11,2,8.938745454401186,7.323888681877268,3.707416681448619,-1.6148567725239182
2024-06-12,2,8.258905404874838,7.552769912429081,3.25353334347407,-0.7061354924457568
2024-06-13,2,11.211739275983632,10.58168477667553,5.7034833590189615,-0.6300544993081019
2024-06-14,2,15.854409902134151,12.871934901034024,3.482950003941854,-2.982475001100127
2024-06-15,2,9.035614862064335,10.301679550681733,4.567399994532267,1.2660646886173978
2024-06-16,2,17.58082168070043,17.57454148539686,7.2313499848047895,-0.006280195303570935
2024-06-17,2,17.463753646426014,18.357699895258268,7.214849988619486,0.893946248832254
2024-06-18,2,26.07541707600781,26.783558803510335,8.450449991226199,0.7081417275025252
2024-06-19,2,21.082836866311396,22.074151667963303,7.7797999779383344,0.9913148016519067
2024-06-20,2,8.824477543527777,10.243670823695112,3.924933310349782,1.4191932801673346
2024-06-21,2,8.367263629629726,9.333459368240515,3.968150003751119,0.9661957386107893
2025-06-01,2,23.413133276517655,19.369385402168444,4.299049989382426,-4.0437478743492115
2025-06-02,2,8.085344525970509,8.530212452060354,3.485033333301544,0.44486792608984516
2025-06-03,2,16.074815949281096,17.225732521888748,6.932366673151653,1.1509165726076525
2025-06-04,2,64.31201291723593,68.00373814398837,7.226383328437805,3.691725226752439
2025-06-05,2,14.911290621730025,17.42840948919112,3.053750004371008,2.5171188674610967
2025-06-06,2,22.920910289361352,22.47970005051698,3.2602666715780892,-0.4412102388443735
2025-06-07,2,12.885342658105635,15.465514718820476,3.6175833225250247,2.5801720607148404
2025-06-08,2,29.97160979800239,27.521968492316784,2.650050014257431,-2.4496413056856063
2025-06-09,2,29.38475597935728,28.53154249021829,2.449683336416881,-0.8532134891389909
2025-06-10,2,24.16313205609177,22.666842860899262,1.3086500018835063,-1.4962891951925066
2025-06-11,2,15.597181694266936,11.941162891707513,4.430100003878275,-3.656018802559423
2025-06-12,2,10.632831294649012,12.479058788809898,4.6870333552360535,1.8462274941608854
2025-06-13,2,10.708383176815087,12.889322652999379,3.9182666579882297,2.1809394761842924
2025-06-14,2,15.586768262398493,18.97674931044349,5.455999986330668,3.389981048044998
2025-06-15,2,15.676465460862666,17.945639605995158,3.047416669130325,2.2691741451324923
2025-06-16,2,10.109065667692292,10.964534219750828,2.9134666522343946,0.8554685520585359
2025-06-17,2,8.52782186305717,9.197790170937203,4.770449956258139,0.6699683078800334
2025-06-18,2,30.848271853353403,36.150781548591596,7.377600034077963,5.302509695238193
2025-06-19,2,23.2153779635752,19.06254624501121,3.7772500197092698,-4.152831718563991
2025-06-20,2,9.761831841789132,9.088147555260214,5.219483343760173,-0.6736842865289177
2025-06-21,2,23.804298495262877,21.380122033875605,7.7014166990915935,-2.4241764613872725
1994-06-01,4,11.332742534541609,8.576763849570959,3.9553833325703946,-2.75597868497065
1994-06-02,4,8.731492061999017,7.94286828440476,4.3992666721344,-0.7886237775942568
1994-06-03,4,13.026091093933264,12.461636701056964,2.4906666696071627,-0.5644543928763
1994-06-04,4,22.043921593909186,26.637767235466367,2.5973000029722852,4.593845641557181
1994-06-05,4,17.7912646078325,19.535591577992843,7.111300015449524,1.744326970160344
1994-06-06,4,27.849224169416193,30.371720205339532,3.192949978013833,2.5224960359233393
1994-06-07,4,12.931810894419105,16.10425222561606,4.762499999999999,3.172441331196957
1994-06-08,4,28.00927018970879,30.71870348185458,8.613499983151753,2.709433292145789
1994-06-09,4,39.38199807084801,46.35193062611167,5.454650004704794,6.969932555263654
1994-06-10,4,20.269171759996876,25.080382935683357,3.3060833295186365,4.811211175686481
1994-06-11,4,15.388718165157254,18.775091964078012,2.730933332443237,3.386373798920758
1994-06-12,4,8.815454653720966,9.442161424723206,3.550466676553091,0.6267067710022403
1994-06-13,4,22.256932565257667,22.113957981750342,7.990183329582215,-0.14297458350732484
1994-06-14,4,18.27347482247688,19.129688009103685,7.291600012779236,0.8562131866268032
1994-06-15,4,38.50962988610145,38.818005368682364,10.422999986012776,0.30837548258091374
1994-06-16,4,31.965997763155467,34.65342221777102,9.232333358128866,2.687424454615556
1994-06-18,4,8.742275257870201,10.35999797350409,4.367033346494039,1.6177227156338887
1994-06-19,4,14.110378943577086,17.453096645346374,4.044866673151652,3.3427177017692884
1994-06-20,4,15.180222043395649,15.949760701293254,0.7914833337068556,0.7695386578976056
1994-06-21,4,7.939458485278628,8.758898981341506,3.8267166694005326,0.819440496062878
1995-06-01,4,34.794069329599,39.45064341638235,3.6420999844868978,4.656574086783351
1995-06-03,4,12.892448507698827,16.177343902167816,3.8742166876792914,3.2848953944689896
1995-06-04,4,26.379336432424505,26.975890284814735,7.724650009473164,0.5965538523902296
1995-06-05,4,42.62758967504902,42.42530950485994,10.617666641871134,-0.20228017018908417
1995-06-06,4,16.12510403933719,16.510948488631055,2.7639000197251633,0.3858444492938631
1995-06-07,4,11.604265635382465,14.315044051518509,5.096566685040792,2.710778416136044
1995-06-08,4,24.488480328103872,25.23349560781003,8.144083340962728,0.7450152797061591
1995-06-09,4,61.07953476725916,68.09248862874408,7.64714994430542,7.012953861484917
1995-06-10,4,54.4873709142731,58.42289240873056,5.752983371416728,3.9355214944574612
1995-06-11,4,48.84703248273645,52.65999773743427,4.9646166721979785,3.812965254697815
1995-06-12,4,18.70127408197789,19.873690761229906,0.6739000062147777,1.1724166792520165
1995-06-13,4,8.88043590190771,10.377521210079514,3.739050010840098,1.4970853081718047
1995-06-14,4,11.032162347995751,13.650944224329471,4.839966678619384,2.6187818763337205
1995-06-15,4,11.211379213127191,13.475741830521056,5.319149994850158,2.2643626173938642
1995-06-16,4,13.531113413319868,11.910984097622592,5.976866682370504,-1.6201293156972767
1995-06-17,4,8.270743789418972,9.113122291562789,3.5665666619936625,0.8423785021438164
1995-06-18,4,10.388550951883033,12.885833694998894,4.265916673342387,2.4972827431158606
1995-06-19,4,9.763798077002601,12.015600643941525,4.299333357810974,2.251802566938924
1995-06-20,4,8.09576795551649,9.002271496803257,4.3713833570480345,0.9065035412867672
1995-06-21,4,8.765280434327355,10.41309473562428,4.272933332125346,1.6478143012969255
1996-06-01,4,34.85201947996599,37.244416062194475,9.66999998092651,2.3923965822284856
1996-06-02,4,10.050950284097325,8.309146832243705,2.800150008996328,-1.7418034518536203
1996-06-03,4,24.614772201127234,28.70058692197853,2.2378000001112626,4.085814720851296
1996-06-04,4,11.590508307181729,12.711091610736037,2.795683340231578,1.1205833035543087
1996-06-05,4,21.917923826163456,26.984601706869757,3.8137166698773712,5.066677880706301
1996-06-06,4,95.245155651912,93.99309775518795,11.031149999300638,-1.2520578967240539
1996-06-07,4,31.288359540311394,28.291414913584017,4.174266660213471,-2.9969446267273767
1996-06-08,4,46.43845876549955,50.03245890969532,4.618733326594035,3.5940001441957747
1996-06-09,4,35.200651782667634,37.016198530675865,2.9718333284060163,1.8155467480082308
1996-06-10,4,14.002707029273399,17.25321421050427,3.0184333284695946,3.250507181230873
1996-06-11,4,10.434732883665859,12.487910454650258,3.1062999963760376,2.053177570984399
1996-06-12,4,12.76610525779871,11.280862928008858,5.294083372751872,-1.4852423297898518
1996-06-13,4,8.980966926887213,8.439695895632116,4.7138833204905195,-0.5412710312550963
1996-06-14,4,11.497174341146088,10.461069650083708,2.2365833361943563,-1.0361046910623806
1996-06-15,4,9.320796851161504,10.75841074880626,3.3632166624069213,1.4376138976447557
1996-06-16,4,16.1360637277602,12.225569206913452,5.22123332420985,-3.910494520846747
1996-06-17,4,23.21928530228995,19.66118955475366,5.511783341566721,-3.558095747536292
1996-06-18,4,12.544903953643637,9.875985021849434,3.2514333407084153,-2.6689189317942024
1996-06-19,4,35.00980370382203,34.6970399834498,6.401433336734772,-0.31276372037223155
1996-06-20,4,21.84241660300076,26.513185122460666,6.334533325831096,4.670768519459905
1996-06-21,4,12.448551606328817,14.267739699971738,5.892099968592326,1.8191880936429214
1997-06-01,4,20.519775430657173,24.71047029241107,2.253983336687088,4.190694861753897
1997-06-02,4,14.488426217160889,17.833979736903682,3.084000015258789,3.3455535197427935
1997-06-03,4,25.95376914443926,30.394183576509132,2.345666670799256,4.440414432069872
1997-06-04,4,13.92496236436266,10.745519092561022,4.218400041262309,-3.179443271801638
1997-06-06,4,11.2331342053448,13.494463518291827,3.0838666558265686,2.2613293129470264
1997-06-07,4,10.493182216685664,11.573947620989046,2.7888499855995184,1.0807654043033814
1997-06-08,4,10.335688065040184,12.018253759126374,2.9685666680336005,1.6825656940861897
1997-06-09,4,25.384918603121807,28.851184596502083,2.150616671641668,3.4662659933802757
1997-06-10,4,29.37188834535449,35.02164546120024,3.4385999917984007,5.649757115845748
1997-06-11,4,12.423524239899724,14.244945577582559,2.583033341169357,1.8214213376828354
1997-06-12,4,12.694108750000108,14.862519952397452,5.8317000071207685,2.168411202397344
1997-06-13,4,19.19397226613783,22.252945813239368,6.830799984931946,3.0589735471015373
1997-06-14,4,29.101530650892673,33.80712984435698,2.697950015465419,4.705599193464305
1997-06-15,4,9.494577309181423,8.683174608626352,4.031733314196269,-0.811402700555071
1997-06-16,4,14.165468948159447,13.344653290004121,5.518599998950958,-0.8208156581553254
1997-06-17,4,28.117224111948904,24.3576271615914,4.44174998998642,-3.759596950357505
1997-06-18,4,12.676420743267503,9.154197446652713,4.29251667658488,-3.52222329661479
1997-06-19,4,12.809736755692558,10.641373489240156,5.8027833541234335,-2.1683632664524026
1997-06-20,4,28.250761490240546,26.681820444995378,8.796666677792867,-1.5689410452451682
2021-06-01,4,28.737238728967096,34.06035962903702,3.3146666665871938,5.323120900069927
2021-06-02,4,9.464690863662035,9.279326072632475,2.4577833275000254,-0.18536479102955994
2021-06-03,4,12.592398851132199,11.970531965157619,2.2082166532675425,-0.6218668859745797
2021-06-04,4,7.841147032605914,7.240752036172662,3.8591333230336504,-0.600394996433252
2021-06-05,4,9.990482736269762,7.770783822329246,4.67863332827886,-2.2196989139405154
2021-06-06,4,10.555573944941969,11.201829709775243,2.726650005578995,0.6462557648332741
2021-06-07,4,8.960818565248935,9.975663092889654,3.982633328437805,1.0148445276407188
2021-06-08,4,12.031538839950546,14.274180309331822,2.6868833283583324,2.242641469381276
2021-06-09,4,7.926509947181589,8.526598112179581,3.7801000157992046,0.6000881649979917
2021-06-10,4,8.804532502865904,10.276688137626568,3.9547666668891908,1.4721556347606644
2021-06-11,4,9.320707519500022,8.814026793031818,4.959283332029979,-0.5066807264682041
2021-06-12,4,81.68563285599114,88.99130657068389,10.497483380635583,7.305673714692745
2021-06-13,4,20.76281841142382,24.697833884079277,2.014933337767918,3.935015472655458
2021-06-14,4,13.689554612737236,16.74990907102502,3.0953333457310994,3.060354458287783
2021-06-15,4,8.415121664725,7.419241413092031,3.2185666521390277,-0.9958802516329683
2021-06-16,4,9.071275911738475,7.774679856515039,3.0419166763623546,-1.2965960552234357
2021-06-17,4,10.254733302930795,7.4802973533623565,4.329200013478598,-2.7744359495684385
2021-06-18,4,16.45471117621266,12.136721852569682,5.450133315722148,-4.317989323642976
2021-06-19,4,15.659170153736643,12.346956035533935,6.03608333269755,-3.312214118202707
2021-06-20,4,14.792774951109127,12.352171886561312,6.195783376693726,-2.4406030645478154
2021-06-21,4,19.218968151747543,14.746401745986052,5.23556669553121,-4.472566405761491
2022-06-01,4,17.850673072757584,17.028608725091136,3.382733336091042,-0.8220643476664478
2022-06-02,4,33.204645465780644,37.10872575623161,2.841633343696594,3.9040802904509633
2022-06-03,4,18.896226812117735,23.224260130288013,2.7647499839464817,4.328033318170277
2022-06-04,4,10.149620434996805,11.186700340506892,2.4940166572729745,1.0370799055100868
2022-06-05,4,9.610820850856449,11.676500239838635,4.203366680939993,2.0656793889821863
2022-06-06,4,22.315217299130776,25.220883923989593,7.507166703542072,2.905666624858817
2022-06-07,4,9.022187827936076,9.200431708729319,2.8981166621049237,0.17824388079324294
2022-06-08,4,18.73422229622597,15.569956146590822,3.213866662979126,-3.1642661496351465
2022-06-09,4,25.207263155717254,29.1759099926844,2.030516674121221,3.968646836967146
2022-06-10,4,12.466666235632577,15.474938972869278,4.4184333364168795,3.0082727372367017
2022-06-11,4,11.105621758561089,13.830928586057258,4.108249994119009,2.725306827496169
2022-06-12,4,8.828225288932398,9.988179071973406,4.352249995867411,1.1599537830410078
2022-06-13,4,25.350429390014522,22.675512329847404,8.161616706848145,-2.674917060167118
2022-06-14,4,31.954735091566906,31.372853191156953,9.452833350499471,-0.5818819004099538
2022-06-15,4,20.02351058467732,21.581500429624416,7.525416660308838,1.5579898449470946
2022-06-16,4,12.646047655654979,12.998148378371713,6.08784998257955,0.35210072271673454
2022-06-17,4,8.390319154479933,7.323577343685404,4.417449990908305,-1.0667418107945288
2022-06-18,4,9.050130007369617,7.193742931560347,3.812666670481364,-1.8563870758092698
2022-06-19,4,8.634201270781734,8.483264580557435,4.657466642061869,-0.1509366902242988
2022-06-20,4,13.765641614662787,15.218984508248251,6.284333324432374,1.4533428935854644
2022-06-21,4,12.983887312161844,14.364088745659142,6.0882000128428135,1.380201433497298
2023-06-01,4,12.311780815262178,11.752828199123954,1.9373333300153408,-0.5589526161382246
2023-06-02,4,23.52413274711107,26.49390893524632,1.4905166695515315,2.969776188135249
2023-06-03,4,38.733362589295,39.961902710843916,3.6033833305040988,1.2285401215489173
2023-06-04,4,13.673093019954091,15.947583811150476,1.9099666714668269,2.274490791196385
2023-06-05,4,40.824884114919385,42.00740220644293,3.9006000041961677,1.1825180915235478
2023-06-06,4,26.615208255384015,29.668762135903943,1.7491999963919327,3.053553880519928
2023-06-07,4,18.333571452627577,20.566373835811216,1.0267166746159397,2.232802383183639
2023-06-08,4,19.00254265475535,18.079951393762297,1.801516678929329,-0.9225912609930518
2023-06-09,4,21.066685071161782,17.343703767643586,3.704216667016347,-3.7229813035181962
2023-06-10,4,10.759599866969332,13.04415445501666,4.609983344872793,2.284554588047328
2023-06-11,4,15.4373433228232,13.465755292097043,2.1800499916076665,-1.9715880307261564
2023-06-12,4,20.876876057350987,24.71226563747219,1.9351666728655499,3.835389580121202
2023-06-13,4,11.135489733595364,10.549825472980139,1.9993499934673302,-0.5856642606152249
2023-06-14,4,25.652602807416212,28.056737540176645,1.5233333320667348,2.4041347327604328
2023-06-15,4,14.976985686840106,17.897249728020586,2.107033322254817,2.9202640411804808
2023-06-16,4,13.24999436042923,13.987872809973908,2.7188500006993612,0.7378784495446773
2023-06-17,4,12.281147964311007,11.635177059592497,1.871116667985916,-0.64597090471851
2023-06-18,4,90.51941975137761,92.78348444312205,10.190099986394252,2.264064691744437
2023-06-19,4,12.146917945437625,10.424442036866306,2.3122999926408125,-1.7224759085713188
2023-06-20,4,12.6212326848711,15.575247980673783,3.3613499879837034,2.9540152958026837
2023-06-21,4,16.86905373379791,20.871031167701265,5.067883352438609,4.001977433903356
2024-06-01,4,10.510337787171345,12.30331061700667,3.3962499936421713,1.7929728298353247
2024-06-02,4,10.582703878931987,12.545858568200192,5.069000021616619,1.9631546892682046
2024-06-03,4,8.88247074770172,10.034079808552693,4.706916705767313,1.1516090608509728
2024-06-04,4,9.730934442058231,11.006022683488574,4.643816669782003,1.2750882414303426
2024-06-05,4,18.64455453421824,20.730390124068432,1.8466999923189484,2.0858355898501912
2024-06-06,4,9.334646821655628,7.332981628169822,3.8162666837374366,-2.001665193485806
2024-06-07,4,16.546353225187463,20.727445896815826,3.4732333342234285,4.181092671628363
2024-06-08,4,17.369057079979978,14.568105195738372,6.592450006802876,-2.8009518842416057
2024-06-09,4,17.27488040610427,13.308607665004349,5.782100001970927,-3.966272741099921
2024-06-10,4,22.792444650363674,27.06703134257644,2.247416657209396,4.274586692212765
2024-06-11,4,12.224677209500488,9.961421222183695,3.038600019613902,-2.263255987316793
2024-06-12,4,9.275992539012545,7.430283982261532,3.507049981753031,-1.8457085567510134
2024-06-13,4,11.339629219910464,8.67804976881552,5.09693333307902,-2.661579451094944
2024-06-14,4,75.09233579116226,79.37313463655843,8.755600007375083,4.280798845396177
2024-06-15,4,8.256303310077815,6.980964940599868,4.11468331416448,-1.2753383694779465
2024-06-16,4,17.512624008561804,17.322911882553417,7.100549983978272,-0.18971212600838783
2024-06-17,4,16.523405528003313,17.219101796734545,6.909966683387756,0.6956962687312327
2024-06-18,4,31.183862532061863,32.2903962749844,9.32925008138021,1.1065337429225401
2024-06-19,4,24.756566768781955,26.28594919232017,8.213083291053772,1.529382423538216
2024-06-20,4,8.486163407826073,9.526111151556488,3.6297833402951563,1.0399477437304157
2024-06-21,4,8.426139761421172,9.290803263468636,4.409650007883708,0.8646635020474633
2025-06-01,4,33.90479579384511,31.376100008444784,4.974666662514211,-2.528695785400327
2025-06-02,4,8.483358693325968,9.81823364257071,3.9847000002861024,1.3348749492447425
2025-06-03,4,51.2924591311824,49.32592271579719,6.2106166720390314,-1.9665364153852067
2025-06-04,4,60.093832129790755,64.15693180853586,6.508999991416932,4.063099678745104
2025-06-05,4,12.351701044204173,15.020627905158452,3.338349997997284,2.6689268609542793
2025-06-06,4,27.56264529214354,31.11933543860314,4.17114997903506,3.5566901464596015
2025-06-07,4,11.526915675645526,13.296689305288332,4.729033366839091,1.7697736296428062
2025-06-08,4,25.045772472417465,21.289837847289835,3.969050002098084,-3.7559346251276295
2025-06-09,4,32.55886299260766,37.73309407080312,3.3018666585286454,5.1742310781954615
2025-06-10,4,22.061424441399257,20.45162338733395,2.76438331430157,-1.6098010540653078
2025-06-11,4,18.617127377598774,14.366331203029436,4.1401166637738545,-4.250796174569338
2025-06-12,4,10.333418062841858,12.621752213315375,4.092783319950104,2.288334150473517
2025-06-13,4,11.183287163435175,13.448288780608966,3.1527666767438256,2.265001617173791
2025-06-14,4,11.838395780549845,14.71588828748683,4.032016678651174,2.877492506936985
2025-06-15,4,23.222541819256232,28.162013133654074,4.800316647688549,4.939471314397842
2025-06-16,4,10.023202991457314,10.503708248608387,2.3396666566530864,0.48050525715107284
2025-06-17,4,11.869697478708623,13.650279911966692,5.698899960517884,1.7805824332580684
2025-06-18,4,63.751475388503366,69.19007399372653,7.861316706736882,5.438598605223163
2025-06-19,4,26.868125846230416,22.48339059070017,4.633516677220662,-4.384735255530245
2025-06-20,4,12.636265956958947,10.047353856998708,5.453916684786479,-2.5889120999602397
2025-06-21,4,18.581932810897147,16.07371596955056,6.970449995994568,-2.508216841346588
1994-06-01,6,12.398231500121547,8.774755866317882,3.734916671117147,-3.6234756338036647
1994-06-02,6,8.749842288786663,7.650763086253402,3.504783332347869,-1.099079202533261
1994-06-03,6,9.389547515594224,10.872689663737695,2.745783330500125,1.4831421481434717
1994-06-04,6,14.077316327229958,18.877186461397738,2.975816675027212,4.799870134167779
1994-06-05,6,13.02138756141008,15.952134745466818,5.005766654014588,2.930747184056738
1994-06-06,6,59.3989906619776,68.5447609686772,8.33931667407354,9.145770306699596
1994-06-07,6,17.767016740001573,23.498264055982336,4.251150015989939,5.731247315980763
1994-06-08,6,27.57106952842755,28.99475943480616,8.200000055631001,1.423689906378609
1994-06-09,6,36.65534769861638,45.474369636040365,5.008550004164378,8.819021937423983
1994-06-10,6,27.09502451047466,33.99770047093752,2.7328333159287768,6.902675960462858
1994-06-11,6,13.635629251574123,17.53071165668715,1.9688166548808415,3.895082405113026
1994-06-12,6,8.472705779756023,8.15429730619261,3.600100000699361,-0.3184084735634123
1994-06-13,6,17.46021665275807,17.135797273683227,6.672666652997335,-0.3244193790748433
1994-06-14,6,28.514062504159163,26.073694405212418,8.483333381017049,-2.4403680989467453
1994-06-15,6,32.77925569257258,29.989526713880505,9.109999974568684,-2.7897289786920787
1994-06-16,6,41.64939683979492,43.59756617203257,10.162833340962724,1.9481693322376543
1994-06-18,6,9.827835587971535,11.703484482729014,4.281249976158141,1.8756488947574788
1994-06-19,6,14.151442199864377,15.069294517773518,3.204350020488103,0.9178523179091407
1994-06-20,6,11.890426539896175,14.034087377533925,1.6742833415667213,2.14366083763775
1994-06-21,6,8.834221388530516,10.735534587577995,3.475766662756602,1.901313199047479
1995-06-01,6,11.025733076126919,14.186850569527746,2.467233333985011,3.161117493400827
1995-06-03,6,9.077037464315158,10.020067127958296,3.5473666787147518,0.9430296636431379
1995-06-04,6,19.691191573700216,17.33646836337638,3.3621166686216983,-2.3547232103238365
1995-06-05,6,45.630323982586766,49.33228268935241,7.491733344395957,3.7019587067656445
1995-06-06,6,20.282608658812663,26.40537926089765,3.9922500173250834,6.122770602084987
1995-06-07,6,13.975191273476419,15.890655614934193,5.667716670036316,1.9154643414577741
1995-06-08,6,17.40857835519799,21.799174541486646,4.4164333542188015,4.390596186288658
1995-06-09,6,56.89141026870215,66.14129320176508,7.642599980036418,9.249882933062928
1995-06-10,6,42.69132721013698,50.03330426062442,4.828116663297018,7.341977050487436
1995-06-11,6,46.83499535471663,52.741274586420005,5.242316627502442,5.9062792317033725
1995-06-12,6,27.839131120359355,25.05322186126055,4.08703335126241,-2.785909259098805
1995-06-13,6,11.49816426784615,14.972283846520394,3.5894333203633626,3.4741195786742445
1995-06-14,6,14.787719513075537,16.914528434212404,5.8045833269755045,2.126808921136867
1995-06-15,6,13.08618123792975,16.68233554300483,4.677016671498617,3.5961543050750784
1995-06-16,6,14.118566396617524,12.914162038837116,5.962599992752075,-1.2044043577804082
1995-06-17,6,8.861315264121934,10.554873315276723,3.0298000057538355,1.6935580511547883
1995-06-18,6,11.012883103095625,14.266563926715666,4.1744166851043705,3.2536808236200407
1995-06-19,6,10.194968644590162,13.015790145758878,3.9699333230654394,2.820821501168716
1995-06-20,6,10.739898092456869,12.4887590555931,4.768300008773804,1.7488609631362309
1995-06-21,6,10.878470305229627,13.935064133074807,4.237466641267141,3.0565938278451803
1996-06-01,6,24.998599072008673,31.23803938641981,2.790716658035914,6.239440314411137
1996-06-02,6,16.857646379641828,17.55166252552141,1.2946666657924657,0.6940161458795835
1996-06-03,6,9.25373813643585,8.989138150067934,3.8817666689554846,-0.2645999863679158
1996-06-04,6,23.790119076961098,21.812131162652722,3.5412333369255067,-1.9779879143083754
1996-06-05,6,18.919844508665,24.42829174125814,4.964016652107239,5.508447232593138
1996-06-06,6,34.918573974091856,36.85897362266226,8.888900001843771,1.9403996485704056
1996-06-07,6,37.69102859683101,37.30718811947507,4.651833319664001,-0.38384047735593896
1996-06-08,6,38.544959623567514,42.049974008099156,4.140433327356974,3.5050143845316413
1996-06-09,6,33.94837584460389,34.584781088312496,3.877900000413259,0.6364052437086087
1996-06-10,6,13.133673329328694,17.453940124818462,2.9762666622797647,4.320266795489768
1996-06-11,6,12.362212405126947,15.83290503128607,2.241633335749308,3.470692626159124
1996-06-12,6,16.92375797592188,18.235321708251764,5.568616664409638,1.3115637323298834
1996-06-13,6,10.272304765044822,10.95511731091094,2.0772166589895886,0.682812545866117
1996-06-14,6,11.114743561932599,12.696657402607379,1.8217666645844777,1.5819138406747797
1996-06-15,6,9.75125387324043,10.575686980958356,4.422599983215332,0.8244331077179261
1996-06-16,6,10.920979920412314,11.514179184841321,4.731499981880188,0.593199264429007
1996-06-17,6,15.137495731395482,14.18604309718248,3.460649979114532,-0.9514526342130019
1996-06-18,6,8.82598938794213,9.853258456065042,2.8070333083470667,1.0272690681229122
1996-06-19,6,44.13223513962452,51.593094232355526,8.325983309745789,7.460859092731006
1996-06-20,6,19.194549010336367,24.95806315122312,4.895883321762085,5.763514140886752
1996-06-21,6,20.709764280451807,19.98702664498696,7.280366651217143,-0.7227376354648491
1997-06-01,6,19.350825356996168,25.75533925859477,2.8554166853427887,6.404513901598602
1997-06-02,6,15.290217947777009,20.265216022034327,2.131166677673658,4.974998074257318
1997-06-03,6,21.457532135405252,27.977263397816127,2.349233329296112,6.519731262410875
1997-06-04,6,9.764847534415178,8.370940158713498,3.5542166670163473,-1.39390737570168
1997-06-06,6,10.749058209610716,13.64218139951009,3.4510666608810427,2.8931231898993737
1997-06-07,6,21.062164336374998,14.875135132689703,5.317483321825663,-6.187029203685295
1997-06-08,6,10.225016427164803,10.192991724983237,2.1944666624069207,-0.032024702181566056
1997-06-09,6,31.655901452111898,39.34908024243133,5.4803166786829625,7.693178790319429
1997-06-10,6,29.052587345413407,36.62227467469437,3.2135166645050037,7.56968732928096
1997-06-11,6,15.942755584877816,20.98985288809484,2.2493833303451534,5.047097303217026
1997-06-12,6,13.353523691247837,16.509617886397056,5.0358499765396125,3.156094195149219
1997-06-13,6,40.56590840619929,44.13069116522294,4.720566680034003,3.5647827590236503
1997-06-14,6,25.859454234325618,30.248208870565367,1.997583325703939,4.388754636239749
1997-06-15,6,13.41302080809644,16.675579269941576,4.879100012779236,3.262558461845135
1997-06-16,6,71.59302484509928,73.57544941880475,8.844233298301695,1.9824245737054724
1997-06-17,6,29.36389866565819,29.550568035197482,3.3225166539351147,0.1866693695392918
1997-06-18,6,13.433025558457949,9.216215661350219,4.0596333026885985,-4.21680989710773
1997-06-19,6,16.182686415545973,14.79082799863713,6.433666634559631,-1.3918584169088426
1997-06-20,6,23.10462080943796,20.72459990661631,7.669166652361552,-2.380020902821652
2021-06-01,6,27.703494157104878,34.908076513231165,2.9241166591644285,7.204582356126288
2021-06-02,6,17.919446514441155,16.294450009217197,2.4888833343982704,-1.624996505223958
2021-06-03,6,13.486864702225034,16.606812849954377,1.0792833328247067,3.1199481477293425
2021-06-04,6,10.003470416061802,9.292365895713449,4.32914997736613,-0.7111045203483535
2021-06-05,6,9.87700310080005,7.391055071232323,4.062649993101757,-2.4859480295677265
2021-06-06,6,8.834135374836286,9.590151566938012,3.846616665522257,0.7560161921017254
2021-06-07,6,10.5364611786984,13.753186195236498,3.7745833237965902,3.216725016538099
2021-06-08,6,10.516035639634058,13.495519607869912,2.99544999996821,2.9794839682358543
2021-06-09,6,10.434619518295356,13.610687564068638,3.500466660658518,3.176068045773281
2021-06-10,6,8.790487771540604,10.563702277031897,3.325833340485891,1.7732145054912927
2021-06-11,6,12.840855563266807,11.723138049855056,5.576516636212666,-1.1177175134117512
2021-06-12,6,26.086634946391065,30.77536226296264,4.443033344298602,4.688727316571576
2021-06-13,6,24.0275444042518,31.121647960238636,2.836150002479553,7.0941035559868375
2021-06-14,6,17.038624403783913,22.339188868508668,1.962466672062874,5.300564464724754
2021-06-15,6,11.050165668266033,12.371815310370692,1.6976000050703686,1.32164964210466
2021-06-16,6,9.196445213458794,8.51446009274548,2.979499997695287,-0.6819851207133141
2021-06-17,6,15.44575875932592,10.70547139247773,4.033249998092652,-4.7402873668481895
2021-06-18,6,18.937903118090993,13.064088302081533,5.590533304214477,-5.87381481600946
2021-06-19,6,17.794613911506822,14.52918398176016,6.590433319409688,-3.265429929746663
2021-06-20,6,15.080462172605642,12.307218686529456,6.062533315022787,-2.7732434860761863
2021-06-21,6,15.38995050701324,18.882102248593892,1.7682333368808036,3.4921517415806527
2022-06-01,6,27.656263647292562,34.230241727785454,2.9753666679064437,6.573978080492893
2022-06-02,6,29.277178182911065,34.466212663265495,2.6537500143051154,5.1890344803544295
2022-06-03,6,14.952296909562058,19.59496496299499,2.066800002257029,4.642668053432931
2022-06-04,6,9.659800808046974,11.060116450461624,2.2535000006357833,1.4003156424146503
2022-06-05,6,9.760602781965222,12.290535583755258,3.4507166703542076,2.5299328017900358
2022-06-06,6,27.370538054523472,31.098446449214723,3.4946333209673566,3.7279083946912515
2022-06-07,6,13.607360013256589,17.342321545716405,1.6705666581789647,3.734961532459817
2022-06-08,6,14.201539867497758,10.207933977977373,3.809233331680298,-3.993605889520385
2022-06-09,6,19.515387879624363,24.16813007752744,1.0623833308617274,4.652742197903077
2022-06-10,6,11.682574845950072,13.747251727551404,4.724383358160655,2.064676881601333
2022-06-11,6,11.271062829300504,14.578582237401225,3.5590166787306474,3.3075194081007204
2022-06-12,6,17.825638269892693,21.326861815122125,5.311633332570393,3.5012235452294327
2022-06-13,6,33.07646163354098,28.006853406939253,8.891766699155172,-5.069608226601726
2022-06-14,6,31.84912222980814,29.4057562765064,9.025266631444296,-2.44336595330174
2022-06-15,6,29.880248816069034,29.11807369226727,8.737983314196269,-0.7621751238017644
2022-06-16,6,14.335005803518534,16.443393016811708,5.648316653569539,2.108387213293174
2022-06-17,6,13.335385365603358,10.694280269947669,5.666433350245158,-2.641105095655689
2022-06-18,6,9.06825633933314,7.8613476210843665,3.2802166620890296,-1.2069087182487728
2022-06-19,6,11.495418765275083,14.8675318304043,2.875383333365123,3.3721130651292164
2022-06-20,6,15.055330929904109,17.541501534799405,5.717233339945475,2.486170604895296
2022-06-21,6,15.77807615281705,15.26162487776185,6.317849969863891,-0.5164512750551999
2023-06-01,6,9.55364465908729,11.349328911696244,4.024650005499522,1.7956842526089538
2023-06-02,6,16.161773257747747,21.479326305279255,2.186266676584879,5.317553047531508
2023-06-03,6,31.13487055365446,35.02108295477707,2.85443334604303,3.886212401122613
2023-06-04,6,15.63311961072744,18.574868527252246,2.1020499964555106,2.941748916524805
2023-06-05,6,35.02398790623103,39.408127388831616,3.5524166663487753,4.384139482600588
2023-06-06,6,24.78049383406627,31.26354050608357,2.4829333245754253,6.483046672017299
2023-06-07,6,13.853984993683618,14.777614522330975,1.5832166646917665,0.923629528647357
2023-06-08,6,18.877246325963746,18.293207762181584,1.949383329561291,-0.5840385637821619
2023-06-09,6,22.307989231517972,18.052326886011603,4.0130666812260944,-4.255662345506369
2023-06-10,6,13.92196342749159,17.21323319192693,5.0536833047866825,3.291269764435338
2023-06-11,6,25.652422096800223,21.666937573547845,4.323683341344197,-3.985484523252378
2023-06-12,6,14.212130225993356,18.177405989193534,2.2452833354473114,3.9652757632001787
2023-06-13,6,17.610043681643035,15.9022979651055,2.3582833349704733,-1.7077457165375343
2023-06-14,6,32.49942296973708,40.49221292186836,3.9798833290735876,7.992789952131275
2023-06-15,6,12.048384283676029,15.36832114047164,1.9821833411852516,3.3199368567956107
2023-06-16,6,27.072078965093745,28.62079820209816,2.6451666712760926,1.5487192370044163
2023-06-17,6,11.549311883600417,12.925408688203888,1.5231500009695695,1.3760968046034705
2023-06-18,6,28.957200101008382,34.49823623463247,3.4504666616519297,5.54103613362409
2023-06-19,6,9.733674656781723,8.947385141462416,2.7755000034968056,-0.7862895153193072
2023-06-20,6,17.309264759932866,22.77888270058263,4.421699965000152,5.469617940649766
2023-06-21,6,17.932958774840756,23.153883542669607,5.008416652679443,5.220924767828851
2024-06-01,6,10.122407781717754,11.478131430666277,3.1874000052611033,1.3557236489485227
2024-06-02,6,12.027331852204469,10.97487807849313,4.035650014877319,-1.0524537737113384
2024-06-03,6,16.074411979388792,16.936268330399106,5.996766670544942,0.8618563510103137
2024-06-04,6,11.436571071437172,10.447792697124893,4.883500023682911,-0.9887783743122789
2024-06-05,6,28.59624580311884,31.50072216720775,2.5054833392302194,2.904476364088911
2024-06-06,6,20.06636834659588,14.169512520884123,5.073350036144256,-5.896855825711757
2024-06-07,6,16.221571612709162,21.852810587892886,2.8236333370208744,5.631238975183724
2024-06-08,6,28.509070984530787,21.961915559059758,7.405350001653036,-6.547155425471029
2024-06-09,6,20.058839310137195,15.684684804732054,4.298516674836476,-4.374154505405141
2024-06-10,6,22.815221889168477,29.195210243708434,2.0957666675249733,6.379988354539957
2024-06-11,6,19.05413065364087,18.582295915345593,2.0326166652142996,-0.471834738295275
2024-06-12,6,11.278740358655789,9.067213393109732,2.8297499934832255,-2.2115269655460565
2024-06-13,6,10.20204673215811,7.385124945355258,4.262816635767619,-2.816921786802851
2024-06-14,6,23.410548731671405,21.593145190360527,5.203749982515971,-1.8174035413108776
2024-06-15,6,10.471569387132028,8.379013319075082,4.6338667114575705,-2.092556068056947
2024-06-16,6,16.07008944499853,15.053435047603127,6.159649991989136,-1.0166543973954028
2024-06-17,6,13.86111998907949,14.67936661601279,5.809349997838339,0.8182466269332984
2024-06-18,6,33.31009187776544,32.843818306018505,9.247166633605955,-0.46627357174693174
2024-06-19,6,12.544852100389399,12.823816399222125,5.406850016117096,0.2789642988327259
2024-06-20,6,8.690042716710789,9.96176053548551,2.829166666666667,1.2717178187747216
2024-06-21,6,8.77273195671464,9.822394106783712,3.681083329518636,1.0496621500690715
2025-06-01,6,20.90910140943516,21.089229428913665,1.9112833321715392,0.18012801947850576
2025-06-02,6,8.792527089600402,8.19069310168053,3.352350004514058,-0.6018339879198713
2025-06-03,6,31.116370652615487,25.85599743259674,6.4401833375295015,-5.260373220018746
2025-06-04,6,45.38440825750185,52.07217672161997,5.139149995644888,6.687768464118115
2025-06-05,6,12.751058768134648,15.669614109069318,1.7168166706959407,2.9185553409346703
2025-06-06,6,21.617309632291636,27.20440421595698,5.228366676966349,5.587094583665344
2025-06-07,6,41.68639827410745,39.71311158843861,9.758966652552287,-1.973286685668839
2025-06-08,6,22.56017489469871,17.31863438196903,4.610733322302501,-5.2415405127296815
2025-06-09,6,22.373684766440277,28.794185431112542,2.178183321158091,6.420500664672264
2025-06-10,6,15.177953653830137,12.724008169676676,2.7037833273410796,-2.4539454841534614
2025-06-11,6,14.400589643169297,9.83677442832209,4.070716683069864,-4.563815214847207
2025-06-12,6,10.256362337090895,13.188365788503717,3.546733331680298,2.9320034514128217
2025-06-13,6,11.322978006641463,14.932602609830983,3.365383330980937,3.60962460318952
2025-06-14,6,13.902037370253574,18.644200596548007,2.7183333277702335,4.7421632262944335
2025-06-15,6,29.336102663834126,36.93225379252249,5.337149969736735,7.596151128688362
2025-06-16,6,17.275516012143115,20.621370843553937,0.5128999999413889,3.345854831410822
2025-06-17,6,10.852023524395491,13.618484941492124,4.159533313910165,2.7664614170966324
2025-06-18,6,36.369138239595074,36.60221522682545,6.075500027338664,0.23307698723037618
2025-06-19,6,29.89786654866215,34.26067000704592,2.6750166714191437,4.362803458383766
2025-06-20,6,8.80062910903262,7.876061802267007,3.2088666717211405,-0.9245673067656135
2025-06-21,6,21.62460416964899,18.16378597696453,7.164633361498516,-3.46081819268446
1994-06-01,8,10.189298373254843,8.727586977603167,2.7035500049591064,-1.461711395651676
1994-06-02,8,10.286764936911514,7.754473736635923,3.3038833379745487,-2.5322912002755906
1994-06-03,8,37.433196189601574,45.51775804076027,4.651533321539562,8.084561851158696
1994-06-04,8,15.83178463408463,18.98567640352557,1.1936333323518433,3.153891769440939
1994-06-05,8,10.638327100768503,13.028692877614557,3.9524166623751325,2.3903657768460533
1994-06-06,8,23.77954712904454,22.749078961756897,3.135116680463155,-1.0304681672876441
1994-06-07,8,19.84911172305574,25.67694738206171,5.001800004641215,5.82783565900597
1994-06-08,8,36.296845077153264,35.64286863185572,9.295333329836529,-0.6539764452975447
1994-06-09,8,50.446881232459376,59.7792049983243,6.679966672261556,9.332323765864928
1994-06-10,8,24.145145595249073,29.579549796737385,2.233766668041547,5.434404201488313
1994-06-11,8,15.706535354907064,21.461544711773964,2.9039166708787283,5.7550093568669
1994-06-12,8,9.835728441242228,9.925120902463341,3.9831666588783268,0.089392461221113
1994-06-13,8,22.32837836200076,18.55552458566208,7.015366657574972,-3.7728537763386782
1994-06-14,8,34.471490049541515,30.573242538092597,8.994500025113423,-3.8982475114489183
1994-06-15,8,24.469159816491693,22.418519169844824,7.4298833370208746,-2.050640646646869
1994-06-16,8,35.0843008972887,37.139148051209744,8.830833331743877,2.0548471539210453
1994-06-18,8,10.29241922572216,12.698809047500387,3.8057666738828027,2.4063898217782267
1994-06-19,8,16.77131289076181,22.733145596165624,2.7148333350817366,5.961832705403815
1994-06-20,8,14.747454234484866,19.12281267754565,1.2165666639804844,4.375358443060783
1994-06-21,8,11.039529980360324,9.409449398679612,3.1652666648228966,-1.630080581680712
1995-06-01,8,9.447811696967303,10.553186292014928,2.37664999961853,1.1053745950476248
1995-06-03,8,33.43878509553302,35.14943494334439,3.8598833367228504,1.7106498478113679
1995-06-04,8,29.63872793955674,26.130692069532227,4.826250002781549,-3.5080358700245142
1995-06-05,8,15.142292026932932,14.291562346585632,2.7227999925613404,-0.8507296803472997
1995-06-06,8,22.256581902027815,27.624264693421697,5.802849992116292,5.367682791393882
1995-06-07,8,11.770003995093948,13.329890216572824,4.519899996121724,1.5598862214788767
1995-06-08,8,33.945532897705704,42.76246056836446,5.0999999880790705,8.816927670658757
1995-06-09,8,42.485598110582345,47.55771847215195,7.3376500109831495,5.072120361569603
1995-06-10,8,33.61666510902734,39.653468382050846,3.6775167008241016,6.036803273023509
1995-06-11,8,39.047564914375926,45.462214563208946,4.632183388868967,6.41464964883302
1995-06-12,8,28.587161567829636,29.10377925593666,3.3963666697343187,0.5166176881070257
1995-06-13,8,10.022083521069966,9.444068399109753,2.6604333420594535,-0.5780151219602132
1995-06-14,8,15.133365178844844,17.23712231088712,5.40516664981842,2.1037571320422757
1995-06-15,8,14.635816735435053,18.67917708538329,4.663249985376995,4.043360349948237
1995-06-16,8,11.302722020559795,9.838248363716449,4.698450024922689,-1.4644736568433459
1995-06-17,8,10.947257767340698,14.343098949798158,3.56991666952769,3.3958411824574597
1995-06-18,8,11.084605445946583,13.864557003372408,4.055683346589407,2.779951557425825
1995-06-19,8,9.68612157248296,12.00212346900036,3.4956999897956846,2.316001896517399
1995-06-20,8,9.405813321680238,11.113471341266699,3.627933319409689,1.7076580195864608
1995-06-21,8,10.720444066934387,13.930609429430444,3.300433337688446,3.210165362496056
1996-06-01,8,17.763688015432837,20.281174784193542,3.569750008980433,2.5174867687607048
1996-06-02,8,17.961292302815398,21.296169164989774,0.9337666720151904,3.334876862174376
1996-06-03,8,22.59166605062835,19.018031464039037,3.8270499924818666,-3.573634586589314
1996-06-04,8,19.458753057190147,25.70400596016542,2.145666669805844,6.245252902975274
1996-06-05,8,13.034702189560516,17.032002794096474,4.0697833498319,3.9973006045359583
1996-06-06,8,17.649813617985007,13.34085707912877,5.188316690921783,-4.308956538856236
1996-06-07,8,41.66442936844693,44.15473272329578,5.184799997011821,2.490303354848848
1996-06-08,8,34.9817604466332,38.46802104549444,4.080666665236155,3.486260598861236
1996-06-09,8,31.529077172406478,31.64312920953139,3.980066661039989,0.11405203712491385
1996-06-10,8,15.09687987372148,20.73181894289466,2.429116672277451,5.634939069173178
1996-06-11,8,9.14170303084169,11.131590554013414,2.7802666743596394,1.9898875231717241
1996-06-12,8,12.487749464709562,10.597848301191775,3.485266661643982,-1.8899011635177878
1996-06-13,8,9.309699221601807,9.749826840331654,2.1964499990145363,0.4401276187298464
1996-06-14,8,13.006576328323352,15.547989807429698,0.8918333336710929,2.541413479106346
1996-06-15,8,8.96355857184458,9.984746562195259,3.099499996503193,1.021187990350679
1996-06-16,8,9.625578263594253,8.3190898882667,3.847166661421458,-1.3064883753275538
1996-06-17,8,11.61229230297506,13.756687036373716,2.633533336718877,2.1443947333986557
1996-06-18,8,9.061919305444132,9.470547204892789,3.0540500044822694,0.40862789944865696
1996-06-19,8,20.21536341233895,23.824002761084184,5.883749985694886,3.6086393487452355
1996-06-20,8,15.486829519964278,20.477650410435306,4.338100000222524,4.990820890471028
1996-06-21,8,11.802932035614493,15.2928321989321,3.623599982261658,3.489900163317607
1997-06-01,8,13.161485556001228,16.462872953464956,0.7604999989271165,3.301387397463728
1997-06-02,8,15.281407732844887,20.237963475975935,1.6160999963680904,4.956555743131048
1997-06-03,8,13.57346637602868,18.716933911587223,2.71443331638972,5.143467535558543
1997-06-04,8,13.293095468019981,8.864266587426755,3.912516681353251,-4.428828880593226
1997-06-06,8,9.521648673625442,9.276801820146435,3.0002833286921184,-0.24484685347900736
1997-06-07,8,29.46574635348121,23.62825808269635,5.578116663297017,-5.83748827078486
1997-06-08,8,9.571653250187598,10.917568659906753,1.8253000060717264,1.3459154097191544
1997-06-09,8,39.38667293663667,48.63611299347103,6.211483343442281,9.24944005683436
1997-06-10,8,29.15461996666078,37.24708188038218,3.7552666544914244,8.092461913721404
1997-06-11,8,9.785009188374314,11.5910737200782,1.67218333085378,1.8060645317038855
1997-06-12,8,15.665750132338491,20.80183388458428,3.9001000006993607,5.1360837522457885
1997-06-13,8,39.75700935365677,46.39098648315931,4.398733318845432,6.63397712950254
1997-06-14,8,31.65609855367971,36.24458911014392,3.4930666685104366,4.588490556464212
1997-06-15,8,11.290726210042475,13.079441618784724,1.8976500079035752,1.7887154087422488
1997-06-16,8,24.23537733086418,26.579125332873165,2.312683336933454,2.3437480020089865
1997-06-17,8,25.275496132747886,25.65754762078932,2.9984499891599024,0.38205148804143363
1997-06-18,8,25.03210145298183,18.44766427216008,5.444849991798401,-6.584437180821752
1997-06-19,8,14.9142352120621,11.532442468018644,5.545349979400634,-3.381792744043455
1997-06-20,8,28.45339589249895,25.162727757713636,8.067649992307027,-3.2906681347853137
2021-06-01,8,27.212484726981163,35.14283552042326,3.4900833209355673,7.9303507934420985
2021-06-02,8,14.647972873816894,15.958715527109124,1.0009666650556028,1.3107426532922304
2021-06-03,8,10.33419890028848,11.755541180386338,1.4799833317597708,1.421342280097857
2021-06-04,8,11.518149264167587,8.34667279523972,3.877233306566874,-3.1714764689278674
2021-06-05,8,12.031600731420031,8.424608272244189,3.468916650613149,-3.606992459175842
2021-06-06,8,11.600947008650994,11.662838195764351,4.2328499754269915,0.06189118711335695
2021-06-07,8,11.614219724129686,15.21729603999825,2.619099996487299,3.603076315868563
2021-06-08,8,12.200267433038984,16.36068294640533,1.8625333249568936,4.160415513366345
2021-06-09,8,10.307323850241712,13.063875207058256,3.013733339309693,2.7565513568165443
2021-06-10,8,9.844709520818643,9.139121273063203,2.425600016117096,-0.7055882477554398
2021-06-11,8,10.224912327908182,9.12343763377353,4.218783326943715,-1.1014746941346516
2021-06-12,8,43.18805527122498,47.503037580501854,5.3694500128428135,4.314982309276871
2021-06-13,8,20.140629009451207,27.075176226199158,2.7457333207130437,6.934547216747951
2021-06-14,8,16.070313300148765,18.658549839893542,0.8043833290537201,2.588236539744777
2021-06-15,8,11.419340465005607,11.780029114125163,1.4673166652520493,0.360688649119556
2021-06-16,8,8.944178079129383,8.68214003139084,2.5560000161329905,-0.26203804773854245
2021-06-17,8,19.41406090696407,13.449660690235124,4.67141664425532,-5.964400216728947
2021-06-18,8,19.567387775461217,13.256837913233081,5.655666653315225,-6.310549862228136
2021-06-19,8,20.473649815236495,14.273003066184028,6.078900003433228,-6.200646749052467
2021-06-20,8,14.932614186885711,10.198737165009778,4.806099994977315,-4.733877021875934
2021-06-21,8,81.59756485437137,91.83198116767832,11.073333326975508,10.234416313306951
2022-06-01,8,32.80112905506027,39.97552876115178,3.7544000049432116,7.174399706091506
2022-06-02,8,27.661098520256356,32.69864414642882,2.799416655302047,5.037545626172463
2022-06-03,8,17.34396292131318,22.244052858892946,1.359650002870088,4.900089937579764
2022-06-04,8,19.3983411183568,23.089535988682567,1.4505833332737288,3.6911948703257664
2022-06-05,8,10.91558056846625,13.919610841379235,3.0172666688760126,3.004030272912985
2022-06-06,8,12.225923311484575,14.475536376434608,1.5001833462466796,2.249613064950033
2022-06-07,8,24.440714946893632,28.819317938914875,2.4732833325862886,4.378602992021243
2022-06-08,8,15.061271460604498,19.61300563227753,2.131816668311755,4.551734171673033
2022-06-09,8,21.251824663259104,26.55191494809176,1.8085666636625926,5.300090284832656
2022-06-10,8,27.532020537368094,33.16111439837114,3.3074166754881533,5.629093861003046
2022-06-11,8,10.287972641645243,13.136948042708124,2.0077833275000256,2.84897540106288
2022-06-12,8,16.65235391631788,12.44795505419825,5.574066666762034,-4.204398862119632
2022-06-13,8,27.83223388434639,21.394350333759714,7.466233340899149,-6.437883550586676
2022-06-14,8,25.043086663900386,22.31643798893759,7.593083349863688,-2.726648674962796
2022-06-15,8,28.926377867239257,26.364949588534824,8.2000333070755,-2.561428278704433
2022-06-16,8,13.74676685587259,12.140077519477842,5.407683340708415,-1.6066893363947479
2022-06-17,8,11.1528564440756,8.829706868333279,4.322516663869222,-2.3231495757423204
2022-06-18,8,9.959426558419434,12.288194907001074,2.0395333349704745,2.32876834858164
2022-06-19,8,10.687071642487968,10.815180705410196,4.179716666539511,0.12810906292222768
2022-06-20,8,13.807964934444175,15.687859583873514,5.0827666838963825,1.879894649429339
2022-06-21,8,20.3069035449974,17.436917052656117,6.7416499853134155,-2.8699864923412832
2023-06-01,8,9.751726122917066,10.88041840396355,3.6762833317120864,1.128692281046483
2023-06-02,8,16.08308172697205,21.22988793354509,1.6576833317677175,5.146806206573039
2023-06-03,8,27.288224932970355,29.735941554590863,2.9564833442370095,2.4477166216205077
2023-06-04,8,15.931380161566704,21.432240884765495,1.745150002837181,5.500860723198791
2023-06-05,8,33.84409777863176,37.21101582572412,3.9004333416620893,3.366918047092355
2023-06-06,8,16.728706601358258,22.453568044606417,2.1050166765848792,5.724861443248159
2023-06-07,8,25.484719413324722,26.455748793868683,2.8202333450317383,0.9710293805439605
2023-06-08,8,19.808080896269313,21.230276932067394,1.6848499993483221,1.4221960357980805
2023-06-09,8,20.40288040307553,17.890380489776117,3.0964666604995728,-2.512499913299415
2023-06-10,8,94.61395009836232,99.9854632944011,12.009899989763893,5.3715131960387765
2023-06-11,8,30.90688686124633,36.52881094723914,3.292783335844675,5.621924085992806
2023-06-12,8,14.11757536900041,18.735113528541593,1.6829000083108743,4.6175381595411835
2023-06-13,8,13.081949164960402,14.896843704214074,1.670250005523363,1.8148945392536717
2023-06-14,8,12.190738979314663,13.972948042999189,1.6930333328743774,1.782209063684526
2023-06-15,8,10.868665410659343,13.181290184213612,1.7402500112851467,2.312624773554269
2023-06-16,8,36.989341110743695,43.6643253281063,4.305316666762034,6.674984217362606
2023-06-17,8,14.872778570679667,19.492212421281817,1.6028333336114877,4.6194338506021495
2023-06-18,8,18.439879886403947,14.442102473830044,3.6140999853610993,-3.997777412573903
2023-06-19,8,9.902997671010002,9.513490032985203,2.936433311303456,-0.38950763802479926
2023-06-20,8,16.727458559576082,22.734549172579815,3.564516679445903,6.007090613003733
2023-06-21,8,16.28836240957975,21.78557837582589,3.477650014559428,5.497215966246138
2024-06-01,8,14.503008161027818,18.87250645198341,1.5743500113487243,4.36949829095559
2024-06-02,8,73.0572194503561,71.13336393486946,10.17019991079966,-1.9238555154866361
2024-06-03,8,18.962680710990004,16.437192970470196,6.230150016148886,-2.5254877405198073
2024-06-04,8,12.020144344790634,15.173426192025016,4.01006664832433,3.153281847234382
2024-06-05,8,23.23495922386058,28.060747161248404,2.027199997504552,4.8257879373878225
2024-06-06,8,16.933053361041015,11.76993436168377,4.128666663169861,-5.163118999357245
2024-06-07,8,11.97354260264397,16.000291648846957,2.3409666717052464,4.026749046202987
2024-06-08,8,19.492737659856044,13.937353628585779,4.786983295281728,-5.555384031270265
2024-06-09,8,69.9596843998039,76.79022760245518,8.876500042279561,6.8305432026512705
2024-06-10,8,22.88398495772569,28.936977246495548,2.122600003083548,6.0529922887698575
2024-06-11,8,16.472049140997026,21.549087344177597,1.8801333397626876,5.077038203180571
2024-06-12,8,9.855327387287463,9.88773542972772,2.231449995438258,0.03240804244025597
2024-06-13,8,10.538071073319944,7.782736472110113,3.7842166821161904,-2.7553346012098316
2024-06-14,8,18.561331173869245,22.301492159561878,1.4809500089148058,3.7401609856926328
2024-06-15,8,9.709987602884922,8.890799639795851,3.9303000013033547,-0.819187963089071
2024-06-16,8,15.974101714265782,12.998757239384648,5.811233345667521,-2.9753444748811333
2024-06-17,8,12.274542505114024,12.187994534855417,5.018449982007345,-0.08654797025860717
2024-06-18,8,26.962548003531,25.637872514656824,7.8797166744867955,-1.3246754888741776
2024-06-19,8,58.455103218057815,62.073663884518965,7.356599998474121,3.61856066646115
2024-06-20,8,9.324306982344275,9.628149010677358,2.217066661516825,0.30384202833308294
2024-06-21,8,8.786601162216993,9.690119417009296,2.839166669050852,0.9035182547923029
2025-06-01,8,16.415093922573416,20.25238175625527,1.7698499983098976,3.837287833681856
2025-06-02,8,8.886684055030685,8.154590095377742,3.2811166604359943,-0.7320939596529428
2025-06-03,8,18.22715068928449,21.25223910851909,5.837133320172628,3.0250884192345993
2025-06-04,8,35.99760639080441,39.844124910095275,4.177433355649312,3.8465185192908677
2025-06-05,8,20.776457740309258,24.048483249779874,1.4654499933123586,3.272025509470616
2025-06-06,8,54.79090141159712,64.51047958117262,7.721016665299733,9.719578169575499
2025-06-07,8,52.19489202508227,57.7224478861927,6.224916680653891,5.527555861110429
2025-06-08,8,24.785556394188635,18.488533858412485,5.24336667060852,-6.297022535776151
2025-06-09,8,21.946755069297073,28.907022643144504,2.5891499876976014,6.960267573847432
2025-06-10,8,14.36438236485677,13.809688467744824,1.6597333312034601,-0.5546938971119459
2025-06-11,8,12.973361454587828,9.372208352720666,3.28369999329249,-3.601153101867162
2025-06-12,8,10.210092250428527,11.001269900532463,3.955716629823049,0.7911776501039363
2025-06-13,8,10.319675507001595,13.13598408081727,2.9963833173116043,2.8163085738156752
2025-06-14,8,13.894310509982045,18.337378785417275,3.5319999933242805,4.44306827543523
2025-06-15,8,17.17400580120732,22.324521916985393,3.96715000073115,5.150516115778075
2025-06-16,8,20.141007392136327,21.121404814812824,1.7822833324472107,0.9803974226764964
2025-06-17,8,15.52732190749536,18.999151512730425,4.999483331044515,3.4718296052350652
2025-06-18,8,27.976788405364093,29.037493147163165,4.053116638213396,1.0607047417990714
2025-06-19,8,13.8515953337773,15.04386470346007,1.8617999956011768,1.1922693696827693
2025-06-20,8,9.312945534686506,8.470405623800158,3.074383330345153,-0.842539910886348
2025-06-21,8,44.70199765003676,38.63579309580962,10.19349999427795,-6.0662045542271414
1994-06-01,10,10.011396088877834,9.533072657425688,3.450899974505107,-0.4783234314521465
1994-06-02,10,9.283118439208714,8.686843564154444,2.8048166592915855,-0.5962748750542701
1994-06-03,10,41.45037669493517,50.760729452419994,6.117266666889191,9.310352757484821
1994-06-04,10,15.520830494978604,20.707213281179676,2.4612833142280577,5.186382786201072
1994-06-05,10,11.60998387771565,12.399973524460133,4.103999996185302,0.789989646744484
1994-06-06,10,11.52920954880912,10.159512566754287,2.214899994929632,-1.3696969820548333
1994-06-07,10,16.087435614647873,19.937136667836057,4.500949966907502,3.849701053188184
1994-06-08,10,24.63499354704804,24.975479591973134,5.358233358462651,0.34048604492509327
1994-06-09,10,60.1969833395849,69.07023595101225,7.943283311525979,8.873252611427354
1994-06-10,10,26.66984158175491,30.524672214862676,3.1038333316644033,3.854830633107767
1994-06-11,10,14.007829790805864,17.373730241670884,1.5882833302021029,3.36590045086502
1994-06-12,10,11.323430532012281,8.987459339670608,3.869133309523264,-2.335971192341674
1994-06-13,10,14.820651193321673,11.979569785121122,5.102133317788441,-2.8410814082005516
1994-06-14,10,40.990481425183624,36.48878896420218,9.521000027656555,-4.501692460981445
1994-06-15,10,23.80058035131689,22.60945615191175,6.93480003674825,-1.191124199405138
1994-06-16,10,35.9738555609398,35.910069821575576,8.769000029563905,-0.06378573936422782
1994-06-18,10,9.133602427426215,10.835356939401116,2.286150002479553,1.701754511974901
1994-06-19,10,18.44017467114876,24.19921544473719,2.018616660435994,5.759040773588431
1994-06-20,10,9.517831373356053,11.357287289432016,2.69510000149409,1.8394559160759627
1994-06-21,10,13.912464723968334,15.864411033134196,1.410083336631457,1.9519463091658622
1995-06-01,10,11.377008528691015,10.689062564595037,1.593200007081031,-0.6879459640959773
1995-06-03,10,27.945573286157355,31.193793721998787,3.452483328183492,3.248220435841432
1995-06-04,10,22.754736482122034,23.766946500263202,6.3268499851226805,1.0122100181411682
1995-06-05,10,9.202944563887097,10.570455998221338,2.1641666809717814,1.36751143433424
1995-06-06,10,14.929957010563797,18.23613134679445,4.401483349005381,3.3061743362306544
1995-06-07,10,22.93217882081577,20.266708579516397,6.8135666688283285,-2.6654702412993743
1995-06-08,10,26.28804032171604,31.435669452048565,6.1059833367665615,5.1476291303325254
1995-06-09,10,75.69594768247529,80.65732569208045,13.31766665776571,4.961378009605156
1995-06-10,10,31.52768953772405,39.56711361332028,4.208700013160706,8.03942407559623
1995-06-11,10,31.854226394765817,37.05087664560169,3.912033347288768,5.196650250835873
1995-06-12,10,26.296305654495768,26.04999666516337,3.549883325894674,-0.2463089893323982
1995-06-13,10,9.018699877104531,10.40453188877078,2.1979666829109195,1.385832011666249
1995-06-14,10,31.130777977595564,32.07475653920698,7.922450025876364,0.9439785616114165
1995-06-15,10,16.68276690034748,19.21650837074344,5.117033338546753,2.5337414703959595
1995-06-16,10,9.884235520106042,10.25389010172944,3.549033335844676,0.36965458162339715
1995-06-17,10,10.901625676516062,12.838538420072862,3.653250010808309,1.9369127435567997
1995-06-18,10,12.677937345073602,14.990757271931137,4.169749971230825,2.312819926857536
1995-06-19,10,9.657835724179407,11.199616552993827,3.1577000021934514,1.5417808288144208
1995-06-20,10,9.590509496766586,11.428103909619864,2.9336833278338115,1.837594412853278
1995-06-21,10,11.978691363404351,16.000359881196786,2.5560333331425986,4.021668517792435
1996-06-01,10,39.51589226752998,38.94161263842255,5.934549999237061,-0.5742796291074299
1996-06-02,10,13.207891105221123,13.070762246711752,1.3713833341995874,-0.13712885850937084
1996-06-03,10,27.40960962751307,27.640326791890423,3.6698666592439015,0.2307171643773529
1996-06-04,10,13.345796938552958,12.542315026221864,2.8340000073115035,-0.8034819123310939
1996-06-05,10,10.206210501096741,12.690239568691183,3.03006667693456,2.4840290675944416
1996-06-06,10,15.33830444026271,17.82594504931646,2.919566659629345,2.4876406090537486
1996-06-07,10,39.1818440964704,44.26549775426078,5.012149961789449,5.083653657790379
1996-06-08,10,32.110975996176954,34.996466963334214,4.090300019582113,2.88549096715726
1996-06-09,10,29.80647324355651,29.518571147673235,4.179250001907349,-0.2879020958832754
1996-06-10,10,10.97747048527426,12.546976638090797,1.5316333418091137,1.5695061528165368
1996-06-11,10,9.89577436616133,11.952359730656426,1.6124666571617137,2.0565853644950955
1996-06-12,10,10.189063421873914,11.609468690975397,3.3417500019073483,1.420405269101483
1996-06-13,10,12.959237926616012,12.079854869113,2.537166670958201,-0.8793830575030128
1996-06-14,10,10.211558946150152,11.879520812692636,1.3962833325068158,1.667961866542484
1996-06-15,10,9.813263564231377,8.770142418211446,2.4689333399136864,-1.0431211460199314
1996-06-16,10,10.507666123454413,10.352919594293706,3.958383333683013,-0.15474652916070752
1996-06-17,10,22.94887816189702,19.109378319962175,4.110716648896535,-3.8394998419348454
1996-06-18,10,12.773905550683601,16.66646416730915,1.817133339246114,3.89255861662555
1996-06-19,10,10.343502068186588,10.45376018800945,3.6983000079790753,0.11025811982286271
1996-06-20,10,14.42059252311229,18.7930092452484,3.6720166722933447,4.3724167221361085
1996-06-21,10,19.07474780293157,18.29830708149386,5.992766698201497,-0.7764407214377087
1997-06-01,10,14.616479381697225,17.697636819608306,0.6820500001311303,3.081157437911081
1997-06-02,10,10.046995053371525,12.617221609597756,1.9172666788101194,2.570226556226231
1997-06-03,10,13.671598081932821,17.98567086561866,1.6750833352406818,4.3140727836858375
1997-06-04,10,12.587026971824017,15.87051839098281,1.9582500020662943,3.2834914191587927
1997-06-06,10,15.6537332698651,18.767964349261767,1.894366671641668,3.114231079396667
1997-06-07,10,16.24412594928642,18.818436454020066,1.1004666710893312,2.5743105047336456
1997-06-08,10,11.949430504698832,10.293801578562285,2.4773500025272375,-1.655628926136547
1997-06-09,10,19.09484988877901,24.26818644863912,3.5538833677768706,5.173336559860111
1997-06-10,10,25.231736393681786,32.88353131878353,3.534099992116292,7.651794925101747
1997-06-11,10,12.470476482408216,16.333793664510104,1.537166670958201,3.8633171821018877
1997-06-12,10,19.79623753278746,25.079804395379448,4.381050010522206,5.283566862591989
1997-06-13,10,19.48537971472316,17.543247109884533,3.3525166670481363,-1.9421326048386263
1997-06-14,10,24.82998514088181,29.87637709946255,2.749483323097229,5.046391958580742
1997-06-15,10,10.451293226413263,12.989590341953239,2.693266665935516,2.538297115539976
1997-06-16,10,38.270606128657235,43.707524399557634,4.61288331747055,5.436918270900399
1997-06-17,10,26.373730850415505,28.27212871879386,3.2147999842961625,1.8983978683783533
1997-06-18,10,21.634713260402535,16.21143019091739,4.656216657161712,-5.423283069485144
1997-06-19,10,14.085426894105538,9.747671477443415,4.611150030295055,-4.337755416662123
1997-06-20,10,28.620468085708197,26.428319505018592,7.754199997584025,-2.1921485806896044
2021-06-01,10,21.92608173705208,28.881464937609557,2.941583335399628,6.955383200557478
2021-06-02,10,16.138545518208176,17.99169881822798,1.061449998617172,1.8531533000198053
2021-06-03,10,12.092920511704918,15.144830086109224,0.8218499993284544,3.0519095744043057
2021-06-04,10,15.508588844579855,10.19633456473705,4.4511666615804035,-5.312254279842804
2021-06-05,10,8.8633794562916,9.048935643493039,2.0954833169778193,0.1855561872014384
2021-06-06,10,8.914001729940196,9.386206226688916,2.4374833285808557,0.47220449674872
2021-06-07,10,11.278796808209378,13.767867017536645,3.0355333288510638,2.4890702093272665
2021-06-08,10,10.146690056198828,12.80932506289713,2.1898500045140583,2.662635006698302
2021-06-09,10,13.398158208496689,18.077748604941938,2.372833327452342,4.679590396445249
2021-06-10,10,12.056669761287388,15.716738726425163,1.5044166664282468,3.660068965137775
2021-06-11,10,11.400513140997163,12.509687176874056,3.981899984677632,1.1091740358768938
2021-06-12,10,28.26254005645911,30.722588548007792,3.454300006230672,2.460048491548683
2021-06-13,10,20.208102829040882,26.656804756716404,2.595816671848297,6.448701927675522
2021-06-14,10,14.602332254950795,19.133113119939487,1.375299998621146,4.530780864988692
2021-06-15,10,11.650049542897044,13.057904938384596,0.5334166638553142,1.4078553954875517
2021-06-16,10,9.852229979626514,11.094532502015543,1.786733333269755,1.2423025223890285
2021-06-17,10,18.28286926867728,12.843476406132762,4.406499985853831,-5.439392862544519
2021-06-18,10,17.1797946842427,11.614534204750061,4.558566645781199,-5.56526047949264
2021-06-19,10,13.60933127218621,11.72067289297038,2.2578166723251347,-1.8886583792158298
2021-06-20,10,29.381320171407054,23.484822459024336,7.517583322525025,-5.896497712382718
2021-06-21,10,75.69977643034656,84.34964778588456,10.394733341534932,8.649871355537996
2022-06-01,10,32.9714940135324,41.570885177188956,4.762566641966502,8.599391163656556
2022-06-02,10,27.172893307906946,32.715995979339915,3.1568999965985616,5.543102671432969
2022-06-03,10,14.370343151640526,17.987887081920555,0.9404166653752325,3.6175439302800285
2022-06-04,10,14.731364262339014,10.811901477029686,4.02574999332428,-3.919462785309328
2022-06-05,10,35.61256669255956,43.551719577820045,4.688099992275238,7.939152885260484
2022-06-06,10,12.022761584063986,15.315301843658993,1.9775333402678366,3.2925402595950075
2022-06-07,10,36.831948863617605,45.47572422164774,5.067466684182485,8.643775358030133
2022-06-08,10,23.320302915023056,30.329861814568616,3.082799998919169,7.00955889954556
2022-06-09,10,13.435995990788385,17.652635326912005,1.3719833274682365,4.21663933612362
2022-06-10,10,22.299589293735906,22.94523413288988,6.243283327420552,0.6456448391539737
2022-06-11,10,10.018701201424488,12.807753619523954,2.0085333327452344,2.789052418099466
2022-06-12,10,10.710789317286668,11.326214347190788,3.3031166672706602,0.6154250299041202
2022-06-13,10,45.68238442876619,39.08440028176906,9.697033309936524,-6.597984146997135
2022-06-14,10,22.647918388639283,18.297939983256377,6.630183315277099,-4.349978405382906
2022-06-15,10,28.32022691322547,25.248393457380253,7.666216667493185,-3.0718334558452156
2022-06-16,10,11.073411065209825,8.713586368553685,4.062033307552337,-2.3598246966561405
2022-06-17,10,10.931269989437098,8.353441867867456,3.3789166688919066,-2.5778281215696417
2022-06-18,10,9.602190536040268,11.858313236574393,1.890499999125799,2.2561227005341244
2022-06-19,10,14.328466961911836,14.36756428139352,4.65128333568573,0.03909731948168371
2022-06-20,10,18.786062100746356,17.645000029405146,6.0029333194096886,-1.14106207134121
2022-06-21,10,14.796117913720444,12.16227359225573,5.180683318773905,-2.6338443214647143
2023-06-01,10,13.654645917847581,12.665005562475304,4.873949988683064,-0.989640355372277
2023-06-02,10,19.7322708304684,26.153068349709493,2.7416499873002373,6.420797519241091
2023-06-03,10,22.354983678116547,29.27706307171804,3.152983339627584,6.922079393601493
2023-06-04,10,22.764982441473563,29.985205567573388,3.258283340930939,7.220223126099825
2023-06-05,10,27.79368702506371,32.09569494857692,3.2640500108400974,4.302007923513209
2023-06-06,10,15.94565091229208,20.7242350390933,1.4166499982277547,4.778584126801221
2023-06-07,10,14.872109391795576,18.372511677447278,1.1339499965310096,3.5004022856517025
2023-06-08,10,19.32017026950978,19.894647191524754,2.1320166647434236,0.5744769220149735
2023-06-09,10,17.552962138116207,20.617384470362076,1.3456833239644768,3.0644223322458686
2023-06-10,10,17.740592378208525,19.01553606102744,5.124216687679291,1.2749436828189147
2023-06-11,10,22.723287717444798,23.25852858362606,2.8380666553974154,0.5352408661812618
2023-06-12,10,22.963211002493807,29.42766151132131,2.670500012238821,6.464450508827504
2023-06-13,10,21.977848857717454,22.68317636675482,3.127533323876559,0.7053275090373674
2023-06-14,10,36.27167774268556,43.48383312523118,4.7141999681790665,7.2121553825456175
2023-06-15,10,13.354218560771294,15.880178808511303,1.444849991115431,2.5259602477400094
2023-06-16,10,30.573026843590142,37.761487812625056,3.8792333443959555,7.188460969034914
2023-06-17,10,36.23405785718401,39.09555419695828,4.700333352883657,2.86149633977427
2023-06-18,10,26.582064879939423,30.439591220298396,3.037933317820231,3.857526340358973
2023-06-19,10,12.429360918178453,11.280118899109901,2.1984333495299024,-1.1492420190685522
2023-06-20,10,19.336091598102435,25.531582124179373,3.9371666590372723,6.195490526076938
2023-06-21,10,16.938017267803396,21.175519150956205,4.358383337656656,4.2375018831528095
2024-06-01,10,11.904935109474472,13.949013801358348,0.4756500038551169,2.0440786918838754
2024-06-02,10,16.21041158983369,13.26325590063658,4.98571666876475,-2.9471556891971105
2024-06-03,10,16.6329457580118,17.43955462778574,4.404449977477391,0.8066088697739389
2024-06-04,10,12.663015805417878,12.626721810079722,4.455566664536794,-0.03629399533815558
2024-06-05,10,28.96883107755938,31.871103169398054,3.586150006453196,2.9022720918386753
2024-06-06,10,11.584328583479362,10.018087319187146,2.1665499965349833,-1.5662412642922163
2024-06-07,10,14.59039988608717,19.346174208460354,3.323983335494995,4.755774322373185
2024-06-08,10,20.29012291276915,15.017372899526151,5.920500000317891,-5.272750013242998
2024-06-09,10,31.519862186438672,39.271963192168286,4.048216684659322,7.752101005729614
2024-06-10,10,16.869549380978448,19.921426960394072,1.1857500016689297,3.051877579415624
2024-06-11,10,12.414586113935691,16.191589907272295,1.3188000053167344,3.777003793336604
2024-06-12,10,10.673158327255223,9.330827845229077,2.0347500065962474,-1.3423304820261457
2024-06-13,10,10.480403493566804,10.922903042158246,1.4251833351949852,0.44249954859144225
2024-06-14,10,19.690162625555423,25.261674941805424,2.0413166771332425,5.571512316250001
2024-06-15,10,11.457916036936787,8.887816422548308,2.7962999900182086,-2.5700996143884787
2024-06-16,10,10.493901888957105,8.44692691732099,3.77041666507721,-2.0469749716361143
2024-06-17,10,16.887940862372567,15.954557630274493,5.6695500135421755,-0.9333832320980733
2024-06-18,10,28.33781346623531,25.161152198239236,7.621233336130778,-3.1766612679960744
2024-06-19,10,21.010511713207244,27.43837519908341,3.2894833366076153,6.427863485876166
2024-06-20,10,10.413275201310384,12.965407694048828,1.6762000034252806,2.552132492738444
2024-06-21,10,12.144589505638947,11.405815388612023,4.443066668510437,-0.7387741170269244
2025-06-01,10,13.501689661082239,12.266315683243977,1.916883328681191,-1.235373977838261
2025-06-02,10,9.119244885764854,9.18477931033025,2.6063999950885774,0.06553442456539571
2025-06-03,10,21.96635247282242,23.98640895561674,6.256366674105326,2.020056482794317
2025-06-04,10,37.761090484060674,44.56710192456252,4.822766665617626,6.806011440501848
2025-06-05,10,28.056860250412583,35.490021013448924,4.094650012254715,7.433160763036341
2025-06-06,10,25.570104338614897,30.11588106530104,5.020483338832856,4.545776726686142
2025-06-07,10,39.94197115370949,41.63496601291362,5.858799986789626,1.6929948592041342
2025-06-08,10,12.174001439069457,12.317445906469672,1.0905166655778882,0.1434444674002151
2025-06-09,10,21.9729173189912,25.56508107424598,2.137866670886676,3.5921637552547807
2025-06-10,10,15.017637997443543,15.66139100191775,1.2575333386659622,0.6437530044742061
2025-06-11,10,11.11591673443737,12.261412198968149,1.0845666669309137,1.1454954645307787
2025-06-12,10,9.753843447116143,12.14520011734573,2.498199993371963,2.3913566702295874
2025-06-13,10,11.987001624921035,15.576154248508615,1.3639666646718975,3.58915262358758
2025-06-14,10,20.291844623391462,25.18543992623607,4.447033333778381,4.893595302844609
2025-06-15,10,13.195660987381125,17.356924408027915,2.378216658035914,4.16126342064679
2025-06-16,10,18.713755990252913,24.284880972415607,1.9075666646162668,5.571124982162694
2025-06-17,10,51.75000779940908,57.96753136268643,6.213033290704092,6.2175235632773465
2025-06-18,10,13.957532050266266,15.1320622158538,1.3872666637102764,1.1745301655875338
2025-06-19,10,11.575358494920536,14.517127258653097,1.2810333291689548,2.9417687637325614
2025-06-20,10,15.010019978511998,9.997814411278288,4.531566687424978,-5.0122055672337105
2025-06-21,10,49.99998974566004,44.027345700940046,10.58199996948242,-5.972644044719992
1994-06-01,12,10.529817329042967,10.273421089481445,3.527750011285146,-0.25639623956152136
1994-06-02,12,10.802028556247837,12.673223522978493,3.284233335653941,1.8711949667306556
1994-06-03,12,35.40638457681361,41.48100591360004,4.320299990971883,6.074621336786436
1994-06-04,12,11.877678360743982,15.237856743514083,3.046000019709269,3.3601783827701013
1994-06-05,12,17.02731225415074,17.681023891870577,5.39111666282018,0.6537116377198373
1994-06-06,12,18.923274784140478,25.78481918701983,2.066216659545898,6.861544402879353
1994-06-07,12,24.863155123961814,28.466217791469415,6.358916680018107,3.6030626675076007
1994-06-08,12,50.222195152809064,60.91184009710585,7.908949947357177,10.689644944296788
1994-06-09,12,57.443090954874734,68.6660130920129,8.09648327032725,11.22292213713817
1994-06-10,12,16.39594857826106,16.82971010749986,4.165099990367889,0.43376152923880085
1994-06-11,12,11.372179526183768,14.196102645797712,2.2677000075578695,2.8239231196139443
1994-06-12,12,12.29867082169363,13.126305475676535,3.9805333375930783,0.8276346539829049
1994-06-13,12,26.29113514934991,21.338730975378102,7.50360004901886,-4.952404173971807
1994-06-14,12,50.622485366825245,44.0406640552779,11.175833336512248,-6.581821311547344
1994-06-15,12,30.744136727239987,28.588170894885298,8.187166682879129,-2.1559658323546884
1994-06-16,12,35.3697052719549,31.83148735069165,9.012733300526937,-3.53821792126325
1994-06-18,12,11.047231714800827,14.231892895547485,2.592466660340627,3.1846611807466587
1994-06-19,12,11.802681053560516,15.511116703585518,1.628700000047684,3.7084356500250024
1994-06-20,12,9.713910831225146,11.015276257005937,2.78011664946874,1.3013654257807907
1994-06-21,12,14.602552673468164,19.13123424532186,0.859233335653941,4.528681571853696
1995-06-01,12,18.709169334273025,21.34350101505552,1.6286833286285398,2.634331680782495
1995-06-03,12,40.490087467070865,49.61474441065113,6.56579999923706,9.124656943580263
1995-06-04,12,27.092900785118193,23.882059334483696,7.540766636530558,-3.210841450634497
1995-06-05,12,19.8934516580147,16.898117702096297,3.5163833340009054,-2.9953339559184045
1995-06-06,12,18.60488367847628,22.510604536569456,5.003933322429657,3.9057208580931757
1995-06-07,12,12.649160916631505,13.07207190055156,2.9294166793425878,0.42291098392005466
1995-06-08,12,31.63865086816733,31.31909878018514,8.146700024604797,-0.3195520879821885
1995-06-09,12,33.062236409243084,35.87825717903398,7.8097666740417475,2.816020769790896
1995-06-10,12,40.372462512637256,49.70530864835898,5.291666634877523,9.332846135721724
1995-06-11,12,38.73151604893667,45.896315227767275,4.862733340263366,7.164799178830606
1995-06-12,12,27.44354322485277,28.02059774765635,3.616499988238017,0.5770545228035786
1995-06-13,12,10.060448115086384,12.220550704248414,2.6743000229199727,2.1601025891620296
1995-06-14,12,34.29569796641721,30.505403447282458,8.868833303451538,-3.7902945191347506
1995-06-15,12,28.037441526355284,27.123608516185815,7.686583344141643,-0.9138330101694692
1995-06-16,12,10.82897564410241,10.149625924896043,3.7805833339691164,-0.6793497192063676
1995-06-17,12,11.618770699617432,12.57426409125539,3.985483332475027,0.9554933916379582
1995-06-18,12,9.989918944401506,12.39271529412039,2.347883327802022,2.4027963497188836
1995-06-19,12,10.239984625077714,12.58890936655661,2.6138666629791256,2.3489247414788963
1995-06-20,12,9.949680324117065,10.082559278229116,3.301650003592173,0.13287895411205142
1995-06-21,12,12.733157691257649,17.07100638126833,2.7258500059445696,4.337848690010681
1996-06-01,12,19.358364153561634,19.950840092471683,2.4506833349665005,0.5924759389100487
1996-06-02,12,12.686569571788478,16.046658828330305,1.200199995438258,3.3600892565418263
1996-06-03,12,24.007716721028668,31.205475287856853,2.6755333364009855,7.197758566828185
1996-06-04,12,16.84984726161778,23.074789559808078,3.073600004116694,6.2249422981902995
1996-06-05,12,16.016066957550724,15.537729986075238,5.35869996547699,-0.4783369714754855
1996-06-06,12,14.935757875392664,17.898833126060314,2.9712166766325625,2.96307525066765
1996-06-07,12,45.877417116972126,52.59578804743471,5.891750009854635,6.718370930462584
1996-06-08,12,42.32515016633417,49.93437248282707,5.417116657892863,7.609222316492904
1996-06-09,12,20.162763913637686,24.121361887340168,1.7976166804631548,3.9585979737024815
1996-06-10,12,14.8922328474851,20.431073185711607,2.0113666733105977,5.538840338226507
1996-06-11,12,10.40048376133937,13.11251271317143,1.6568833371003466,2.7120289518320604
1996-06-12,12,11.353733693951437,10.381982682644583,2.4956666727860766,-0.9717510113068535
1996-06-13,12,10.3061394372555,11.49744987855166,2.0611499905586244,1.1913104412961601
1996-06-14,12,11.866819066247555,15.635703880679255,1.3731166601181033,3.7688848144317006
1996-06-15,12,14.875934345936724,14.977669349102054,2.019400010009607,0.1017350031653308
1996-06-16,12,12.18512813911192,12.423769152027415,1.8638999943931893,0.2386410129154939
1996-06-17,12,33.95202601665578,35.467698517846955,4.468066644668578,1.515672501191176
1996-06-18,12,10.75065430186574,13.552182150039716,2.196099992593129,2.8015278481739756
1996-06-19,12,12.511200143127748,9.159678439251135,3.782733349005382,-3.351521703876614
1996-06-20,12,18.7321658813043,22.36406815662468,5.110366634527842,3.6319022753203782
1996-06-21,12,20.203141674467982,15.56918300891557,6.282466681798299,-4.633958665552413
1997-06-01,12,19.873111954270062,21.781917264627342,1.985416666666667,1.9088053103572804
1997-06-02,12,20.766238293954014,26.605990363808605,1.9333333373069748,5.83975206985459
1997-06-03,12,16.88943717934767,22.255883784879362,1.5300166636705397,5.366446605531692
1997-06-04,12,23.842812513809964,26.825033254890986,3.030950012803078,2.982220741081022
1997-06-06,12,14.705987966479082,19.4884223578005,1.0426500005026658,4.7824343913214165
1997-06-07,12,14.951542106233777,20.50589982818723,1.5327333321173993,5.554357721953451
1997-06-08,12,17.31541780971902,20.17271076178488,1.6434166545669238,2.857292952065862
1997-06-09,12,23.562221669416484,31.542770416230216,3.98956667582194,7.9805487468137315
1997-06-10,12,25.977305960406117,34.61762608571064,3.925783328215281,8.640320125304523
1997-06-11,12,11.337145162540931,14.557979209476283,1.847983321547508,3.2208340469353516
1997-06-12,12,28.83995039222464,34.026868003869,6.567733335494995,5.186917611644358
1997-06-13,12,18.60939848649264,22.576038305825154,1.6808666616678236,3.9666398193325136
1997-06-14,12,26.574543132863862,34.68207248199775,3.2294666608174643,8.107529349133888
1997-06-15,12,9.504419305848561,11.165432911101366,2.4235500017801916,1.6610136052528048
1997-06-16,12,29.486939940425504,38.336430906302496,3.840299991766612,8.849490965876992
1997-06-17,12,25.090940176624844,26.999159309071924,2.9755666573842365,1.9082191324470799
1997-06-18,12,11.934086228552015,11.583365515807326,2.041550000508626,-0.35072071274468897
1997-06-19,12,19.22754717411338,13.133002909546928,5.450433357556661,-6.094544264566451
1997-06-20,12,18.40450239702569,14.666848344772792,5.939350001017253,-3.7376540522529
2021-06-01,12,25.156167801780736,32.10315277333436,2.910899998744329,6.946984971553622
2021-06-02,12,15.55148427456405,19.103082781967796,0.7063166716601702,3.551598507403746
2021-06-03,12,11.546486577079026,12.71222338466708,1.1749833345413203,1.165736807588054
2021-06-04,12,9.662390109397275,10.636009866221258,2.4000833223263425,0.9736197568239824
2021-06-05,12,9.589460664558626,10.355222208407152,2.2380000074704487,0.7657615438485266
2021-06-06,12,11.299319148213346,12.241186347232325,3.79738332827886,0.9418671990189793
2021-06-07,12,12.318945760490944,15.611940545720689,2.8504833300908405,3.2929947852297445
2021-06-08,12,13.299023408919172,17.464724910821598,2.9380500038464863,4.165701501902426
2021-06-09,12,11.877570143269349,15.135775335192474,3.1794166763623553,3.2582051919231247
2021-06-10,12,10.852427911640707,13.443221055444933,2.757633340358734,2.590793143804227
2021-06-11,12,15.398206892017814,16.268297124839197,5.021883320808411,0.8700902328213829
2021-06-12,12,28.13737311622656,35.31523124236385,3.2364999989668535,7.177858126137291
2021-06-13,12,13.45909929384064,18.02300386061908,2.28671665986379,4.56390456677844
2021-06-14,12,18.49027291986035,23.67298810870422,1.4175999979178107,5.182715188843872
2021-06-15,12,13.260192470833534,16.599192879782738,0.010016666539013376,3.339000408949204
2021-06-16,12,10.593843176160387,11.569475928102325,1.6681833247343696,0.9756327519419372
2021-06-17,12,12.95151962535893,12.494878787056681,1.8784166634082795,-0.4566408383022491
2021-06-18,12,16.42525885534499,11.396306566099103,4.268083329995473,-5.028952289245886
2021-06-19,12,14.082975040978898,10.070200131656861,3.8093500057856238,-4.012774909322037
2021-06-20,12,18.65347817248752,13.530439478417922,5.40983335574468,-5.123038694069599
2021-06-21,12,30.69116790212995,37.2866106770273,3.607083321611086,6.5954427748973465
2022-06-01,12,36.173158381391275,45.983149101134174,5.2254000027974445,9.809990719742899
2022-06-02,12,25.071573973647677,32.35853142156732,2.8323833286762246,7.286957447919644
2022-06-03,12,13.129072425249067,16.924342714667812,2.012049992879232,3.7952702894187453
2022-06-04,12,9.859862642050455,9.670924332893353,2.953733325004577,-0.18893830915710197
2022-06-05,12,25.350063004051027,27.4075848160802,4.758366666237513,2.0575218120291723
2022-06-06,12,13.100047175913222,17.841639153548112,2.3050166606903075,4.74159197763489
2022-06-07,12,15.215148384503674,16.149133393885972,2.457750006516774,0.9339850093822974
2022-06-08,12,19.716210286643392,26.24045105959993,3.6894499897956843,6.524240772956539
2022-06-09,12,10.83628365765087,12.773899532340454,1.4078833301862088,1.937615874689584
2022-06-10,12,15.514069872777828,16.973283523999864,1.4513833312938613,1.4592136512220364
2022-06-11,12,10.711363895265176,13.75333576936048,2.5420000096162156,3.041971874095303
2022-06-12,12,13.534297125687342,10.153053345785427,4.127516651153565,-3.381243779901915
2022-06-13,12,21.199640636478474,15.172080714997929,5.030466667811076,-6.027559921480545
2022-06-14,12,31.572616263629694,24.286987847785515,8.160066668192545,-7.2856284158441795
2022-06-15,12,24.733971993761823,19.07102528978532,7.075600012143453,-5.662946703976502
2022-06-16,12,10.892435494257615,9.888959611995162,3.6147833347320555,-1.0034758822624532
2022-06-17,12,11.000349924692227,13.643895763805784,3.052516678969065,2.643545839113557
2022-06-18,12,9.943855703781633,12.264360418447662,1.8008000016212464,2.320504714666029
2022-06-19,12,15.878749055207624,17.801840457074672,4.9390000104904175,1.9230914018670475
2022-06-20,12,19.94340027861458,16.193081370204748,6.35058331489563,-3.750318908409831
2022-06-21,12,11.64910497047401,8.973905825125211,3.902600010236104,-2.675199145348799
2023-06-01,12,11.607587744900616,9.611752545878105,3.392683335145314,-1.9958351990225118
2023-06-02,12,15.737380171273916,21.911390095671575,2.5452000081539157,6.174009924397659
2023-06-03,12,16.795561682855624,18.055041466313373,1.6196166677400468,1.2594797834577491
2023-06-04,12,15.826995046278281,21.28476068036539,1.168049999093637,5.45776563408711
2023-06-05,12,20.978055311292803,25.73821905682598,1.9607166786988572,4.760163745533177
2023-06-06,12,21.022920450832704,26.09514448073765,1.9240166639288265,5.072224029904945
2023-06-07,12,17.02280814039023,22.326723012117814,1.2270666619141894,5.303914871727585
2023-06-08,12,14.623325947239397,17.408347473065074,0.6613000058724238,2.7850215258256767
2023-06-09,12,19.855476654113662,23.288227851601487,1.8686833287899691,3.432751197487825
2023-06-10,12,28.614102724782985,24.44676607791615,5.307566666603089,-4.167336646866836
2023-06-11,12,23.085993404738513,26.919974782032444,2.3282833258310953,3.833981377293931
2023-06-12,12,22.63294055872262,28.55042122782469,2.3887166678905483,5.917480669102069
2023-06-13,12,14.3657433732721,17.51984099809648,0.6919666630526382,3.154097624824381
2023-06-14,12,22.335464887327024,30.405501358038546,3.0331833302974704,8.070036470711521
2023-06-15,12,16.4288148824651,21.752708914564078,1.2325666616360351,5.323894032098977
2023-06-16,12,15.207524123252735,16.691108201034726,1.3147333347549042,1.483584077781991
2023-06-17,12,53.83619818960673,64.75126036628939,7.468416674931845,10.915062176682653
2023-06-18,12,33.21718919371652,34.2578488368745,4.4601500034332275,1.04065964315798
2023-06-19,12,10.046050298881656,11.658953146926006,1.6730999926726022,1.6129028480443495
2023-06-20,12,22.62331731441132,27.64709261720471,5.483599996566772,5.023775302793389
2023-06-21,12,17.362613130889034,19.75352877902677,4.973916653792063,2.390915648137735
2024-06-01,12,18.768437804764414,22.960723861211104,1.5184333411355817,4.19228605644669
2024-06-02,12,12.199060079168635,14.416689535116976,2.912699983517329,2.217629455948341
2024-06-03,12,33.788759915617604,34.061123067863306,4.743716681003571,0.2723631522457026
2024-06-04,12,10.223534111071569,10.948960196620561,2.4104333420594544,0.7254260855489925
2024-06-05,12,30.644389523544145,35.736246612445086,3.6345000028610226,5.091857088900941
2024-06-06,12,13.162492687250708,16.727502939355322,0.38828333279428384,3.5650102521046136
2024-06-07,12,21.32696371684317,24.912035288602187,5.498699990908305,3.5850715717590163
2024-06-08,12,11.675774533987688,9.508783973047606,3.2642166614532457,-2.166990560940082
2024-06-09,12,22.89653856132308,30.065153411284054,3.0728499968846634,7.168614849960974
2024-06-10,12,19.52771128351353,23.9582481309732,1.6743333319822957,4.4305368474596705
2024-06-11,12,10.776243126347435,13.814737595726594,1.7705833355585743,3.0384944693791596
2024-06-12,12,15.128071028852208,11.364221932386773,3.596183343728383,-3.763849096465435
2024-06-13,12,13.244090386112067,12.626536567630541,2.327150002370279,-0.6175538184815252
2024-06-14,12,30.937784655425343,34.86432736004916,3.7252833445866904,3.9265427046238166
2024-06-15,12,10.580475017026505,9.578746539451782,3.651633322238923,-1.0017284775747228
2024-06-16,12,14.794629687853341,13.118900527443817,5.169000013669332,-1.6757291604095244
2024-06-17,12,24.187286848201463,21.507519136908737,7.172633385658264,-2.679767711292726
2024-06-18,12,47.71680857205814,42.05673376441095,10.783166710535689,-5.660074807647192
2024-06-19,12,10.896508034323492,12.413413783715871,2.8742166598637895,1.5169057493923788
2024-06-20,12,11.379059774411441,15.137770458273582,1.7961666673421863,3.758710683862141
2024-06-21,12,19.295538516380457,15.414685688762791,6.230400029818217,-3.880852827617666
2025-06-01,12,16.287763590354754,18.209581696273954,1.2916499930123484,1.9218181059192005
2025-06-02,12,10.531740684117619,12.264908920314799,2.905266664425532,1.73316823619718
2025-06-03,12,14.137533631180421,17.354041285872203,4.004766650994619,3.2165076546917817
2025-06-04,12,37.94157343945869,45.163473751135285,4.776250004768372,7.221900311676592
2025-06-05,12,11.566338598072914,11.600108253822196,3.1950000047683718,0.033769655749281924
2025-06-06,12,15.887340307182118,13.336996911132704,3.044300015767416,-2.5503433960494135
2025-06-07,12,19.705715464849032,14.6061644798549,4.5024000048637385,-5.099550984994131
2025-06-08,12,11.41028585701648,12.97931371243055,1.0989499974995858,1.5690278554140704
2025-06-09,12,13.437313632563505,17.35801627915612,0.48378333607688545,3.9207026465926162
2025-06-10,12,12.71169501036412,14.534981425959227,0.9090666681528092,1.8232864155951063
2025-06-11,12,12.26666231171524,15.280164474747085,0.6763333359733222,3.013502163031845
2025-06-12,12,10.506055761717366,13.245522255032586,2.5961500147978467,2.73946649331522
2025-06-13,12,12.66190605180179,17.11275000195423,1.195299998919169,4.450843950152439
2025-06-14,12,20.136875588180846,23.43744213782158,5.384733319282532,3.3005665496407346
2025-06-15,12,15.485725808581794,19.1024637231758,3.7633666614691417,3.6167379145940046
2025-06-16,12,16.39780683744227,21.393470934038827,1.064700005948544,4.995664096596556
2025-06-17,12,45.28421935082818,53.4370161789645,8.109800004959105,8.152796828136317
2025-06-18,12,11.814935620640785,12.450049722148673,1.614633333186309,0.635114101507888
2025-06-19,12,14.080895622308336,19.482679130457857,2.352483334143957,5.401783508149521
2025-06-20,12,22.30094968227407,15.521207430705847,5.933616662025451,-6.779742251568223
2025-06-21,12,41.61360388102986,33.3493599141636,9.446666677792866,-8.26424396686626
1994-06-01,14,20.178795213941985,15.190564275877666,7.390199995040893,-4.988230938064319
1994-06-02,14,16.205697022869185,12.135481735011286,5.641266671816508,-4.0702152878578985
1994-06-03,14,17.44866021971394,21.133498738334946,2.276199991504351,3.6848385186210066
1994-06-04,14,15.46914334512417,16.503940482993958,4.305866666634877,1.0347971378697878
1994-06-05,14,32.843555242052744,26.553709222232396,10.02566668192546,-6.289846019820349
1994-06-06,14,26.742727623535888,36.38734071790695,3.5368666609128314,9.644613094371064
1994-06-07,14,31.21441446318671,29.100149155486204,8.987000028292337,-2.1142653077005065
1994-06-08,14,72.41425490185529,84.7565554599656,11.353833341598513,12.34230055811031
1994-06-09,14,51.753871987482455,63.22503289482502,6.30076668659846,11.471160907342565
1994-06-10,14,50.15094293547638,63.448038097592416,6.792449990908305,13.297095162116037
1994-06-11,14,23.00228660414049,28.242518960164784,4.25885001818339,5.240232356024293
1994-06-12,14,17.130371991494297,15.552190287304764,5.826999998092652,-1.5781817041895323
1994-06-13,14,30.549441589181274,24.790461630259887,9.67683335145314,-5.758979958921387
1994-06-14,14,57.61075917518701,50.61408059741784,13.813833316167198,-6.996678577769174
1994-06-15,14,38.43917775169126,32.491890461110174,10.930000019073487,-5.947287290581087
1994-06-16,14,35.13062753404414,30.590499380077308,10.23283330599467,-4.54012815396683
1994-06-18,14,13.957528316174102,14.646813599721465,3.6497000296910604,0.6892852835473633
1994-06-19,14,18.213623753203247,23.604390295308523,2.812283353010814,5.3907665421052755
1994-06-20,14,16.837426883352382,17.04433798300148,2.814233348766962,0.2069110996490977
1994-06-21,14,23.660389651427227,24.719241177982088,3.3459166586399074,1.0588515265548608
1995-06-01,14,27.90175429874348,35.15421269137897,2.1856166561444597,7.252458392635493
1995-06-03,14,18.420442859572585,17.946911512452882,3.2154333253701526,-0.47353134711970313
1995-06-04,14,36.79142637923674,34.47760995069778,7.237100005149841,-2.3138164285389564
1995-06-05,14,17.043551734807284,18.307620084370054,4.49686663945516,1.2640683495627698
1995-06-06,14,21.725978539773198,25.023744241116102,5.598400020599366,3.297765701342904
1995-06-07,14,23.779212378406566,18.19332246099388,7.265183289845785,-5.585889917412686
1995-06-08,14,24.3092927431065,21.505997184238243,7.916633359591166,-2.803295558868257
1995-06-09,14,32.569538989651846,36.580463016217195,7.454716662565867,4.010924026565348
1995-06-10,14,57.58442452192091,71.15696045125117,7.05761665503184,13.572535929330257
1995-06-11,14,53.92345992266222,66.47911555895378,6.482900007565816,12.555655636291561
1995-06-12,14,24.14173307125346,28.44214251724542,1.9709499975045526,4.30040944599196
1995-06-13,14,19.58130512744741,19.65016574749176,5.988266666730245,0.06886062004434734
1995-06-14,14,31.614913648401465,25.734295262327098,9.839999977747597,-5.880618386074367
1995-06-15,14,30.153285945679766,25.138252152518884,9.46066663265228,-5.015033793160882
1995-06-16,14,19.973774091087595,14.39791277416543,7.208166646957397,-5.575861316922165
1995-06-17,14,14.44627065091915,11.809498135956343,5.102066671848297,-2.636772514962807
1995-06-18,14,19.732377575159386,17.81123866537438,6.723683341344198,-1.9211389097850073
1995-06-19,14,15.93336847342287,11.692804380174277,5.700750005245209,-4.240564093248594
1995-06-20,14,15.410499657879587,11.535692430515855,5.387749989827474,-3.874807227363732
1995-06-21,14,14.889775530326151,14.335026372862583,4.808683335781097,-0.5547491574635686
1996-06-01,14,22.727891181867857,30.195813943874963,3.1408166726430258,7.467922762007106
1996-06-02,14,30.91950722351096,32.97159318245441,4.226383332411449,2.0520859589434544
1996-06-03,14,34.475111263071824,45.95992964468127,4.88148330450058,11.484818381609443
1996-06-04,14,22.569047535495184,28.39413055302568,4.747383344173432,5.8250830175304955
1996-06-05,14,18.88765493341327,14.220264040369681,6.335750011603038,-4.667390893043589
1996-06-06,14,47.11880117914545,58.56130809996404,5.151333357890446,11.442506920818587
1996-06-07,14,69.26363194263884,80.15406281928598,8.6630166610082,10.890430876647144
1996-06-08,14,54.69846751701377,66.2538876051105,6.5652499755223594,11.555420088096739
1996-06-09,14,31.32473559099714,37.28348007355734,3.1387333393096926,5.958744482560203
1996-06-10,14,14.729080780147118,17.310328402978225,2.7007666627566027,2.581247622831107
1996-06-11,14,14.944495454009672,11.593174858312661,5.268483324845631,-3.351320595697011
1996-06-12,14,16.807352835111576,18.700174295512273,1.876016665498416,1.8928214604006968
1996-06-13,14,13.803731115948747,12.72940927091948,4.423216672738394,-1.0743218450292673
1996-06-14,14,14.256942639491935,14.926815893237336,2.797383319338162,0.6698732537454006
1996-06-15,14,17.300149615121573,20.965314308301675,2.5302666505177815,3.6651646931801025
1996-06-16,14,15.724725123740367,17.196228560757472,2.0510499904553097,1.4715034370171054
1996-06-17,14,37.56001311859221,45.20234764764669,4.078516678015391,7.64233452905448
1996-06-18,14,16.784389359380558,12.964605935146889,5.175916679700215,-3.8197834242336697
1996-06-19,14,19.63145693049258,16.756270692410045,6.798016691207885,-2.8751862380825344
1996-06-20,14,38.878701766413585,42.31324212232066,8.936633284886678,3.4345403559070746
1996-06-21,14,23.715150837370356,17.761867906598727,7.699949987729391,-5.953282930771628
1997-06-01,14,17.82596860462031,20.274337311406935,1.7288833146293954,2.448368706786624
1997-06-02,14,18.221035573840172,21.809925199001693,0.8591333344578741,3.5888896251615208
1997-06-03,14,36.693592283033155,44.853114926827445,3.8421166857083637,8.15952264379429
1997-06-04,14,46.05636814375926,56.347966211475324,8.030499990781149,10.291598067716066
1997-06-06,14,16.24705117951326,20.16062414764831,1.701833328604698,3.9135729681350497
1997-06-07,14,29.85999100283861,40.364398367225505,3.1488166630268095,10.504407364386896
1997-06-08,14,17.959987133610266,21.809944636741864,1.4450166637698811,3.8499575031315985
1997-06-09,14,29.635688483293738,40.42497709332521,3.7557000080744425,10.789288610031473
1997-06-10,14,33.21212495046245,44.80031148811392,4.125649988651275,11.588186537651467
1997-06-11,14,14.152650290305157,14.35943747598795,2.7411833206812535,0.20678718568279209
1997-06-12,14,31.196505414411224,30.02941155732788,8.791683371861776,-1.1670938570833442
1997-06-13,14,35.34826175144349,41.002771790377025,3.9621166626612343,5.654510038933537
1997-06-14,14,38.814114231455605,50.51172378099001,5.775700004895529,11.697609549534405
1997-06-15,14,14.244189028889988,11.817721207426754,4.20056666135788,-2.426467821463234
1997-06-16,14,29.3581938141543,39.40885397024812,3.0826500137646993,10.050660156093816
1997-06-17,14,29.322500734156062,32.45828123585031,3.5404999971389777,3.1357805016942457
1997-06-18,14,25.894242001118794,24.224922945615607,5.157150002320607,-1.6693190555031876
1997-06-19,14,23.888777769023836,18.83106985979291,6.980016668637593,-5.057707909230928
1997-06-20,14,32.06189454810689,25.071471055763443,9.829666678110758,-6.990423492343449
2021-06-01,14,37.48768633734852,48.497599340842854,3.9473333319028217,11.009913003494333
2021-06-02,14,21.44632873844937,26.10950150464487,1.1506999934713042,4.663172766195501
2021-06-03,14,19.74282111237397,23.67291809532858,1.0139666597048438,3.930096982954609
2021-06-04,14,19.205748641231242,16.395327414265967,4.768833351135254,-2.810421226965275
2021-06-05,14,13.640879935208975,11.98851823747717,3.8402333140373233,-1.6523616977318056
2021-06-06,14,15.956848748398638,16.409374178061395,4.808649984995523,0.45252542966275655
2021-06-07,14,32.656184297891826,37.01982193742526,7.501400009791057,4.363637639533437
2021-06-08,14,25.555781048482732,34.56257714704475,3.922700003782909,9.006796098562017
2021-06-09,14,22.109865757237397,27.66809550117844,4.799166651566823,5.558229743941041
2021-06-10,14,13.925299396931262,14.732037453300908,3.511616679032644,0.806738056369646
2021-06-11,14,20.986365852391923,17.122526566588714,7.4475666602452595,-3.863839285803209
2021-06-12,14,26.277237784454687,34.51941215136847,1.9094166616598767,8.242174366913783
2021-06-13,14,28.782220094834262,38.03042256061286,4.866516693433126,9.2482024657786
2021-06-14,14,21.210362411268324,28.62311567781938,1.6185166771213215,7.412753266551057
2021-06-15,14,17.752725940234367,18.97063428899872,2.1887666682402296,1.2179083487643538
2021-06-16,14,23.354023074033723,22.00586016473157,4.575616677602132,-1.3481629093021539
2021-06-17,14,23.343249782109243,20.749250185150967,5.251166665554047,-2.5939995969582768
2021-06-18,14,28.35627585914806,22.70710492898274,7.956716696421306,-5.649170930165319
2021-06-19,14,19.050460511375572,14.747901196201571,5.747633318106334,-4.302559315174001
2021-06-20,14,23.882327221986504,18.09426054211333,7.419450012842814,-5.788066679873175
2021-06-21,14,28.25072028121539,37.32075106772827,3.272300011664629,9.070030786512877
2022-06-01,14,36.47939249302212,46.939379944764724,3.762549984455109,10.459987451742606
2022-06-02,14,42.30544802996626,55.11669216084802,5.060600010553996,12.81124413088176
2022-06-03,14,22.198399180376864,29.337601428404714,3.9022999882698066,7.13920224802785
2022-06-04,14,13.728014397233085,11.532963520937397,4.8106666525204975,-2.1950508762956886
2022-06-05,14,21.151274096903936,24.047471314874873,3.4584333121776583,2.8961972179709363
2022-06-06,14,18.030211801363155,23.150425338281355,1.1815500011046725,5.1202135369182
2022-06-07,14,22.083578033615073,29.416153533953345,3.4974166691303252,7.332575500338272
2022-06-08,14,41.09992407059575,51.391643722713354,4.298983332514763,10.291719652117607
2022-06-09,14,19.66338537139293,24.20195954788071,4.394183337688446,4.538574176487778
2022-06-10,14,22.01817270215199,29.467404071186262,1.5271333299577234,7.449231369034273
2022-06-11,14,14.877214439579635,15.837854774272497,4.075383321444194,0.9606403346928616
2022-06-12,14,24.30266680215428,19.109805244525784,7.02713332970937,-5.192861557628497
2022-06-13,14,28.784438545185612,22.770060666305856,8.364383300145468,-6.014377878879756
2022-06-14,14,37.13158699893229,30.04983559552625,10.67100005149841,-7.081751403406042
2022-06-15,14,51.05354029014005,43.9692036354739,12.817333332697553,-7.084336654666146
2022-06-16,14,21.051079576507394,15.847211033354409,6.637383325894673,-5.203868543152986
2022-06-17,14,13.541070338652471,11.489311286366398,4.312900018692017,-2.051759052286073
2022-06-18,14,14.250011859262091,15.38948330081509,3.160016667842865,1.139471441552999
2022-06-19,14,19.61380622406124,18.414366187992368,6.495016646385193,-1.1994400360688715
2022-06-20,14,22.79933452794638,17.934486190634676,8.05526659488678,-4.864848337311706
2022-06-21,14,21.123220249972338,15.595894046765817,7.007283345858256,-5.5273262032065205
2023-06-01,14,18.23266649764967,21.087741732359806,1.4110666600366437,2.855075234710135
2023-06-02,14,19.51072295138037,24.670257117749383,3.771300007899603,5.1595341663690135
2023-06-03,14,17.623528796768714,21.143925509523978,1.0136666673856474,3.5203967127552644
2023-06-04,14,27.38952725941891,37.49502436575706,3.458033315340678,10.105497106338152
2023-06-05,14,25.93954744951358,34.97863702833196,2.1244666755199435,9.03908957881838
2023-06-06,14,22.885816433328483,28.75878949310793,1.1147333289651822,5.872973059779447
2023-06-07,14,19.737928317685668,26.09256791253758,1.0068999913831551,6.3546395948519105
2023-06-08,14,22.47358488966889,27.420797801138914,1.3199833358327548,4.947212911470025
2023-06-09,14,24.572825881153133,31.315114271706772,1.4392999986807504,6.7422883905536395
2023-06-10,14,33.36945278033946,43.34534020947028,3.144883334760864,9.975887429130822
2023-06-11,14,50.59242564352185,58.067142078528946,6.273449993133545,7.474716435007096
2023-06-12,14,33.042138880721794,44.38291821646615,3.628849987188975,11.340779335744358
2023-06-13,14,21.351163053433115,28.198049036667424,1.3266666653255617,6.8468859832343085
2023-06-14,14,20.405222226553303,27.396914742472607,2.675333329041799,6.991692515919304
2023-06-15,14,18.34123451681747,22.820836956726065,3.9298333406448367,4.4796024399085965
2023-06-16,14,26.112587798412743,33.01871642740154,1.7943666676680248,6.9061286289887995
2023-06-17,14,24.105507383656633,32.92324364207819,2.7869999905427294,8.817736258421558
2023-06-18,14,41.84328726807651,49.95354962717656,4.773300011952718,8.110262359100048
2023-06-19,14,14.909105207747107,14.246326831070153,4.675566677252452,-0.6627783766769539
2023-06-20,14,29.358716271016593,34.34084110594824,6.73178334236145,4.98212483493165
2023-06-21,14,54.62018976483516,65.26746138229886,5.714933300018313,10.647271617463701
2024-06-01,14,20.061775986372854,23.042007154086424,4.4836833347876865,2.980231167713569
2024-06-02,14,15.49714281792458,16.010159183593156,2.5346999913454056,0.5130163656685767
2024-06-03,14,25.844494863756974,32.38278560690699,2.6938333491484325,6.538290743150018
2024-06-04,14,17.522823340064388,13.088320901547878,5.9026333471139285,-4.43450243851651
2024-06-05,14,36.43941407197771,47.295166447739305,3.763183335463206,10.855752375761597
2024-06-06,14,28.209628463002613,35.73075966812986,2.40623335003232,7.521131205127251
2024-06-07,14,26.278215716169388,28.33961029032751,6.874400011698405,2.061394574158122
2024-06-08,14,22.591404913514648,16.234900196470317,7.809550023078919,-6.356504717044331
2024-06-09,14,47.86054774989158,61.42110456854104,6.383333333333333,13.56055681864946
2024-06-10,14,31.922091439709003,43.05032333809068,3.8373166481653853,11.128231898381674
2024-06-11,14,18.35230590646427,23.45455481471765,3.2663000106811526,5.1022489082533795
2024-06-12,14,19.442675900947958,14.92141318812816,5.99595000743866,-4.521262712819798
2024-06-13,14,23.190507165749917,18.12203460371202,6.770633371671041,-5.068472562037897
2024-06-14,14,21.730223185447546,29.363582626599612,1.857200002670288,7.633359441152066
2024-06-15,14,20.195788351837596,14.570294112113903,7.009483289718628,-5.625494239723693
2024-06-16,14,27.515534448254325,20.83731492874377,9.071400086085001,-6.678219519510556
2024-06-17,14,28.50353553134845,23.212174107993516,9.22026662826538,-5.291361423354935
2024-06-18,14,51.138389599762206,44.48747052587407,12.951166661580407,-6.650919073888133
2024-06-19,14,32.77685676598003,39.1856022473129,3.3886833310127265,6.408745481332872
2024-06-20,14,16.395273620224675,17.338575001906957,4.661900019645691,0.9433013816822822
2024-06-21,14,20.62456558594503,14.885434419045904,7.396333328882854,-5.739131166899128
2025-06-01,14,21.06315824376799,25.105366642866603,1.386466661592324,4.042208399098612
2025-06-02,14,19.048100738905493,16.9553005079124,6.545333313941955,-2.0928002309930918
2025-06-03,14,32.96627296129064,27.105110506071345,10.038783295949305,-5.861162455219297
2025-06-04,14,39.44967620620896,51.068970401212425,4.308783340454101,11.619294195003462
2025-06-05,14,36.49106817064077,47.87854929723021,5.456350004673004,11.387481126589435
2025-06-06,14,31.04975107679552,38.599244234155165,2.8355166753133134,7.549493157359645
2025-06-07,14,45.92673736652843,49.11852362189441,6.504033303260802,3.191786255365983
2025-06-08,14,16.472380572146573,15.808479603290149,3.2278666734695434,-0.6639009688564244
2025-06-09,14,25.079975388492674,30.80002616458169,1.6117166733524453,5.720050776089018
2025-06-10,14,23.868133687623956,26.372156900576964,2.545383326212565,2.5040232129530082
2025-06-11,14,19.091036011573483,25.010049747060638,1.05216666807731,5.919013735487155
2025-06-12,14,15.744648889782429,19.390988528712047,2.346233335137367,3.646339638929618
2025-06-13,14,17.962265271283858,20.65102490735409,1.5031499942143756,2.6887596360702304
2025-06-14,14,83.50590456798358,93.77321664537143,10.582733305295305,10.267312077387857
2025-06-15,14,15.014112659466324,17.495300848596987,3.1827000061670936,2.4811881891306626
2025-06-16,14,14.432295778585146,16.268850392642594,2.3885499974091853,1.836554614057448
2025-06-17,14,26.070679515870683,34.167153312941466,4.2352166612943005,8.096473797070782
2025-06-18,14,20.051453773713202,22.065863036621355,2.108166662355264,2.0144092629081527
2025-06-19,14,19.591207124514195,24.72041151141202,4.056883335113525,5.129204386897825
2025-06-20,14,26.043586838573002,19.991098448749323,7.964449946085612,-6.052488389823679
2025-06-21,14,33.52835096636592,26.710726388958843,9.68933332761129,-6.817624577407077
1994-06-01,16,18.542020074206636,15.009493187933582,6.648916669686635,-3.532526886273054
1994-06-02,16,17.209606273746008,15.308632827149705,4.6257833480834964,-1.9009734465963035
1994-06-03,16,36.70234301022926,47.69748510502018,4.004983321825663,10.995142094790921
1994-06-04,16,15.465191312749301,13.523602397682208,4.9120333075523375,-1.9415889150670935
1994-06-05,16,27.395733602242988,22.053233124462988,9.234300065040587,-5.34250047778
1994-06-06,16,22.560062448411923,27.135059796573852,3.940350000063578,4.574997348161929
1994-06-07,16,28.14386547298587,24.059490106053072,9.02233330408732,-4.084375366932797
1994-06-08,16,48.16976510242888,58.18682906781214,7.34006667137146,10.017063965383258
1994-06-09,16,37.03002811230067,47.59145114519954,3.8168500085671737,10.561423032898873
1994-06-10,16,27.272091249547852,29.9567483966395,6.128483366966248,2.6846571470916487
1994-06-11,16,20.907316301219563,20.462201455591217,5.870466661453247,-0.44511484562834625
1994-06-12,16,15.579384970316998,12.197443702389446,5.613016661008198,-3.3819412679275516
1994-06-13,16,38.069633201120226,32.715723475049344,11.270166603724164,-5.3539097260708814
1994-06-14,16,60.01678786635563,54.81559791947004,14.51966673533122,-5.2011899468855916
1994-06-15,16,48.236683294920226,43.24218464281641,12.752333339055376,-4.994498652103815
1994-06-16,16,44.006074138217016,40.648331372546835,11.45499998728434,-3.3577427656701815
1994-06-18,16,17.707210401220063,19.567133399079108,3.4425499816735585,1.8599229978590444
1994-06-19,16,16.613269628907258,18.350298502995617,2.7456999897956846,1.7370288740883595
1994-06-20,16,18.45508436975818,18.993503827086503,3.2405166864395145,0.5384194573283239
1994-06-21,16,28.86133276123393,34.21050235923663,2.753316677113374,5.3491695980027
1995-06-01,16,31.368213454583792,38.87050165190786,2.652283318837484,7.5022881973240665
1995-06-03,16,25.40152874112943,30.9607056106634,3.7114666660626736,5.559176869533971
1995-06-04,16,17.049352009004078,12.84743469235583,6.206316701571146,-4.201917316648249
1995-06-05,16,28.577429752737014,30.11116557419029,6.369066669543584,1.533735821453277
1995-06-06,16,17.61389196042008,14.639450280378309,6.31688334941864,-2.974441680041771
1995-06-07,16,24.236175523270976,20.850991059658558,6.892550007502239,-3.3851844636124184
1995-06-08,16,17.361913104847172,13.50457601257951,6.60951669216156,-3.857337092267663
1995-06-09,16,41.231677327105885,40.06261946376998,10.271999947230018,-1.169057863335908
1995-06-10,16,61.61715717169942,74.89543949398093,7.393533301353455,13.278282322281513
1995-06-11,16,57.77431208504106,69.39846576042092,6.833466649055481,11.624153675379858
1995-06-12,16,30.8360178479851,37.270478147383855,2.942333329717318,6.434460299398754
1995-06-13,16,23.567806566508605,22.167768850669656,7.018916686375936,-1.4000377158389483
1995-06-14,16,23.515845246572322,18.41264392977786,8.412833340962727,-5.103201316794461
1995-06-15,16,28.961082687411302,23.738725055907583,9.563500006993612,-5.222357631503719
1995-06-16,16,19.26910087177671,14.691066494865535,7.022433352470398,-4.578034376911177
1995-06-17,16,15.643693196361045,12.05361120604498,5.804533354441325,-3.5900819903160652
1995-06-18,16,17.75782094851115,14.679272183690113,6.228766640027365,-3.0785487648210363
1995-06-19,16,17.063456532960917,12.895754804843389,6.31511668364207,-4.167701728117528
1995-06-20,16,19.59153001253709,17.298324776364833,5.309716689586639,-2.2932052361722555
1995-06-21,16,15.750387420951153,15.616781835928993,3.45926666855812,-0.1336055850221598
1996-06-01,16,38.78110717148573,49.74834119224461,5.043150003751118,10.96723402075888
1996-06-02,16,55.40509441167099,61.99674439729172,7.534149972597758,6.591649985620734
1996-06-03,16,25.16199542484792,32.09026997451218,2.57546666363875,6.928274549664263
1996-06-04,16,15.707704570005038,16.76775816487802,3.0071999927361808,1.0600535948729828
1996-06-05,16,15.622446672240446,12.923612860668921,5.5118166883786515,-2.698833811571525
1996-06-06,16,59.485490865804394,73.25711713721518,7.3424166440963745,13.771626271410781
1996-06-07,16,70.47117048059347,81.99441322120073,8.714133350054423,11.523242740607259
1996-06-08,16,65.39715260180951,78.1332176838365,7.866100001335146,12.736065082026997
1996-06-09,16,42.63036047372165,52.04362005732733,4.573733355601628,9.41325958360568
1996-06-10,16,17.054824369149532,17.292690355913795,3.0694500058889393,0.23786598676426252
1996-06-11,16,16.024550921961467,14.531069363612563,4.8780333240826925,-1.493481558348904
1996-06-12,16,16.81715563644976,17.12725602485963,3.0313666542371114,0.31010038840987164
1996-06-13,16,18.60647526565143,21.535802288687545,2.7270666718482968,2.929327023036116
1996-06-14,16,18.15836397375406,20.607934853134612,2.980550001064936,2.449570879380552
1996-06-15,16,27.38417634003054,32.252534835253414,2.6174333473046616,4.868358495222875
1996-06-16,16,17.632380648357223,15.723758153319022,4.659299989541371,-1.9086224950382018
1996-06-17,16,41.97440586136801,51.07843188460984,4.5408333301544195,9.104026023241829
1996-06-18,16,27.32002919476673,26.630935265383673,5.818700003623962,-0.6890939293830556
1996-06-19,16,14.772872057899345,12.012450005514967,4.894249991575877,-2.760422052384378
1996-06-20,16,38.38536021591787,39.28846285535495,9.097500038146972,0.9031026394370798
1996-06-21,16,27.741872941186532,22.47382546759859,9.226999974250793,-5.2680474735879415
1997-06-01,16,26.62369936633956,34.11506745539411,2.1848999944825964,7.49136808905455
1997-06-02,16,31.092136641808676,40.53608567193129,2.9986333409945165,9.443949030122614
1997-06-03,16,22.59609521248385,27.476416123264382,2.4825166965524357,4.880320910780533
1997-06-04,16,41.33919534270851,50.93170755245832,6.2465166568756105,9.592512209749813
1997-06-06,16,25.975325338374244,32.19622443436006,2.078933325409889,6.220899095985818
1997-06-07,16,24.654164206770812,30.481965658250854,1.958049993216992,5.827801451480042
1997-06-08,16,32.42527057099633,39.81630325926858,4.313933342695236,7.391032688272247
1997-06-09,16,47.92570174042466,59.84911126384445,6.562099997202556,11.923409523419792
1997-06-10,16,35.42518395993763,46.059000227145646,4.133499995867411,10.633816267208019
1997-06-11,16,24.167750861659886,24.503256531344565,4.308216637372971,0.33550566968467876
1997-06-12,16,17.258414216028097,13.949006096949208,6.049566646416983,-3.3094081190788884
1997-06-13,16,49.04980168091271,58.73781985687124,5.635233318805694,9.688018175958533
1997-06-14,16,18.89854521839486,22.3940360275656,2.3561166594425837,3.4954908091707395
1997-06-15,16,21.012424041747852,16.769760245276526,7.138383309046428,-4.2426637964713265
1997-06-16,16,30.904215005443245,40.45115495135862,3.030949983994166,9.546939945915373
1997-06-17,16,30.912320727158,37.73138929776886,2.7891166667143503,6.819068570610856
1997-06-18,16,25.16753879861705,27.094384071639762,3.847933332125346,1.926845273022714
1997-06-19,16,20.55821561676368,15.516397462592398,7.684900005658467,-5.041818154171281
1997-06-20,16,32.12722906559139,26.57669076187332,10.015666619936628,-5.550538303718074
2021-06-01,16,37.122735958771855,48.26924845927715,3.984550023078919,11.146512500505295
2021-06-02,16,29.716971354261897,37.346756300108225,2.225233334799608,7.629784945846328
2021-06-03,16,18.465782872212767,21.30171866824126,1.533783331885934,2.835935796028494
2021-06-04,16,16.1489032190775,13.778424716555318,4.737050016721089,-2.3704785025221824
2021-06-05,16,16.0683358443484,14.357005090497186,5.015200010935465,-1.7113307538512146
2021-06-06,16,18.43107049245364,16.886196570625838,5.918133330345154,-1.5448739218278007
2021-06-07,16,20.35615190934457,22.379675979873593,4.727233322461446,2.023524070529021
2021-06-08,16,24.871946873429092,30.184533078502607,4.255133314927419,5.312586205073515
2021-06-09,16,25.147152313912198,29.20188183084866,5.149750022093454,4.054729516936462
2021-06-10,16,16.388977191245562,16.728121085302664,4.079400022824605,0.3391438940571021
2021-06-11,16,15.201043818375584,12.511929076680286,5.331116676330566,-2.689114741695299
2021-06-12,16,37.249559674043454,48.20345666725686,3.9133999745051065,10.953896993213405
2021-06-13,16,47.505163473417426,57.2091446472636,7.501316690444946,9.703981173846174
2021-06-14,16,22.31855786599647,27.866489789955057,2.4832000116507205,5.547931923958586
2021-06-15,16,20.06204186981822,24.351141817947,1.059116671979427,4.289099948128779
2021-06-16,16,20.836993204823617,22.520587825883037,2.968016684055328,1.6835946210594201
2021-06-17,16,24.358219389432815,22.83118406379378,5.736300003528595,-1.5270353256390337
2021-06-18,16,23.918719208508687,19.811926154421943,7.400500011444092,-4.106793054086744
2021-06-19,16,15.955056369075972,12.712229252411202,5.330733354886373,-3.2428271166647704
2021-06-20,16,26.041013686125464,21.121848559138517,8.301633389790853,-4.919165126986947
2021-06-21,16,25.920360063400214,29.780280034872188,2.877549995978674,3.8599199714719745
2022-06-01,16,35.02153785651838,44.41273574629376,3.2886833210786186,9.391197889775384
2022-06-02,16,39.85836298818576,51.127194597110716,4.9968500097592665,11.268831608924955
2022-06-03,16,18.225740755259356,20.78992398999355,3.5505000174045556,2.5641832347341946
2022-06-04,16,15.961811212517485,13.181190912219922,4.974300007025401,-2.7806203002975636
2022-06-05,16,21.766565650597105,19.75191938152771,6.877850023905436,-2.014646269069395
2022-06-06,16,22.68663082457738,29.358211581808586,1.748766658703486,6.6715807572312045
2022-06-07,16,28.21993099196194,33.37199944576814,4.031150001287459,5.152068453806198
2022-06-08,16,38.286303038703934,49.4800511115547,4.726349989573161,11.193748072850767
2022-06-09,16,16.18722163663391,17.22135352865598,3.534716667731603,1.0341318920220672
2022-06-10,16,17.59033817185661,20.643846287156553,2.042850009351969,3.053508115299941
2022-06-11,16,17.01949518010839,16.11031048572684,5.095266675949097,-0.9091846943815511
2022-06-12,16,19.712450973115832,15.318533720819563,6.713683327039083,-4.393917252296269
2022-06-13,16,35.012502869626985,30.849545106894727,9.549733352661134,-4.162957762732258
2022-06-14,16,40.76524350431768,35.18170029439817,11.645666662851962,-5.583543209919512
2022-06-15,16,33.68953869101132,28.468048273441557,9.981699959437051,-5.221490417569765
2022-06-16,16,16.549576392847353,13.804851646077193,4.989516687393188,-2.74472474677016
2022-06-17,16,14.834482924209201,12.987425226621074,4.184333336353302,-1.8470576975881272
2022-06-18,16,14.374316123269896,13.35838102658705,4.003399982055028,-1.0159350966828455
2022-06-19,16,21.159183699305256,21.183112930600753,5.914766685167949,0.02392923129549729
2022-06-20,16,20.88749890438279,15.755862126485571,7.832566658655803,-5.131636777897221
2022-06-21,16,30.342445841030557,27.050833910663624,8.027800019582111,-3.2916119303669333
2023-06-01,16,30.08410384958545,30.023843131982996,6.034549991289774,-0.06026071760245344
2023-06-02,16,16.362139299856093,13.602096317720967,5.851966635386149,-2.7600429821351256
2023-06-03,16,17.17955187028817,18.61053388465078,2.3003833343585334,1.4309820143626126
2023-06-04,16,24.13239742795159,31.49214402779368,2.140150002638499,7.35974659984209
2023-06-05,16,21.870895642183623,27.863207499262895,2.1147666608293854,5.992311857079272
2023-06-06,16,26.197334136030147,33.87982347807463,1.8049166679382318,7.68248934204448
2023-06-07,16,16.343182624666444,18.28332608220258,2.0706999982396765,1.9401434575361378
2023-06-08,16,20.6951974721292,26.021277821424665,1.0786166599330804,5.3260803492954665
2023-06-09,16,23.653507072458655,30.41999558276144,1.567016663402319,6.766488510302786
2023-06-10,16,37.114472584227784,45.83878901757909,3.6069499969482424,8.724316433351305
2023-06-11,16,61.54407293672962,71.50237452064684,7.630616648991902,9.958301583917219
2023-06-12,16,40.20535670200687,50.91714514302127,5.496583326657613,10.711788441014406
2023-06-13,16,20.872541719818077,25.999862570364986,1.682016665985187,5.127320850546909
2023-06-14,16,25.689367706011144,30.221931861852692,2.4173500099529823,4.532564155841548
2023-06-15,16,20.277982629377096,25.049785386003197,2.4089833060900365,4.771802756626101
2023-06-16,16,26.985049672878983,34.48493412216155,1.7497333273291589,7.499884449282565
2023-06-17,16,35.440135955803555,44.70580880951394,5.069299991925558,9.265672853710385
2023-06-18,16,32.569995653993175,40.703207491379615,2.8105333139499025,8.13321183738644
2023-06-19,16,22.352348441548887,21.788373156612604,6.453999988238016,-0.5639752849362836
2023-06-20,16,34.9971593966894,39.47083227888744,7.136383374532064,4.473672882198045
2023-06-21,16,24.135311635271787,29.97401474641406,3.1301166693369558,5.838703111142273
2024-06-01,16,14.386608251390907,14.321999210240097,3.2990333318710325,-0.06460904115080979
2024-06-02,16,17.74826130132956,14.115942619633497,5.938249977429708,-3.632318681696063
2024-06-03,16,47.7017639742797,51.11999568303348,8.851650083065032,3.4182317087537797
2024-06-04,16,15.987310925894594,14.008028881079827,5.399666647116343,-1.9792820448147666
2024-06-05,16,36.03983721971622,46.826506376036434,3.9264166474342344,10.786669156320215
2024-06-06,16,33.309602878634934,43.163292646533804,4.114500002066294,9.85368976789887
2024-06-07,16,17.87368866978552,15.848514976369128,5.906899992624919,-2.0251736934163915
2024-06-08,16,35.36866803398422,33.489843108853904,8.049716647466022,-1.878824925130317
2024-06-09,16,46.63890626069414,58.88148573095283,6.028116671244303,12.24257947025869
2024-06-10,16,25.739253429972567,31.136045491970993,4.492433345317841,5.3967920619984255
2024-06-11,16,16.927339129151147,17.216371997260328,3.747016686201096,0.2890328681091816
2024-06-12,16,18.178026512991703,14.616055106490759,5.801600035031636,-3.5619714065009447
2024-06-13,16,23.565294969001005,19.14558598814965,7.562899971008301,-4.419708980851354
2024-06-14,16,20.722588079675983,24.810406894429793,1.2994333301981291,4.08781881475381
2024-06-15,16,17.93561095649706,13.522420701123782,6.777533332506817,-4.41319025537328
2024-06-16,16,30.772016082087536,25.109510759128977,9.941516733169554,-5.662505322958559
2024-06-17,16,28.04377730221314,22.9338282634041,9.197616656621298,-5.109949038809042
2024-06-18,16,53.268564109461735,48.12434795264954,13.564166609446204,-5.144216156812192
2024-06-19,16,36.41115327018687,45.404317107300926,3.5068666338920593,8.993163837114054
2024-06-20,16,15.968422638075769,16.713163717717197,3.444233324130376,0.7447410796414289
2024-06-21,16,21.00525387681653,16.69171795338421,6.95091667175293,-4.313535923432319
2025-06-01,16,23.218990683993315,29.5888784401122,0.9377333272869387,6.369887756118885
2025-06-02,16,22.142449825971074,19.983000335499188,6.964333319664001,-2.1594494904718857
2025-06-03,16,41.85001612219503,36.35400399511664,11.827333323160804,-5.496012127078387
2025-06-04,16,36.237243521957495,46.88088564610857,3.5779500087102254,10.643642124151071
2025-06-05,16,20.39362944090801,23.621928655128794,4.078099981943767,3.228299214220783
2025-06-06,16,24.48825253206243,31.619707834743817,1.346433333555857,7.131455302681388
2025-06-07,16,60.22158682994342,67.9571916247285,7.989183370272318,7.7356047947850755
2025-06-08,16,21.532313650622033,21.252947339115313,4.3782333334287005,-0.2793663115067204
2025-06-09,16,37.24362511740132,43.43773846647258,4.420283349355062,6.194113349071259
2025-06-10,16,25.136200385618903,27.58889001208073,3.4155166645844766,2.452689626461826
2025-06-11,16,17.395367796375563,20.13894495657914,3.0877333203951522,2.7435771602035786
2025-06-12,16,22.96171851030338,29.490506572524463,1.9600333296383414,6.528788062221082
2025-06-13,16,16.076193320775875,17.3347598345221,2.416333336631457,1.2585665137462243
2025-06-14,16,29.300469278694006,31.281307675342763,6.49138331413269,1.9808383966487568
2025-06-15,16,22.08482371288341,28.052257780995983,2.413649996121724,5.967434068112574
2025-06-16,16,17.99141861829325,20.369783445760344,1.868983333061139,2.378364827467095
2025-06-17,16,28.085576337169602,28.91755642221086,7.1007500171661375,0.8319800850412591
2025-06-18,16,31.2060011858476,32.38516146650446,5.325399986902872,1.1791602806568555
2025-06-19,16,20.939499570323928,23.973292220217463,4.328550040721892,3.0337926498935346
2025-06-20,16,30.87432748793621,27.06686511744309,8.520283325513203,-3.80746237049312
2025-06-21,16,37.8789529771917,32.20940063917931,11.16900003751119,-5.6695523380123944
1994-06-01,18,17.548422707563756,16.23857779091725,5.924183328946431,-1.3098449166465045
1994-06-02,18,19.35623597880907,18.83881192062353,3.6466333230336505,-0.51742405818554
1994-06-03,18,42.935820956024145,54.49219451350818,4.9148333350817355,11.556373557484036
1994-06-04,18,16.738956622823533,13.942504072399043,5.481383323669434,-2.7964525504244904
1994-06-05,18,32.42839187620494,30.075647749207956,10.032149998346966,-2.352744126996985
1994-06-06,18,23.516125857711497,28.175412603216525,4.54758331378301,4.659286745505028
1994-06-07,18,24.27585174451635,21.036474082621563,8.658666682243348,-3.2393776618947854
1994-06-08,18,39.308356282498735,49.16223840325769,5.650866655508677,9.853882120758954
1994-06-09,18,38.309482785221476,48.471232673273676,4.663049970070521,10.1617498880522
1994-06-10,18,37.07685346834526,47.283796005590105,3.84738334218661,10.206942537244842
1994-06-11,18,22.271484306844147,22.072320111393527,6.8957667032877605,-0.1991641954506207
1994-06-12,18,20.157230001358077,17.70184092227615,7.278900019327799,-2.4553890790819253
1994-06-13,18,40.12833496626453,36.0565317138916,11.898333390553795,-4.071803252372931
1994-06-14,18,53.23547484560348,48.87397916369464,13.758000008265181,-4.361495681908835
1994-06-15,18,49.83285504719568,47.150384309950255,13.087000020345052,-2.682470737245424
1994-06-16,18,41.002329895076315,38.89496752626985,11.501833327611289,-2.107362368806463
1994-06-18,18,18.21592721807792,18.800212030286065,4.706633337338765,0.5842848122081463
1994-06-19,18,24.4156697419492,28.959127901871927,4.216866654157638,4.543458159922729
1994-06-20,18,17.838363536277644,18.32560636982647,3.1248166541258495,0.4872428335488266
1994-06-21,18,21.43790112162036,24.823290825257633,2.819049985706806,3.385389703637273
1995-06-01,18,30.066647896935986,35.26819509223537,2.4785499910513558,5.201547195299387
1995-06-03,18,23.096566344556717,29.154957575720847,2.9971833189328514,6.05839123116413
1995-06-04,18,25.595352560774653,20.262096852949522,8.894566631317137,-5.333255707825131
1995-06-05,18,16.434932394729945,17.779984670399326,3.203683332602183,1.3450522756693815
1995-06-06,18,15.44124157021054,13.550263067598149,5.562816643714905,-1.8909785026123913
1995-06-07,18,24.957733457911754,20.29575200665006,7.5422000169754035,-4.6619814512616955
1995-06-08,18,52.21975890718761,63.434328886180595,7.571900057792664,11.214569978992984
1995-06-09,18,41.538083430116714,41.45365459838649,10.827499977747594,-0.08442883173022153
1995-06-10,18,61.215125221783595,72.14943292833959,7.668766673405964,10.934307706555998
1995-06-11,18,54.70606519826032,65.81476476313055,6.087133308251699,11.108699564870236
1995-06-12,18,35.982443548847655,45.61994115705943,3.7695333093404773,9.637497608211774
1995-06-13,18,25.913937911546252,25.90867372143371,7.67444999217987,-0.0052641901125412005
1995-06-14,18,22.23349466297984,17.304709339840112,8.49713331858317,-4.928785323139728
1995-06-15,18,27.103435552573433,22.92194015839674,9.458516629536952,-4.181495394176693
1995-06-16,18,20.571455768077353,17.986856792341246,7.443583313624064,-2.5845989757361068
1995-06-17,18,20.357735203644015,20.649621305868923,5.798716688156128,0.2918861022249075
1995-06-18,18,16.687926768788035,14.826740804298016,5.692466708024343,-1.8611859644900193
1995-06-19,18,16.791818019346028,14.20967111766831,5.381166668732961,-2.582146901677717
1995-06-20,18,16.311433003582398,14.860621542348621,5.1648166418075565,-1.4508114612337764
1995-06-21,18,19.296026204501548,20.247962415689823,4.686933352549871,0.9519362111882756
1996-06-01,18,41.295474053572434,52.16238767183245,4.408266667524973,10.866913618260014
1996-06-02,18,26.722906068410754,25.875535304271796,5.147283303737639,-0.8473707641389581
1996-06-03,18,29.63343720720791,36.817746098298485,2.3164833327134446,7.184308891090577
1996-06-04,18,36.32044154502327,45.884159501506005,4.6744833230972285,9.563717956482733
1996-06-05,18,21.86824131654954,17.12255672670938,8.30828332901001,-4.74568458984016
1996-06-06,18,56.44868786194249,67.05376476930974,6.441166639328003,10.605076907367248
1996-06-07,18,72.13574237637481,83.08612317996045,8.689566707611085,10.950380803585645
1996-06-08,18,69.21112965292066,82.49024267018788,8.22879997889201,13.279113017267221
1996-06-09,18,39.007769710478115,46.992372878230526,3.580300011237462,7.984603167752411
1996-06-10,18,22.568279518839358,26.395556613237336,2.431650002797445,3.827277094397978
1996-06-11,18,16.164677814448535,15.793102816797909,3.822716675202052,-0.37157499765062596
1996-06-12,18,20.902699838936794,25.04452250108449,1.6129666676123942,4.141822662147696
1996-06-13,18,23.18529652922388,28.000988770464904,3.2941999996701883,4.815692241241024
1996-06-14,18,22.858288388562986,26.587520118798277,4.42833333015442,3.7292317302352913
1996-06-15,18,24.503595262516452,30.466261265723052,3.012116663654646,5.9626660032066
1996-06-16,18,17.299790412252957,13.052900767537164,6.453766671816508,-4.246889644715793
1996-06-17,18,38.40393246792111,45.114622489686965,3.788666665554046,6.710690021765856
1996-06-18,18,21.342844049581924,18.020404760600766,6.026433340708415,-3.3224392889811583
1996-06-19,18,16.14237657195149,15.329221720212427,3.7805833617846174,-0.8131548517390641
1996-06-20,18,40.8296913029948,43.85881297570492,9.396699992815655,3.0291216727101187
1996-06-21,18,28.77254541361084,24.10328218813409,9.838666653633119,-4.669263225476747
1997-06-01,18,30.573120529409028,38.051186413519986,2.594750015934308,7.478065884110958
1997-06-02,18,33.38010476274738,42.733064395827284,3.1821833372116086,9.352959633079905
1997-06-03,18,24.890058776503427,30.84166447548959,1.5744000057379406,5.951605698986164
1997-06-04,18,32.77516618983435,41.80862431931588,4.399883353710174,9.03345812948153
1997-06-06,18,29.17506363246122,36.301161471717705,2.369583326578141,7.126097839256484
1997-06-07,18,23.228712986766734,28.42443536548304,2.5837333366274833,5.1957223787163045
1997-06-08,18,44.89021677683297,53.650697193500264,7.559683322906494,8.760480416667292
1997-06-09,18,40.03053739167895,50.47060208378822,5.554583303133646,10.440064692109274
1997-06-10,18,33.31770759952893,42.81697997660514,3.5505333622296655,9.49927237707621
1997-06-11,18,22.408496197934586,27.43639310486179,2.2846833368142443,5.027896906927204
1997-06-12,18,18.461284869356856,14.766782016847987,6.910333307584127,-3.694502852508869
1997-06-13,18,43.22171032249429,51.77447859552663,4.362266659736633,8.552768273032342
1997-06-14,18,27.428144147110853,34.81295770563993,2.5083999902009966,7.384813558529078
1997-06-15,18,24.37387320754601,19.583750183932725,8.697066672643023,-4.790123023613283
1997-06-16,18,31.389999086340165,39.5607927179654,2.4651500006516773,8.170793631625234
1997-06-17,18,36.65334546667731,46.451950206022474,3.466749991973241,9.798604739345166
1997-06-18,18,20.480324786699942,18.68103005784968,4.589250020186107,-1.7992947288502634
1997-06-19,18,23.67556587806681,20.455308055538193,8.577516706784566,-3.220257822528616
1997-06-20,18,30.915791683346466,26.059784871799454,9.643333347638446,-4.856006811547012
2021-06-01,18,37.53876624007799,47.992154170261216,3.6868833223978674,10.453387930183226
2021-06-02,18,24.21035699110026,30.45875221937325,2.8943333228429156,6.24839522827299
2021-06-03,18,20.160061440111523,24.424831267649186,1.8522166742632784,4.264769827537663
2021-06-04,18,16.036437277298393,12.404170946026422,6.152899984518687,-3.632266331271971
2021-06-05,18,19.964798280361794,18.949165881065237,6.701666688919068,-1.0156323992965568
2021-06-06,18,19.211778516460715,16.85845737945807,6.8279332955678305,-2.353321137002645
2021-06-07,18,16.29201430454445,16.875569170600276,4.24654997587204,0.5835548660558274
2021-06-08,18,26.975903101318064,33.2786166476337,4.6354000409444165,6.302713546315633
2021-06-09,18,33.106489448163586,39.46909849624339,6.4042166868845625,6.362609048079804
2021-06-10,18,18.609256507672956,19.822618595259254,5.002716648578644,1.2133620875862974
2021-06-11,18,15.938159133467355,14.467117319764345,5.2652166803677884,-1.4710418137030103
2021-06-12,18,30.927113876666123,39.63058025348339,2.7718499928712848,8.703466376817264
2021-06-13,18,30.926791249158814,39.36406165236015,4.154466648896535,8.437270403201335
2021-06-14,18,23.834693649026615,29.930492221949887,3.021416672070822,6.095798572923272
2021-06-15,18,23.00522691124915,28.843820270250827,2.1751833212872347,5.838593359001678
2021-06-16,18,16.487782062787442,15.478072174765483,3.880983330806096,-1.009709888021959
2021-06-17,18,18.02897605314183,15.130917998182174,5.205399978160859,-2.8980580549596553
2021-06-18,18,21.763822228736924,16.79210367369888,8.077250067392985,-4.971718555038045
2021-06-19,18,17.71622267646011,14.653479901692581,6.820049977302551,-3.0627427747675284
2021-06-20,18,37.80798194983983,33.308093539605466,9.855633330345153,-4.499888410234362
2021-06-21,18,41.03659799078885,50.93971810026156,3.9423833330472307,9.90312010947271
2022-06-01,18,34.11011810818415,41.67402284899018,3.7379666745662687,7.563904740806024
2022-06-02,18,32.280662504252845,40.72014366917614,2.6577166467905045,8.439481164923293
2022-06-03,18,20.961768300189544,25.562444851190424,3.0114166716734565,4.6006765510008805
2022-06-04,18,15.665746181960753,13.7398168916455,4.516366668542227,-1.9259292903152527
2022-06-05,18,37.572448773127434,39.64874868417435,9.219383335113527,2.0762999110469167
2022-06-06,18,29.352039115855188,35.411177003192535,2.0083166653911273,6.0591378873373465
2022-06-07,18,32.35191796709036,41.25989631442742,3.818249994516372,8.907978347337064
2022-06-08,18,47.69522497476039,59.75835720964797,5.267099984486897,12.063132234887576
2022-06-09,18,18.512038863711506,20.910015385263375,3.663983336091041,2.3979765215518682
2022-06-10,18,14.668964831532453,14.026248508231394,3.754883340994517,-0.6427163233010589
2022-06-11,18,17.71445109016636,16.554031421224376,6.091783356666565,-1.1604196689419837
2022-06-12,18,26.25001153715454,21.139887377466078,8.403899987538658,-5.110124159688461
2022-06-13,18,32.48705072876594,27.41968825800063,9.986466622352594,-5.067362470765307
2022-06-14,18,35.478185386144304,30.618188431046175,11.085900020599366,-4.859996955098129
2022-06-15,18,28.750774057052634,23.753772756147786,8.979250033696491,-4.997001300904849
2022-06-16,18,15.713619965081808,12.70426057722845,5.476249969005585,-3.009359387853358
2022-06-17,18,16.392497273413777,16.668159305873775,3.0930833319822937,0.2756620324599979
2022-06-18,18,21.316181410965303,23.025843949568948,5.6375333070755005,1.709662538603645
2022-06-19,18,18.646634434336097,14.480497881040936,7.192416675885518,-4.166136553295161
2022-06-20,18,17.528068609334735,13.499496263907314,6.72891666094462,-4.0285723454274205
2022-06-21,18,27.424274791482663,25.172493833627914,5.994733329614003,-2.2517809578547485
2023-06-01,18,19.789790655953926,21.218259123156184,2.5119333361585934,1.4284684672022578
2023-06-02,18,20.851535542808552,20.37073897647785,6.738366651535034,-0.480796566330703
2023-06-03,18,19.49066525375694,20.1755127160821,2.7132333417733503,0.684847462325159
2023-06-04,18,20.174473559048163,23.362613182065896,1.1628166718098025,3.188139623017733
2023-06-05,18,33.17697759659613,42.32977733581278,3.2684833407402034,9.152799739216647
2023-06-06,18,21.106257139075726,25.435757299323786,1.3948999941349032,4.32950016024806
2023-06-07,18,19.439307325568304,21.72168587814414,1.9801833234106496,2.2823785525758353
2023-06-08,18,19.82270651927971,23.026076875717425,2.1874999895691873,3.2033703564377163
2023-06-09,18,20.484100385112914,24.49340536236158,2.034900005534291,4.009304977248668
2023-06-10,18,27.529258562355306,30.616633615296724,2.9380666732788088,3.087375052941418
2023-06-11,18,62.55830817438101,74.24831388853156,7.250133347511292,11.690005714150544
2023-06-12,18,24.747678477340568,31.124460819216335,3.0318499932686485,6.376782341875767
2023-06-13,18,20.611034784464362,24.272037080192963,2.804200018445651,3.6610022957286006
2023-06-14,18,30.906491439058552,36.10925076461292,2.682816678285599,5.202759325554371
2023-06-15,18,20.36912065465277,23.795285434319094,3.8657666563987734,3.4261647796663226
2023-06-16,18,40.18603565023945,50.55067060003718,3.9779666821161905,10.364634949797733
2023-06-17,18,16.125686260074435,16.41696348207068,3.552716660499573,0.2912772219962463
2023-06-18,18,33.27184436829971,40.182338938000854,2.695950005948544,6.910494569701143
2023-06-19,18,28.690599452510316,31.918878500093765,6.9744166533152265,3.228279047583449
2023-06-20,18,30.0219845744768,34.82365777560365,6.4850833018620815,4.8016732011268495
2023-06-21,18,37.01803444624862,45.03987099000142,6.2584333141644795,8.021836543752798
2024-06-01,18,20.90274939617773,23.447076081350655,1.7427166569977997,2.5443266851729263
2024-06-02,18,21.107347635699146,17.758343868494574,8.032949980099996,-3.3490037672045716
2024-06-03,18,16.529441325231755,17.804707445832126,3.5262333412965146,1.2752661206003708
2024-06-04,18,17.646450274998355,13.663047711832686,7.174050013224283,-3.9834025631656687
2024-06-05,18,33.69773808237302,43.14578554007272,3.5397333403428397,9.448047457699701
2024-06-06,18,25.23837409102261,31.742852007098573,2.8116833209991454,6.504477916075963
2024-06-07,18,24.816157163881773,22.676112751811193,8.311183333396913,-2.14004441207058
2024-06-08,18,32.95628854248969,30.50423555939449,7.111816692352295,-2.4520529830951965
2024-06-09,18,50.91638355404149,63.38520223166161,6.0077667236328125,12.46881867762012
2024-06-10,18,30.992080358390115,37.41739379104578,5.687966680526734,6.425313432655667
2024-06-11,18,16.96803665593038,17.730368731635206,3.6696166654427844,0.7623320757048262
2024-06-12,18,18.162698397183714,14.557257802988243,5.82414999405543,-3.6054405941954712
2024-06-13,18,21.60713708281757,16.813162415962662,7.611416673660279,-4.793974666854908
2024-06-14,18,32.29291659920669,38.956685581889886,2.383049999658639,6.6637689826831945
2024-06-15,18,22.1510153243478,18.066160788794274,8.082766711711884,-4.084854535553525
2024-06-16,18,25.6395788455206,21.02516440767746,9.228683352470398,-4.614414437843138
2024-06-17,18,32.416910799274646,28.85212746405769,10.35750002861023,-3.564783335216955
2024-06-18,18,50.15486880086726,46.57845048952002,13.34483337402344,-3.57641831134724
2024-06-19,18,28.172285609087286,36.07651850537857,2.3504333222905793,7.904232896291287
2024-06-20,18,17.267620876111092,17.998349590116913,4.500000027815501,0.7307287140058207
2024-06-21,18,18.2559300979046,13.957910717423548,6.993766641616822,-4.298019380481051
2025-06-01,18,24.803078689418005,30.5028862806323,1.2513666606197755,5.699807591214295
2025-06-02,18,22.298959604492634,21.29887304512126,7.344083333015442,-1.0000865593713755
2025-06-03,18,34.02126961685025,28.964689306115037,10.516166655222577,-5.05658031073521
2025-06-04,18,35.10506349580669,44.29594418371066,3.0498999953269954,9.19088068790397
2025-06-05,18,21.567816589857966,26.701925253086134,2.2174833238124845,5.134108663228169
2025-06-06,18,22.353777775423342,27.286434990869825,0.8547999978686377,4.932657215446483
2025-06-07,18,51.53264204361031,60.70707449181309,5.772716649373373,9.17443244820278
2025-06-08,18,22.00322154810973,20.1620796222138,4.735150015354156,-1.8411419258959327
2025-06-09,18,47.64289003846689,54.38688805176082,5.588199989000956,6.743998013293933
2025-06-10,18,21.80004264271677,21.86868462042317,3.531933337450027,0.0686419777063989
2025-06-11,18,19.85230679836727,21.533695623959577,5.307616643110911,1.6813888255923075
2025-06-12,18,25.12061141627625,28.658288937583823,5.8133833527565,3.5376775213075717
2025-06-13,18,18.897485437760633,20.5957021199353,1.999133328100046,1.6982166821746674
2025-06-14,18,25.584651047138014,31.780627946630606,3.8171333134174343,6.195976899492592
2025-06-15,18,30.490413272707226,37.84328398211417,5.043166661262513,7.352870709406947
2025-06-16,18,17.49288860005645,19.432671475467213,2.337366662422816,1.9397828754107636
2025-06-17,18,30.91296462056074,30.842979908881357,8.839949981371564,-0.06998471167938192
2025-06-18,18,30.434784108118695,26.123735852269856,8.206816673278809,-4.3110482558488386
2025-06-19,18,16.586232447201976,17.50602401895807,3.5966333230336507,0.9197915717560932
2025-06-20,18,31.33289822435641,26.17126912144307,9.928233265876768,-5.161629102913338
2025-06-21,18,49.81564189720419,45.253133244564,13.301166693369547,-4.56250865264019
1994-06-01,20,20.243335273229697,20.07903637143855,6.9623166958491005,-0.16429890179114537
1994-06-02,20,15.955956239924973,15.819899991571301,3.8178499976793923,-0.1360562483536718
1994-06-03,20,35.36448340383545,44.37895171449834,4.0437833130359655,9.014468310662892
1994-06-04,20,15.637419121707353,13.432090449599489,6.121183323860168,-2.205328672107864
1994-06-05,20,27.95278596098281,26.01914910955391,9.969833318392437,-1.933636851428897
1994-06-06,20,24.64729393154461,28.909939567499226,5.273449997107188,4.262645635954616
1994-06-07,20,21.987228210965327,20.5240121004089,8.245433314641318,-1.4632161105564272
1994-06-08,20,33.857547441036544,42.12720370542665,4.537816661596298,8.269656264390107
1994-06-09,20,31.309673244493524,38.141156840102,5.229916654030482,6.831483595608475
1994-06-10,20,29.028873561811082,35.85448181411958,4.1482000052928925,6.825608252308498
1994-06-11,20,22.833079793420545,23.454352503025785,7.296500007311503,0.6212727096052397
1994-06-12,20,22.38733561411044,20.455018206228868,8.321433281898498,-1.9323174078815732
1994-06-13,20,39.78852297440359,36.791415589365116,12.19866665204366,-2.9971073850384755
1994-06-14,20,54.30232576985007,51.96435477225687,14.387500063578292,-2.337970997593203
1994-06-15,20,60.98363426453777,60.248322871846696,15.194666735331218,-0.7353113926910737
1994-06-16,20,36.76391811200638,35.65741853792839,11.491999959945677,-1.1064995740779864
1994-06-18,20,17.905892309269703,19.016533509020956,3.8739833156267802,1.110641199751253
1994-06-19,20,21.894195681057795,24.98932547216751,4.867050011952719,3.0951297911097164
1994-06-20,20,17.59068891734926,18.454578615882003,4.118283337354661,0.8638896985327413
1994-06-21,20,18.586354710678243,20.36653968931162,3.8236333390076958,1.7801849786333754
1995-06-01,20,36.03831150076448,40.631836006836224,3.205466675758361,4.593524506071745
1995-06-03,20,25.606952465263134,27.87354477141236,7.429400022824605,2.2665923061492244
1995-06-04,20,18.427475882774466,15.198691987547566,5.2897333582242325,-3.2287838952269006
1995-06-05,20,22.539126379866623,25.78453756149933,2.695216656724612,3.245411181632708
1995-06-06,20,17.124321624676085,14.814616570819108,6.979366676012675,-2.3097050538569768
1995-06-07,20,18.998288291009345,14.284702020887597,7.142700044314067,-4.713586270121748
1995-06-08,20,57.03643467171838,66.01513477507993,9.727000069618226,8.978700103361547
1995-06-09,20,21.465851817981005,20.885795979884964,7.6447166760762535,-0.5800558380960403
1995-06-10,20,68.65436599063739,81.52012646412696,7.925433357556661,12.865760473489573
1995-06-11,20,54.60087366648041,64.17736223485025,5.734816658496857,9.57648856836984
1995-06-12,20,33.59763009974003,40.00645829552191,2.88426665465037,6.408828195781879
1995-06-13,20,19.283582573357222,17.6325619367578,7.3110666672388716,-1.6510206365994229
1995-06-14,20,25.460312762718203,21.14160844360286,9.192966643969218,-4.318704319115344
1995-06-15,20,24.87266067614405,22.141665547449417,9.549000016848249,-2.7309951286946337
1995-06-16,20,19.7601192011037,18.09201673752857,7.537133312225342,-1.6681024635751278
1995-06-17,20,21.034414046702658,21.346784287243967,6.877850008010864,0.31237024054130913
1995-06-18,20,24.220609974515583,25.215292339675816,7.244266613324482,0.9946823651602337
1995-06-19,20,18.334092845354412,17.413728172122266,6.296316687266032,-0.9203646732321467
1995-06-20,20,20.774575361435346,21.982682485287423,5.97408332824707,1.208107123852077
1995-06-21,20,22.044405838998763,25.765449736653043,4.1411333551009495,3.7210438976542797
1996-06-01,20,48.89297786913306,59.54305364761977,4.968966670831045,10.650075778486709
1996-06-02,20,27.264851029402884,28.226092994515472,3.133633319536845,0.9612419651125883
1996-06-03,20,38.49150247303932,47.610571294162654,3.542900015910466,9.119068821123335
1996-06-04,20,51.97965380511884,62.4812799180868,7.894066619873047,10.501626112967955
1996-06-05,20,26.53792052433183,23.04343272654833,9.752666648228963,-3.4944877977835027
1996-06-06,20,61.24940736626748,69.83799644992038,6.430866644779845,8.588589083652906
1996-06-07,20,70.27556091970823,80.73795971227904,8.083900014559427,10.46239879257081
1996-06-08,20,60.81852341796066,73.37486058375238,6.911499993006387,12.556337165791717
1996-06-09,20,41.20454311784887,49.42343988120227,3.6056500057379397,8.2188967633534
1996-06-10,20,21.0734307263102,22.851271010541485,2.295699996252855,1.777840284231285
1996-06-11,20,17.664198819794855,18.12430625123186,3.750250013669332,0.46010743143700594
1996-06-12,20,19.754973800427926,21.81817082657857,4.570033331712088,2.063197026150643
1996-06-13,20,25.088549040570996,29.33207187469876,5.389783334732056,4.243522834127763
1996-06-14,20,25.539147754818153,20.530026909137124,8.77653329372406,-5.0091208456810286
1996-06-15,20,22.073345111633465,25.061826820752866,5.826300017038982,2.9884817091194016
1996-06-16,20,22.173310869229482,17.735797581494875,6.552133321762085,-4.437513287734607
1996-06-17,20,37.512710901399345,43.07304359763911,3.288283334175746,5.560332696239769
1996-06-18,20,22.961765462467376,18.290448777448677,7.120616658528646,-4.671316685018699
1996-06-19,20,20.17703432725854,21.74220648469453,5.27124999364217,1.5651721574359918
1996-06-20,20,35.28241913837773,37.524078238604105,9.499000032742817,2.2416591002263715
1996-06-21,20,23.06345052434434,19.648970356257838,8.866983318328858,-3.4144801680865022
1997-06-01,20,34.8190180845795,42.45571254916723,2.733533307909966,7.636694464587734
1997-06-02,20,43.42040497040075,54.35470283177551,4.800899990399679,10.934297861374759
1997-06-03,20,29.2691934380588,33.757519479862054,1.7885666683316233,4.488326041803255
1997-06-04,20,50.38299426512913,62.12947381753321,6.323566627502442,11.746479552404082
1997-06-06,20,35.978915904657896,44.15569732430224,3.9400999863942463,8.176781419644342
1997-06-07,20,16.314169456537023,16.69127397828584,3.202433337767919,0.3771045217488158
1997-06-08,20,39.99097499568727,47.06999829339412,7.375783316294352,7.079023297706854
1997-06-09,20,44.412745149520575,55.07380079747465,6.173983319600423,10.661055647954072
1997-06-10,20,40.4363650376979,50.43343326352053,5.251349993546804,9.99706822582263
1997-06-11,20,24.72083527599429,19.5690498296623,8.612000004450481,-5.1517854463319885
1997-06-12,20,17.48441455244953,15.134799043416951,6.391499988238016,-2.349615509032578
1997-06-13,20,55.69726708382933,65.12811875260208,5.8556000113487245,9.430851668772746
1997-06-14,20,31.22763022529945,38.6449615017345,2.849399997790654,7.41733127643505
1997-06-15,20,21.720823671763988,17.744613489358148,7.63421668211619,-3.97621018240584
1997-06-16,20,36.370278495228405,45.31635519846944,3.5217499991257983,8.946076703241033
1997-06-17,20,42.81405395551781,53.19676205911557,5.274600001176198,10.382708103597764
1997-06-18,20,26.282901510644415,23.26411098943588,5.837299998601277,-3.0187905212085333
1997-06-19,20,23.03501866779034,19.807109553981892,9.090333310763043,-3.2279091138084475
1997-06-20,20,35.32627384266888,32.41555588194748,11.523000033696492,-2.9107179607213993
2021-06-01,20,30.3315294988042,37.5352524287743,2.055533331632614,7.203722929970098
2021-06-02,20,24.322343968465347,28.033619104827356,2.1188166817029317,3.7112751363620085
2021-06-03,20,20.27153027248837,21.46593460743838,2.2867833269139135,1.1944043349500113
2021-06-04,20,15.669133727206372,12.02595184406766,5.787950003147125,-3.6431818831387126
2021-06-05,20,19.657023059087365,19.705937564204877,6.817916711171468,0.048914505117512164
2021-06-06,20,20.514822366356924,21.503361040161142,6.5260000387827555,0.9885386738042179
2021-06-07,20,26.438469535231533,32.16449767073155,4.873716664314269,5.726028135500016
2021-06-08,20,26.02848473871793,30.9352569989133,5.2726833581924435,4.906772260195371
2021-06-09,20,22.220955512191765,25.354515059303882,5.413166662057241,3.1335595471121174
2021-06-10,20,17.843274257746366,18.35184729956494,5.194766652584076,0.5085730418185754
2021-06-11,20,14.927544214605,12.735793254045038,5.56938331524531,-2.191750960559961
2021-06-12,20,35.58370004295024,44.835006010824245,3.485649982094765,9.2513059678740035
2021-06-13,20,28.630933897152957,35.68177897384717,4.000766678651174,7.050845076694216
2021-06-14,20,18.525236299038518,20.667539378942326,3.428399986028671,2.142303079903808
2021-06-15,20,19.383381825447188,21.63708284076677,2.8542166630427044,2.2537010153195816
2021-06-16,20,14.679929503223512,12.901094589370768,4.731333327293397,-1.7788349138527444
2021-06-17,20,17.184251896361324,12.963693617226415,6.610133349895477,-4.220558279134909
2021-06-18,20,22.178543391589727,17.881478810359138,8.473733345667519,-4.29706458123059
2021-06-19,20,18.32718551420654,15.207490601838376,7.671083347002665,-3.119694912368164
2021-06-20,20,34.50659732910832,29.96864703982443,9.144900012016297,-4.537950289283888
2021-06-21,20,60.39219288829794,73.2113452497273,7.426216665903727,12.81915236142936
2022-06-01,20,56.38110532719388,68.5309032720342,6.21464999516805,12.149797944840316
2022-06-02,20,38.549691204940046,48.02457416712757,3.6902000049750012,9.474882962187522
2022-06-03,20,17.397796824776485,18.299975837820153,3.9835166692733766,0.9021790130436678
2022-06-04,20,15.603128633221182,13.118214636920673,5.687799970308939,-2.4849139963005094
2022-06-05,20,20.675262635758145,21.38545752008068,6.845300006866455,0.7101948843225365
2022-06-06,20,24.917401281583956,29.31337408207067,1.4147500020141404,4.395972800486714
2022-06-07,20,27.21237282409792,33.38089335991111,4.5613833427429205,6.168520535813194
2022-06-08,20,55.66519131784939,68.12442934298457,6.536549981435139,12.459238025135178
2022-06-09,20,17.98092322360013,19.870762151573505,4.244599990049998,1.8898389279733756
2022-06-10,20,14.761038373192918,13.712244492516003,4.2447499950726835,-1.0487938806769144
2022-06-11,20,18.230534376789045,16.98598407415383,7.025449991226196,-1.244550302635215
2022-06-12,20,21.25131294117417,16.872991134470222,7.9660166978836076,-4.378321806703948
2022-06-13,20,33.99902920777129,30.84232813867273,11.336666663487753,-3.156701069098556
2022-06-14,20,35.38075579649673,31.97814123239254,11.426166677474976,-3.402614564104187
2022-06-15,20,25.07331787854983,20.06024675719542,8.146850005785625,-5.013071121354411
2022-06-16,20,15.94852102972466,12.43871573728865,6.586850023269653,-3.5098052924360097
2022-06-17,20,16.167961307326856,15.194293098137425,5.176300036907197,-0.9736682091894302
2022-06-18,20,21.466359974253265,22.42992868443596,6.799050013224284,0.9635687101826953
2022-06-19,20,20.924150647945226,20.767815172261887,7.37871663570404,-0.1563354756833384
2022-06-20,20,18.054526552153668,14.429500606065066,7.2457000335057575,-3.625025946088602
2022-06-21,20,16.559741835979032,13.988872216342802,4.841566669940948,-2.5708696196362304
2023-06-01,20,38.86610155273898,48.44677032733844,3.6921499888102214,9.58066877459946
2023-06-02,20,21.037259481359627,22.534977218609935,6.258249990145365,1.4977177372503085
2023-06-03,20,21.760647605706126,22.68869861348693,2.1138833254575733,0.9280510077808053
2023-06-04,20,29.439948561239333,35.83345372502576,1.8542333369453754,6.393505163786429
2023-06-05,20,23.647566153502837,28.755085700108314,3.723216654857,5.107519546605477
2023-06-06,20,28.05787207113608,33.624419181609184,1.7301833416024834,5.566547110473103
2023-06-07,20,19.35865414928879,20.78840628292153,1.7495666660989322,1.4297521336327428
2023-06-08,20,17.88282578748408,18.52185720398042,2.3914999934534236,0.6390314164963407
2023-06-09,20,17.53747365221573,18.06641340524875,2.5238833387692763,0.5289397530330184
2023-06-10,20,32.76283937453053,35.68511849529851,3.181250015894572,2.922279120767982
2023-06-11,20,60.83956552225726,72.84178913798495,6.751750008265177,12.002223615727686
2023-06-12,20,20.588088879231805,22.95761220764442,2.094316665579875,2.3695233284126154
2023-06-13,20,17.895386065037847,18.42673363600093,2.5365999965618053,0.5313475709630815
2023-06-14,20,36.39932933732018,42.85982314771856,2.7212500055631,6.460493810398376
2023-06-15,20,20.541063460326058,22.215132086628206,5.927783330281576,1.674068626302148
2023-06-16,20,37.99176008394902,47.057514298552704,3.284816668430964,9.065754214603686
2023-06-17,20,15.231982557639618,13.413773754902696,5.330699988206228,-1.8182088027369225
2023-06-18,20,37.39867169131621,42.443860323707895,3.349400003751119,5.045188632391685
2023-06-19,20,25.722916400871824,28.745642461880163,6.781049982706706,3.0227260610083384
2023-06-20,20,33.837311614122214,39.20490527336818,7.4033833583196005,5.367593659245969
2023-06-21,20,34.27373269273444,42.651990888831094,3.795249996582667,8.378258196096652
2024-06-01,20,21.145296725025432,23.440178875516924,1.9415499915679293,2.2948821504914925
2024-06-02,20,25.596507669154967,24.660740055714026,9.04848333199819,-0.935767613440941
2024-06-03,20,22.64379160250406,26.805869288129568,1.3280666530132292,4.162077685625508
2024-06-04,20,19.422019105911197,19.86184244264223,6.5510666529337565,0.4398233367310347
2024-06-05,20,33.58784724004915,41.679325680193315,2.8810666600863133,8.091478440144165
2024-06-06,20,33.493948312575256,41.81317018673431,4.658783316612243,8.319221874159055
2024-06-07,20,19.288019205437152,18.09504770463192,7.0894499937693265,-1.192971500805232
2024-06-08,20,33.48799506789496,35.48927896903929,3.7227666775385533,2.0012839011443333
2024-06-09,20,62.545430235330244,75.491140983044275,7.607166671752929,12.945710747714031
2024-06-10,20,28.529564196021767,34.978513902181035,4.705383348464966,6.448949706159269
2024-06-11,20,18.014921994601053,19.471954078775386,4.403033300240835,1.4570320841743332
2024-06-12,20,17.947644477338258,14.363812667354996,7.244266645113628,-3.5838318099832627
2024-06-13,20,22.357187855284465,17.276562520559803,8.199266688028972,-5.080625334724662
2024-06-14,20,28.00656403300419,31.39018149671187,1.7289333429808424,3.383617463707683
2024-06-15,20,20.648020631801884,17.180269270262816,8.177616635958355,-3.4677513615390687
2024-06-16,20,29.03077602861569,25.300809114193026,10.037183308601376,-3.729966914422665
2024-06-17,20,35.587941691352924,34.60785676510443,11.170666710535691,-0.9800849262484945
2024-06-18,20,41.97979669619539,39.87906608214489,12.568666664759315,-2.100730614050505
2024-06-19,20,19.506761795470908,21.838921188573675,2.3811166753371555,2.332159393102767
2024-06-20,20,18.83303380952342,19.311509900615736,6.011833318074545,0.4784760910923147
2024-06-21,20,20.30692350127645,15.859659528451036,7.680616648991902,-4.447263972825414
2025-06-01,20,28.789547276038547,32.925797068773576,1.7126500124732655,4.136249792735029
2025-06-02,20,22.328729802296422,21.550101108201364,8.11818331082662,-0.7786286940950582
2025-06-03,20,26.795685287092375,23.930803648371036,7.609399994214376,-2.8648816387213394
2025-06-04,20,38.1438687812786,48.02109064965403,4.110383351643881,9.877221868375429
2025-06-05,20,18.125800826626666,20.5653778270886,3.730316654841105,2.4395770004619344
2025-06-06,20,22.7724664216233,27.111391865342032,1.3137333326041698,4.338925443718733
2025-06-07,20,45.15517218914303,52.04186121761492,4.400650040308635,6.886689028471892
2025-06-08,20,19.74456962095025,16.755909668654756,4.715916653474172,-2.988659952295496
2025-06-09,20,56.87774908615738,63.35585335645057,6.545283345381419,6.478104270293187
2025-06-10,20,21.684605659334196,22.54490897188551,2.213400004245341,0.8603033125513129
2025-06-11,20,21.29645346698632,20.845795570043695,7.863333352406819,-0.4506578969426265
2025-06-12,20,22.515800363555414,26.58133263395784,4.521766674518585,4.065532270402425
2025-06-13,20,27.845530760183088,34.74059704816476,2.9304833292961123,6.89506628798167
2025-06-14,20,16.965937620008766,17.278425422958502,4.357183337211609,0.312487802949736
2025-06-15,20,21.720525784052143,25.104203188285513,3.2204499959945685,3.383677404233371
2025-06-16,20,16.574725495987323,16.23401854791145,3.3873000025749205,-0.3407069480758729
2025-06-17,20,28.60818138387978,27.475425285023963,9.729983337720235,-1.1327560988558183
2025-06-18,20,26.146544678903396,23.063127810628256,5.740133313337963,-3.0834168682751404
2025-06-19,20,15.436670602867586,14.475004648919107,5.172199976444245,-0.9616659539484793
2025-06-20,20,35.960938684051456,31.48698132892645,10.941433342297874,-4.473957355125005
2025-06-21,20,49.2112764312064,46.04539610899731,13.42400002479553,-3.165880322209091
1994-06-01,22,20.37082537257409,20.57898517976899,8.20188333193461,0.20815980719489957
1994-06-02,22,16.187518633267146,16.05772243880421,5.3194000124931335,-0.1297961944629371
1994-06-03,22,48.43035946663748,56.255673039845476,4.851450006167093,7.825313573207993
1994-06-04,22,15.695843062592765,13.941614208758022,7.075633351008097,-1.7542288538347428
1994-06-05,22,21.997179212611137,21.247720783585596,9.269266668955485,-0.749458429025541
1994-06-06,22,19.402412856493783,20.625496329811067,5.242216666539511,1.2230834733172848
1994-06-07,22,21.317815933838347,21.971210431932942,8.29425003528595,0.6533944980945954
1994-06-08,22,37.32307719132743,44.161216380228964,5.382033336162567,6.838139188901536
1994-06-09,22,40.71369164053013,48.013519962210864,4.840450004736582,7.299828321680735
1994-06-10,22,33.70775477708936,39.651371763011795,5.4813500126202905,5.943616985922432
1994-06-11,22,19.522077238372525,20.94930490655504,5.877849972248078,1.427227668182514
1994-06-12,22,20.408702890989794,18.999345704524988,9.021266667048138,-1.4093571864648062
1994-06-13,22,34.67336892357986,34.28097582575293,11.678999980290733,-0.39239309782692544
1994-06-14,22,51.4075240031156,52.958289473900834,14.394499985376994,1.5507654707852367
1994-06-15,22,37.809089895181316,38.756819606735746,12.356999953587852,0.9477297115544303
1994-06-16,22,31.275749326753925,32.2388581859413,11.099000040690102,0.963108859187372
1994-06-18,22,22.447317570092515,24.972600045436135,5.189050018787384,2.5252824753436194
1994-06-19,22,21.280713470461407,22.629982203242708,6.996750044822693,1.3492687327813009
1994-06-20,22,15.277881811943494,13.923809054676251,4.954099996884663,-1.354072757267243
1994-06-21,22,20.1170218813576,21.83105077382451,5.436316645145416,1.71402889246691
1995-06-01,22,40.77272279837578,43.89710514745309,3.119466668367386,3.124382349077308
1995-06-03,22,40.8376181842805,43.89758617190286,9.04586664835612,3.0599679876223576
1995-06-04,22,15.621794043473123,14.16472226006631,4.5242666880289715,-1.457071783406814
1995-06-05,22,14.825309017234623,12.236360365091972,4.215699990590414,-2.5889486521426512
1995-06-06,22,15.586348991316065,13.679298188389044,7.3233833392461145,-1.9070508029270208
1995-06-07,22,17.68004918936463,13.37806393303757,6.325216674804688,-4.301985256327061
1995-06-08,22,60.6363730509575,67.8758335295542,11.5560000260671,7.239460478596698
1995-06-09,22,14.010046579324886,11.731059188296992,4.601433304945628,-2.2789873910278935
1995-06-10,22,57.926926592205746,66.96018687464422,6.301483352979024,9.033260282438476
1995-06-11,22,59.16228637940965,66.04333809765949,5.922500006357829,6.881051718249836
1995-06-12,22,31.51969302418791,35.11270598435635,2.0911166521410145,3.593012960168444
1995-06-13,22,16.677617156345157,15.12911375312952,7.336383310953775,-1.548503403215637
1995-06-14,22,23.12390924350028,21.50179338482639,9.424950011571244,-1.6221158586738902
1995-06-15,22,23.34736025368327,22.62715853264265,9.660749936103818,-0.7202017210406204
1995-06-16,22,19.33880523853378,19.057136611722523,7.829933381080627,-0.28166862681125693
1995-06-17,22,28.328722096710088,31.23914365797791,8.372950013478597,2.910421561267821
1995-06-18,22,22.118654204019535,23.62785893442199,7.386599938074747,1.5092047304024554
1995-06-19,22,17.02628326256982,16.178205774956478,6.771366707483927,-0.8480774876133417
1995-06-20,22,17.241856697701188,17.011877659474774,6.717266670862834,-0.2299790382264142
1995-06-21,22,25.619897468648617,28.84608507603689,6.048233323295911,3.2261876073882725
1996-06-01,22,47.36198840402528,54.23606324370125,4.420133324464162,6.87407483967597
1996-06-02,22,34.99748417333984,34.68572367880702,3.499433323244254,-0.3117604945328196
1996-06-03,22,43.24429735005772,49.33211384030338,3.872916642824809,6.0878164902456575
1996-06-04,22,59.849916820607874,68.04039487359722,10.29249993165334,8.190478052989349
1996-06-05,22,31.69249822790625,30.090843418354122,10.856333303451539,-1.6016548095521266
1996-06-06,22,39.432009437324865,42.04818644184867,2.7955166796843205,2.6161770045238057
1996-06-07,22,75.70384357255568,83.47116442677039,8.247716728846232,7.767320854214702
1996-06-08,22,58.42937758451144,67.41839616763149,6.522333327929179,8.989018583120043
1996-06-09,22,42.05834342015028,48.12038894996479,3.574416675170263,6.062045529814512
1996-06-10,22,25.487457762038673,26.9367693719504,1.772866660356521,1.449311609911728
1996-06-11,22,15.755192150601218,14.433809631974878,6.144583328564962,-1.32138251862634
1996-06-12,22,20.998097718499608,22.49207845838208,3.4594333271185556,1.4939807398824705
1996-06-13,22,18.737257029775414,18.791861582883858,4.809250017007193,0.05460455310844381
1996-06-14,22,15.878566560673427,14.710519883362775,6.737899986902873,-1.1680466773106524
1996-06-15,22,15.443821397626245,14.924340025140392,4.345466657479603,-0.5194813724858527
1996-06-16,22,27.200759317232226,23.258704013134672,5.951216665903727,-3.942055304097554
1996-06-17,22,35.10749632499328,35.57639365858522,3.0118666738271713,0.46889733359193997
1996-06-18,22,24.681372235201884,20.406876720354806,7.376066700617473,-4.274495514847079
1996-06-19,22,21.59273813303698,22.87385076461204,7.527750023206075,1.2811126315750592
1996-06-20,22,35.305100205677576,38.305314787166026,10.399333381652836,3.00021458148845
1996-06-21,22,19.855885458373216,17.092322654361144,8.47618333498637,-2.7635628040120714
1997-06-01,22,38.72024279703433,44.02179226916441,3.3247333327929174,5.301549472130077
1997-06-02,22,40.94149042608065,47.45214190761362,3.7846666673819227,6.510651481532975
1997-06-03,22,35.37333674004739,39.661556341372204,2.296083335081737,4.288219601324812
1997-06-04,22,45.72650029847762,52.433809955335974,4.109333336353302,6.707309656858357
1997-06-06,22,24.415398401848748,27.64298514494787,4.700466656684875,3.2275867430991205
1997-06-07,22,21.69344899149717,20.790912681933516,1.8921500052014986,-0.9025363095636543
1997-06-08,22,19.90951421933225,21.81507749607199,5.787883313496907,1.9055632767397377
1997-06-09,22,46.66106294338961,55.090317871045656,6.644399976730346,8.429254927656046
1997-06-10,22,33.272846026085915,38.97253262819885,6.228916660944622,5.6996866021129335
1997-06-11,22,14.046721997301837,11.710614087429068,5.148166656494141,-2.3361079098727693
1997-06-12,22,15.640702783782814,12.82064185501672,6.403283309936524,-2.820060928766093
1997-06-13,22,57.00417131236142,62.81489455063996,5.51384996175766,5.810723238278541
1997-06-14,22,30.179798036738866,35.19633488366125,5.525733315944672,5.016536846922385
1997-06-15,22,19.164589293420114,15.74183329601696,7.64318331082662,-3.4227559974031543
1997-06-16,22,62.34157817822485,68.76621440920894,6.976500006516776,6.424636230984092
1997-06-17,22,44.34215974173492,52.20616347329003,5.145216659704845,7.8640037315551155
1997-06-18,22,24.637353782228082,20.441745622095777,6.590883366266886,-4.195608160132306
1997-06-19,22,22.93530401217273,21.017290765026747,9.467066685358684,-1.918013247145982
1997-06-20,22,37.50965056478242,37.179866922760525,12.110500033696498,-0.32978364202189425
2021-06-01,22,37.81923014982884,42.914104979720435,2.6808333377043403,5.0948748298915945
2021-06-02,22,23.710806899114765,25.610314267033576,1.889716664204995,1.8995073679188117
2021-06-03,22,20.916444298297108,20.719876419177222,2.0753500143686927,-0.19656787911988616
2021-06-04,22,14.466856669656465,11.128612560946411,5.361649994055431,-3.338244108710054
2021-06-05,22,16.743407253414013,17.03507100201296,5.710116672515869,0.29166374859894617
2021-06-06,22,18.695726772626642,19.221311299657696,6.36863333384196,0.5255845270310537
2021-06-07,22,20.68320069112677,22.925658307444007,4.277033348878225,2.2424576163172354
2021-06-08,22,16.088643939718345,14.520543517108063,5.770133336385091,-1.5681004226102822
2021-06-09,22,21.586508266407563,23.508817321365914,6.309549991289774,1.922309054958351
2021-06-10,22,15.915294719518442,14.830118539561052,5.772533349196116,-1.08517617995739
2021-06-11,22,15.906253703678502,15.177562011124909,6.46924999554952,-0.7286916925535927
2021-06-12,22,36.71227346176562,43.051956304483184,4.0837666670481365,6.339682842717565
2021-06-13,22,29.60141856567087,34.024964640089564,3.009083334604899,4.423546074418695
2021-06-14,22,20.5501658572258,20.993876571959863,2.5698500057061513,0.4437107147340633
2021-06-15,22,17.4966417569824,16.139432898384694,3.318116653958956,-1.357208858597705
2021-06-16,22,14.78576606213408,11.766080383338899,5.030600011348725,-3.019685678795181
2021-06-17,22,16.568868900261677,13.321981944550028,7.340166648228963,-3.2468869557116484
2021-06-18,22,22.591463700570017,20.994366631936483,9.578666639328002,-1.5970970686335342
2021-06-19,22,16.80200510448526,14.294160249481028,7.94291664759318,-2.507844855004233
2021-06-20,22,31.32491513544143,28.073493951270432,9.795216663678485,-3.2514211841709972
2021-06-21,22,49.8456513482255,58.384006273754764,5.651733303070069,8.538354925529262
2022-06-01,22,71.72143279071832,81.28960462267095,8.055650043487548,9.568171831952625
2022-06-02,22,36.68267046765601,42.699651863169095,3.7971499979496,6.016981395513085
2022-06-03,22,20.332938559680393,22.34518183744007,4.613233319918314,2.0122432777596764
2022-06-04,22,15.078595289500576,12.912310172477856,6.27818333307902,-2.1662851170227206
2022-06-05,22,16.23933521808057,16.237296918933662,5.534933324654897,-0.0020382991469070078
2022-06-06,22,24.237617982547775,25.01511820885273,0.9130000041797762,0.7775002263049551
2022-06-07,22,17.44686271632979,18.072682944553318,4.7289499878883365,0.6258202282235281
2022-06-08,22,49.42304895761539,58.130777570049446,6.06938332716624,8.707728612434053
2022-06-09,22,16.98305503687086,16.843266284796567,6.289133302370707,-0.13978875207429198
2022-06-10,22,15.57011416710084,14.267667095836725,4.11451666355133,-1.3024470712641154
2022-06-11,22,14.858739582122617,12.276145428830755,6.772416663169862,-2.5825941532918613
2022-06-12,22,17.24920989875642,13.925520182491322,7.6920833428700774,-3.323689716265097
2022-06-13,22,27.480363284399225,26.972742201668158,10.557333342234292,-0.5076210827310668
2022-06-14,22,36.649513983634805,36.4248719717977,12.104166714350379,-0.22464201183710486
2022-06-15,22,18.855801349997627,15.462234060762444,7.81818335056305,-3.3935672892351825
2022-06-16,22,16.596073095230558,13.045954747566636,6.992483321825663,-3.550118347663922
2022-06-17,22,16.799136086467342,16.372164084378195,6.9118499755859375,-0.42697200208914765
2022-06-18,22,15.770186199100038,15.043112247548688,6.238383340835572,-0.7270739515513505
2022-06-19,22,19.45595645097147,19.507263367656396,7.970533347129823,0.051306916684925596
2022-06-20,22,17.84541188063146,15.752638789235878,7.930416711171468,-2.092773091395582
2022-06-21,22,16.936578268977875,14.195591803188126,7.455633314450583,-2.7409864657897494
2023-06-01,22,38.32387276080462,44.652315573274805,5.654966680208842,6.328442812470186
2023-06-02,22,76.27175025382505,84.3816614076693,8.275199993451436,8.109911153844251
2023-06-03,22,21.311864880574973,20.6927883106182,1.632550007353227,-0.6190765699567713
2023-06-04,22,23.34233800906209,25.455346423718954,2.3932499836509424,2.113008414656864
2023-06-05,22,53.62199703438404,60.693407384344596,5.245766692360243,7.0714103499605585
2023-06-06,22,39.567315319228,44.696401788579465,3.359216682612897,5.1290864693514635
2023-06-07,22,22.17456263151339,20.044846294940573,4.5311333169539765,-2.129716336572816
2023-06-08,22,21.469407519887305,20.772361159678976,2.592049996058145,-0.6970463602083292
2023-06-09,22,15.891201735153686,14.276979510118291,3.463483323653539,-1.6142222250353946
2023-06-10,22,23.318065581382598,21.388262923695006,2.8447499871253963,-1.929802657687592
2023-06-11,22,59.43460530150051,68.58772035397811,6.560666688283285,9.153115052477602
2023-06-12,22,23.750957777792514,24.92950773676152,1.7780166655778882,1.178549958969004
2023-06-13,22,18.26004234397454,17.985837923689356,3.1061833520730344,-0.27420442028518366
2023-06-14,22,34.14030977808967,36.027019767432265,2.0709500054518384,1.8867099893425916
2023-06-15,22,27.67231660941988,30.962023202353816,7.800516692797343,3.2897065929339355
2023-06-16,22,35.78986512969222,40.306930912102004,2.500966661423445,4.517065782409787
2023-06-17,22,15.391638606459054,12.90918425709054,4.608516681194306,-2.4824543493685134
2023-06-18,22,37.705218524494086,38.814620116603834,3.1654666701952614,1.109401592109748
2023-06-19,22,21.679181657179882,23.712749324996775,6.777766664822897,2.033567667816893
2023-06-20,22,31.92581584376171,36.606315413314206,7.565133301417033,4.680499569552495
2023-06-21,22,30.22838683881247,35.305429666416074,3.5555666685104366,5.077042827603606
2024-06-01,22,19.06656973566603,19.587298590733422,3.457983334859212,0.520728855067393
2024-06-02,22,17.454280546096193,14.219901437083646,5.017716677983603,-3.234379109012547
2024-06-03,22,18.331367409930536,16.432287918629253,2.889383329947789,-1.8990794913012827
2024-06-04,22,16.516784160548596,16.308975713211357,6.3480500221252445,-0.20780844733723924
2024-06-05,22,22.5500310121965,23.753230288056603,1.8267333238075176,1.2031992758601042
2024-06-06,22,48.59104039629662,57.127174210217646,7.123349976539612,8.536133813921026
2024-06-07,22,18.299875569362136,17.280297327351295,8.327400008837381,-1.0195782420108408
2024-06-08,22,38.0401562490526,42.755353603328246,2.837750003735224,4.715197354275645
2024-06-09,22,58.814400062041216,68.51497925460872,7.545566646258036,9.700579192567503
2024-06-10,22,17.822813022174117,18.265106956371906,5.082866684595744,0.44229393419778873
2024-06-11,22,17.611209895391035,17.792612378519348,3.410116680463155,0.18140248312831275
2024-06-12,22,17.715704192297792,15.13200749073884,8.009583322207133,-2.583696701558953
2024-06-13,22,21.629994412120368,18.931028737274243,8.837600024541219,-2.698965674846125
2024-06-14,22,24.652076793897734,25.969811169392873,1.6119500062117977,1.3177343754951387
2024-06-15,22,20.263083522853194,19.842732537742076,8.829566669464112,-0.4203509851111171
2024-06-16,22,23.568093516307627,21.158046105146216,9.326399954160049,-2.410047411161411
2024-06-17,22,36.560329461784946,38.4490178999021,11.823666699727376,1.888688438117157
2024-06-18,22,42.44599387127727,42.55165920730181,12.917166646321613,0.10566533602454342
2024-06-19,22,18.972687206018357,20.028556506960083,3.970366664727529,1.0558693009417262
2024-06-20,22,16.76280733133776,16.6533973554511,6.149949955940246,-0.1094099758866598
2024-06-21,22,18.200124084455275,15.35013869008456,7.79321665763855,-2.849985394370716
2025-06-01,22,26.990275378814168,29.51493165452405,1.3779833311835923,2.5246562757098836
2025-06-02,22,23.809965808946686,25.053589661788603,8.697233390808107,1.2436238528419175
2025-06-03,22,35.630904756276465,40.32652040019323,5.57510002454122,4.695615643916767
2025-06-04,22,32.607201341448054,38.59489327093206,4.068733302752177,5.987691929484008
2025-06-05,22,27.621892431336448,31.67616493081731,3.301983340581258,4.054272499480863
2025-06-06,22,26.803169896134463,26.882150350381142,1.792983344197273,0.07898045424667899
2025-06-07,22,41.477177221127235,43.41626888940314,3.58261670867602,1.939091668275907
2025-06-08,22,43.61295242569216,49.54326239838767,3.73671664794286,5.930309972695511
2025-06-09,22,59.79162295470714,64.97191295231087,6.02545002301534,5.180289997603737
2025-06-10,22,16.440219903855365,14.397787645989556,5.2374000092347455,-2.0424322578658085
2025-06-11,22,14.680382710999872,13.096140322173458,5.611900015672048,-1.5842423888264143
2025-06-12,22,21.12497833446048,23.51089512111017,4.42421665986379,2.385916786649691
2025-06-13,22,32.06193355439489,37.795980149201,5.453783353169759,5.7340465948061095
2025-06-14,22,31.901146744423635,35.285171855993994,3.917749984562397,3.3840251115703595
2025-06-15,22,33.65355388100375,38.75435399322727,2.7999666531880694,5.100800112223517
2025-06-16,22,15.667656080687102,14.784216343291117,4.136766674121222,-0.8834397373959852
2025-06-17,22,28.008253888073966,29.29782669594896,10.125316675504049,1.2895728078749933
2025-06-18,22,31.459259964417768,29.123375588243814,4.5592999935150145,-2.3358843761739543
2025-06-19,22,15.673278581367057,14.730213482300417,6.444483335812887,-0.94306509906664
2025-06-20,22,36.070665558532866,34.241455913880614,11.318000078201294,-1.829209644652252
2025-06-21,22,54.785023551974376,54.733961332635374,14.497999954223634,-0.05106221933900201
